gain,plane,roi,rung,rung_pct,exptime,periods,patch,level,pedestal,signal_raw,monitor_factor,signal,repeat_spread,pinned_frac,usable,ccd_temp
50,R,128,0,25.0,15.825755,930.9267647058822,"85,255,235",1113.9349772135417,64.88227190290179,1049.05270531064,1.0017230535378931,1047.2472034700047,0.9648951026676708,0.0,True,-10.0
50,G1,128,0,25.0,15.825755,930.9267647058822,"85,255,235",1068.6002604166667,64.87901088169643,1003.7212495349703,1.0023680085426976,1001.3496700885727,0.3272766210686603,0.0,True,-10.0
50,G2,128,0,25.0,15.825755,930.9267647058822,"85,255,235",1067.19091796875,64.89858572823661,1002.2923322405134,1.0022250610710606,1000.0664086668872,0.683424621974798,0.0,True,-10.0
50,B,128,0,25.0,15.825755,930.9267647058822,"85,255,235",1093.88818359375,64.90562220982143,1028.9825613839287,1.0026646035625297,1026.2473598560916,0.6710962219640431,0.0,True,-10.0
50,R,256,0,25.0,15.825755,930.9267647058822,"85,255,235",1113.6453653971355,64.88227190290179,1048.7630934942338,1.0017325633871137,1046.948242710359,0.8257843672048198,0.0,True,-10.0
50,G1,256,0,25.0,15.825755,930.9267647058822,"85,255,235",1068.1408284505208,64.87901088169643,1003.2618175688243,1.002329079247022,1000.9299831372936,0.5037981149104475,0.0,True,-10.0
50,G2,256,0,25.0,15.825755,930.9267647058822,"85,255,235",1067.0253499348958,64.89858572823661,1002.1267642066591,1.002226156812813,999.9002049593997,0.6685426732051987,0.0,True,-10.0
50,B,256,0,25.0,15.825755,930.9267647058822,"85,255,235",1093.5909016927083,64.90562220982143,1028.685279482887,1.0027043641116755,1025.9103762022116,0.5652645917340784,0.0,True,-10.0
50,R,512,0,25.0,15.825755,930.9267647058822,"85,255,235",1111.2554931640625,64.88227190290179,1046.3732212611608,1.0017191798330045,1044.5766216614904,0.6819505570465398,0.0,True,-10.0
50,G1,512,0,25.0,15.825755,930.9267647058822,"85,255,235",1065.9219868977864,64.87901088169643,1001.0429760160899,1.0022967975308583,998.7483934264486,0.6157404496920573,0.0,True,-10.0
50,G2,512,0,25.0,15.825755,930.9267647058822,"85,255,235",1064.8371683756511,64.89858572823661,999.9385826474145,1.0023625848464162,997.581057333004,0.6695748522280359,0.0,True,-10.0
50,B,512,0,25.0,15.825755,930.9267647058822,"85,255,235",1091.2682342529297,64.90562220982143,1026.3626120431084,1.002639594606908,1023.6599564598449,0.6226798111950043,0.0,True,-10.0
50,R,1024,0,25.0,15.825755,930.9267647058822,"85,255,235",1102.5713284810383,64.88227190290179,1037.6890565781366,1.0017411092149322,1035.8847131669843,0.6700303359730863,0.0,True,-10.0
50,G1,1024,0,25.0,15.825755,930.9267647058822,"85,255,235",1057.5575091044109,64.87901088169643,992.6784982227144,1.0022640125330358,990.4354746632195,0.6199754030485819,0.0,True,-10.0
50,G2,1024,0,25.0,15.825755,930.9267647058822,"85,255,235",1056.6200281778972,64.89858572823661,991.7214424496606,1.0023002877128762,989.4447558335017,0.6295277973749325,0.0,True,-10.0
50,B,1024,0,25.0,15.825755,930.9267647058822,"85,255,235",1082.5444463094075,64.90562220982143,1017.638824099586,1.0026376700495188,1014.961070525056,0.6477198249609745,0.0,True,-10.0
50,R,128,1,31.0,19.623936,1154.3491764705882,"85,255,235",1362.519775390625,64.88227190290179,1297.6375034877233,0.9984642235432749,1299.6339892862916,2.045098917970541,0.0,True,-10.0
50,G1,128,1,31.0,19.623936,1154.3491764705882,"85,255,235",1306.2701009114583,64.87901088169643,1241.391090029762,0.9993615312756979,1242.185110403195,2.1734492567136936,0.0,True,-10.0
50,G2,128,1,31.0,19.623936,1154.3491764705882,"85,255,235",1304.779052734375,64.89858572823661,1239.8804670061384,0.9992055801855106,1240.867281252159,2.264791905452857,0.0,True,-10.0
50,B,128,1,31.0,19.623936,1154.3491764705882,"85,255,235",1337.7386881510417,64.90562220982143,1272.8330659412204,0.9998639703012886,1273.006861666134,2.092290629380637,0.0,True,-10.0
50,R,256,1,31.0,19.623936,1154.3491764705882,"85,255,235",1361.982177734375,64.88227190290179,1297.0999058314733,0.9985696470856557,1298.9587098239285,2.215647044025929,0.0,True,-10.0
50,G1,256,1,31.0,19.623936,1154.3491764705882,"85,255,235",1305.7962849934895,64.87901088169643,1240.9172741117932,0.9992446927181607,1241.8559411542067,2.0761221679607202,0.0,True,-10.0
50,G2,256,1,31.0,19.623936,1154.3491764705882,"85,255,235",1304.5137125651042,64.89858572823661,1239.6151268368676,0.9991904917652614,1240.6204261310195,2.243798239991004,0.0,True,-10.0
50,B,256,1,31.0,19.623936,1154.3491764705882,"85,255,235",1337.3982950846355,64.90562220982143,1272.4926728748142,0.9997520861907234,1272.8089633878765,2.1173798480858057,0.0,True,-10.0
50,R,512,1,31.0,19.623936,1154.3491764705882,"85,255,235",1359.0955200195312,64.88227190290179,1294.2132481166295,0.9986417735916993,1295.974430048688,2.3437944650855966,0.0,True,-10.0
50,G1,512,1,31.0,19.623936,1154.3491764705882,"85,255,235",1302.9808858235676,64.87901088169643,1238.1018749418713,0.9993199735185078,1238.9450562515688,2.0947129510493108,0.0,True,-10.0
50,G2,512,1,31.0,19.623936,1154.3491764705882,"85,255,235",1301.6635487874348,64.89858572823661,1236.7649630591982,0.9992971509772185,1237.635737959639,2.2607307124773284,0.0,True,-10.0
50,B,512,1,31.0,19.623936,1154.3491764705882,"85,255,235",1334.6136372884114,64.90562220982143,1269.70801507859,0.999812569577199,1269.9467562805467,2.108506605702155,0.0,True,-10.0
50,R,1024,1,31.0,19.623936,1154.3491764705882,"85,255,235",1348.2739664713542,64.88227190290179,1283.3916945684525,0.998626809407242,1285.157368949452,2.294584868066195,0.0,True,-10.0
50,G1,1024,1,31.0,19.623936,1154.3491764705882,"85,255,235",1292.6164067586262,64.87901088169643,1227.73739587693,0.999254168299578,1228.6545301497383,2.1455019441944074,0.0,True,-10.0
50,G2,1024,1,31.0,19.623936,1154.3491764705882,"85,255,235",1291.5150477091472,64.89858572823661,1226.6164619809106,0.9992384850614799,1227.5520947667644,2.201184884172797,0.0,True,-10.0
50,B,1024,1,31.0,19.623936,1154.3491764705882,"85,255,235",1323.7579917907715,64.90562220982143,1258.8523695809502,0.9998096694077834,1259.0926735809542,2.038128722274016,0.0,True,-10.0
50,R,128,2,38.0,24.055147,1415.0086470588235,"85,255,235",1655.4947102864583,64.88227190290179,1590.6124383835565,0.9999700671116635,1590.6598957527149,3.287632835044441,0.0,True,-9.833333333333334
50,G1,128,2,38.0,24.055147,1415.0086470588235,"85,255,235",1586.3763834635417,64.87901088169643,1521.4973725818454,1.0003473533889624,1520.9692206364014,2.8739963306114067,0.0,True,-9.833333333333334
50,G2,128,2,38.0,24.055147,1415.0086470588235,"85,255,235",1584.1569010416667,64.89858572823661,1519.25831531343,1.0002200428203365,1518.9245760349925,3.562261530894105,0.0,True,-9.833333333333334
50,B,128,2,38.0,24.055147,1415.0086470588235,"85,255,235",1624.6165364583333,64.90562220982143,1559.710914248512,1.00059710439623,1558.7802047492023,3.1689355520543008,0.0,True,-9.833333333333334
50,R,256,2,38.0,24.055147,1415.0086470588235,"85,255,235",1654.8226318359375,64.88227190290179,1589.9403599330358,0.9999990902256818,1589.941857384434,3.260589211655212,0.0,True,-9.833333333333334
50,G1,256,2,38.0,24.055147,1415.0086470588235,"85,255,235",1585.6139526367188,64.87901088169643,1520.7349417550224,1.0003345578357603,1520.2264449778404,2.900821517772459,0.0,True,-9.833333333333334
50,G2,256,2,38.0,24.055147,1415.0086470588235,"85,255,235",1583.9373168945312,64.89858572823661,1519.0387311662946,1.0004007416818814,1518.4304178955633,3.1801137394675334,0.0,True,-9.833333333333334
50,B,256,2,38.0,24.055147,1415.0086470588235,"85,255,235",1624.025410970052,64.90562220982143,1559.1197887602307,1.000662914732957,1558.0870653958139,3.0979497626386685,0.0,True,-9.833333333333334
50,R,512,2,38.0,24.055147,1415.0086470588235,"85,255,235",1651.1378377278645,64.88227190290179,1586.2555658249628,0.9999366559836055,1586.3561627284496,3.150973560525026,0.0,True,-9.833333333333334
50,G1,512,2,38.0,24.055147,1415.0086470588235,"85,255,235",1582.1474202473958,64.87901088169643,1517.2684093656994,1.0003604446565966,1516.7217973278402,2.898114279857579,0.0,True,-9.833333333333334
50,G2,512,2,38.0,24.055147,1415.0086470588235,"85,255,235",1580.4871622721355,64.89858572823661,1515.5885765438989,1.0004016573960361,1514.9801965322797,2.994142946892103,0.0,True,-9.833333333333334
50,B,512,2,38.0,24.055147,1415.0086470588235,"85,255,235",1620.5129954020183,64.90562220982143,1555.607373192197,1.0006659143130872,1554.5724070301505,3.0286210411758225,0.0,True,-9.833333333333334
50,R,1024,2,38.0,24.055147,1415.0086470588235,"85,255,235",1637.9262657165527,64.88227190290179,1573.043993813651,0.9999407288509512,1573.1373265195089,3.1336695726688566,0.0,True,-9.833333333333334
50,G1,1024,2,38.0,24.055147,1415.0086470588235,"85,255,235",1569.4003423055012,64.87901088169643,1504.521331423805,1.0003648443777367,1503.972759134948,2.95514220667501,0.0,True,-9.833333333333334
50,G2,1024,2,38.0,24.055147,1415.0086470588235,"85,255,235",1568.034402211507,64.89858572823661,1503.1358164832704,1.0003744335642777,1502.5733554486399,2.9910588498019277,0.0,True,-9.833333333333334
50,B,1024,2,38.0,24.055147,1415.0086470588235,"85,255,235",1607.31121190389,64.90562220982143,1542.4055896940686,1.0006641338260824,1541.3821278999385,2.97958560282798,0.0,True,-9.833333333333334
50,R,128,3,47.0,29.752419,1750.142294117647,"85,255,235",2025.0616861979167,64.88227190290179,1960.179414295015,0.9992572162511602,1961.635867403679,3.4394486687535393,0.0,True,-10.0
50,G1,128,3,47.0,29.752419,1750.142294117647,"85,255,235",1939.5861002604167,64.87901088169643,1874.7070893787204,0.9996802038164715,1875.3057446390085,3.3313419151271786,0.0,True,-10.0
50,G2,128,3,47.0,29.752419,1750.142294117647,"85,255,235",1937.7438151041667,64.89858572823661,1872.84522937593,0.9995625184834201,1873.6639104393473,3.5271819969919194,0.0,True,-10.0
50,B,128,3,47.0,29.752419,1750.142294117647,"85,255,235",1987.1925455729167,64.90562220982143,1922.2869233630954,1.000081735257555,1922.12890102992,3.2918218529670593,0.0,True,-10.0
50,R,256,3,47.0,29.752419,1750.142294117647,"85,255,235",2024.3089396158855,64.88227190290179,1959.4266677129838,0.9992790860745693,1960.839324680602,3.538791233978522,0.0,True,-10.0
50,G1,256,3,47.0,29.752419,1750.142294117647,"85,255,235",1939.073750813802,64.87901088169643,1874.1947399321057,0.9996971478107778,1874.7617761057334,3.7159915152072327,0.0,True,-10.0
50,G2,256,3,47.0,29.752419,1750.142294117647,"85,255,235",1936.9762776692708,64.89858572823661,1872.0776919410341,0.9995983752589567,1872.8289837746718,3.5555954554229316,0.0,True,-10.0
50,B,256,3,47.0,29.752419,1750.142294117647,"85,255,235",1986.4718221028645,64.90562220982143,1921.5661998930432,0.9999920730972862,1921.580612149289,3.3713453559419677,0.0,True,-10.0
50,R,512,3,47.0,29.752419,1750.142294117647,"85,255,235",2019.7931162516277,64.88227190290179,1954.910844348726,0.9992642228496899,1956.3493885413384,3.603416981764549,0.0,True,-10.0
50,G1,512,3,47.0,29.752419,1750.142294117647,"85,255,235",1934.874760945638,64.87901088169643,1869.9957500639416,0.9996298686602675,1870.6873616427213,3.5398946448290163,0.0,True,-10.0
50,G2,512,3,47.0,29.752419,1750.142294117647,"85,255,235",1932.8027903238933,64.89858572823661,1867.9042045956567,0.9996393698697513,1868.5772284888437,3.422100144292196,0.0,True,-10.0
50,B,512,3,47.0,29.752419,1750.142294117647,"85,255,235",1982.2587381998699,64.90562220982143,1917.3531159900485,0.9999887220455189,1917.3739081869844,3.2161858213563916,0.0,True,-10.0
50,R,1024,3,47.0,29.752419,1750.142294117647,"85,255,235",2003.5013910929363,64.88227190290179,1938.6191191900346,0.9992639659835865,1940.046208308433,3.6465208599112655,0.0,True,-10.0
50,G1,1024,3,47.0,29.752419,1750.142294117647,"85,255,235",1919.2065531412761,64.87901088169643,1854.3275422595798,0.9996405427425362,1854.9935148088414,3.4544695447273357,0.0,True,-10.0
50,G2,1024,3,47.0,29.752419,1750.142294117647,"85,255,235",1917.5423634847004,64.89858572823661,1852.6437777564638,0.999646101074355,1853.29887424771,3.3793128963411747,0.0,True,-10.0
50,B,1024,3,47.0,29.752419,1750.142294117647,"85,255,235",1965.9862442016602,64.90562220982143,1901.0806219918388,0.9999679507902807,1901.140791005725,3.2100947456508924,0.0,True,-10.0
50,R,128,4,55.0,34.81666,2048.0388235294117,"85,255,235",2362.2980143229165,64.88227190290179,2297.415742420015,0.9997930871986958,2297.891594277198,1.1443317962001187,0.0,True,-10.0
50,G1,128,4,55.0,34.81666,2048.0388235294117,"85,255,235",2262.572265625,64.87901088169643,2197.6932547433034,1.0001311693156856,2197.4055098844206,1.148123711822954,0.0,True,-10.0
50,G2,128,4,55.0,34.81666,2048.0388235294117,"85,255,235",2259.3771158854165,64.89858572823661,2194.47853015718,1.0000723315962443,2194.3199668987127,0.599920195570308,0.0,True,-10.0
50,B,128,4,55.0,34.81666,2048.0388235294117,"85,255,235",2317.7732747395835,64.90562220982143,2252.867652529762,1.000464052226808,2251.823645348444,1.734222948932315,0.0,True,-10.0
50,R,256,4,55.0,34.81666,2048.0388235294117,"85,255,235",2361.3899536132812,64.88227190290179,2296.5076817103795,0.9998327471848089,2296.892284917878,1.1629140592655516,0.0,True,-10.0
50,G1,256,4,55.0,34.81666,2048.0388235294117,"85,255,235",2261.4720052083335,64.87901088169643,2196.592994326637,1.0002300154420765,2196.0882659222298,1.044424761157266,0.0,True,-10.0
50,G2,256,4,55.0,34.81666,2048.0388235294117,"85,255,235",2258.9568074544272,64.89858572823661,2194.058221726191,1.0002075824074284,2193.6033519366297,1.1239129872575304,0.0,True,-10.0
50,B,256,4,55.0,34.81666,2048.0388235294117,"85,255,235",2316.74072265625,64.90562220982143,2251.8351004464284,1.0004782796931126,2250.7591725455563,1.2478228529081759,0.0,True,-10.0
50,R,512,4,55.0,34.81666,2048.0388235294117,"85,255,235",2356.273640950521,64.88227190290179,2291.3913690476193,0.999889582136187,2291.6448813663424,1.2111225006265438,0.0,True,-10.0
50,G1,512,4,55.0,34.81666,2048.0388235294117,"85,255,235",2256.5152893066406,64.87901088169643,2191.636278424944,1.0002159341401335,2191.163602489122,1.1144057786306973,0.0,True,-10.0
50,G2,512,4,55.0,34.81666,2048.0388235294117,"85,255,235",2254.074005126953,64.89858572823661,2189.1754193987167,1.0002354544781766,2188.660617263106,1.1636651231908692,0.0,True,-10.0
50,B,512,4,55.0,34.81666,2048.0388235294117,"85,255,235",2311.744130452474,64.90562220982143,2246.8385082426526,1.000477010162893,2245.7678243366086,1.2517484540780932,0.0,True,-10.0
50,R,1024,4,55.0,34.81666,2048.0388235294117,"85,255,235",2337.148509979248,64.88227190290179,2272.2662380763463,0.9998447151242092,2272.6196382987696,1.222884657666926,0.0,True,-10.0
50,G1,1024,4,55.0,34.81666,2048.0388235294117,"85,255,235",2238.1122563680015,64.87901088169643,2173.233245486305,1.0001949976770586,2172.810057547982,1.1648721668096742,0.0,True,-10.0
50,G2,1024,4,55.0,34.81666,2048.0388235294117,"85,255,235",2236.0986099243164,64.89858572823661,2171.20002419608,1.0002180239036014,2170.727292960191,1.2214153761356468,0.0,True,-10.0
50,B,1024,4,55.0,34.81666,2048.0388235294117,"85,255,235",2292.573129018148,64.90562220982143,2227.6675068083264,1.0004734525611745,2226.6138865447265,1.262929917135219,0.0,True,-10.0
50,R,128,5,59.0,37.348781,2196.9871176470588,"85,255,235",2529.985595703125,64.88227190290179,2465.1033238002233,1.0000252422885672,2465.041043415225,0.24103227692794155,0.0,True,-9.833333333333334
50,G1,128,5,59.0,37.348781,2196.9871176470588,"85,255,235",2422.4991861979165,64.87901088169643,2357.62017531622,1.0001468430670537,2357.274368980458,0.9371558521040291,0.0,True,-9.833333333333334
50,G2,128,5,59.0,37.348781,2196.9871176470588,"85,255,235",2419.154296875,64.89858572823661,2354.2557111467636,1.000135026533638,2353.937838470532,0.265572263573998,0.0,True,-9.833333333333334
50,B,128,5,59.0,37.348781,2196.9871176470588,"85,255,235",2480.921875,64.90562220982143,2416.0162527901784,1.0004447164737773,2414.942586565561,0.8545470264349464,0.0,True,-9.833333333333334
50,R,256,5,59.0,37.348781,2196.9871176470588,"85,255,235",2528.899129231771,64.88227190290179,2464.0168573288693,1.00007984379999,2463.8201909362906,0.2290318479217734,0.0,True,-9.833333333333334
50,G1,256,5,59.0,37.348781,2196.9871176470588,"85,255,235",2421.1374715169272,64.87901088169643,2356.2584606352307,1.0002215862418866,2355.7366803648306,0.6190432125742689,0.0,True,-9.833333333333334
50,G2,256,5,59.0,37.348781,2196.9871176470588,"85,255,235",2418.4451293945312,64.89858572823661,2353.546543666295,1.0002176684164956,2353.0344894570994,0.46510180308749083,0.0,True,-9.833333333333334
50,B,256,5,59.0,37.348781,2196.9871176470588,"85,255,235",2480.169189453125,64.90562220982143,2415.2635672433034,1.0004107496229933,2414.272104924372,0.6294044197163118,0.0,True,-9.833333333333334
50,R,512,5,59.0,37.348781,2196.9871176470588,"85,255,235",2523.3231760660806,64.88227190290179,2458.440904163179,1.0000643882298421,2458.2827950828246,0.5614915007942319,0.0,True,-9.833333333333334
50,G1,512,5,59.0,37.348781,2196.9871176470588,"85,255,235",2415.9331258138022,64.87901088169643,2351.0541149321057,1.0002556186125533,2350.4535245880693,0.6490173532964301,0.0,True,-9.833333333333334
50,G2,512,5,59.0,37.348781,2196.9871176470588,"85,255,235",2413.2082010904946,64.89858572823661,2348.3096153622582,1.000226752141189,2347.7774522139675,0.5830663970989054,0.0,True,-9.833333333333334
50,B,512,5,59.0,37.348781,2196.9871176470588,"85,255,235",2474.7908376057944,64.90562220982143,2409.885215395973,1.0003867850617816,2408.953702539908,0.6942998468416182,0.0,True,-9.833333333333334
50,R,1024,5,59.0,37.348781,2196.9871176470588,"85,255,235",2502.7657051086426,64.88227190290179,2437.883433205741,1.000060020658754,2437.7373065767656,0.5642384688454478,0.0,True,-9.833333333333334
50,G1,1024,5,59.0,37.348781,2196.9871176470588,"85,255,235",2396.1760075887046,64.87901088169643,2331.296996707008,1.0002656409091424,2330.6780832813242,0.6010765635575124,0.0,True,-9.833333333333334
50,G2,1024,5,59.0,37.348781,2196.9871176470588,"85,255,235",2394.0106938680015,64.89858572823661,2329.112108139765,1.0002671419259732,2328.490266723777,0.5669263249508227,0.0,True,-9.833333333333334
50,B,1024,5,59.0,37.348781,2196.9871176470588,"85,255,235",2454.3079261779785,64.90562220982143,2389.402303968157,1.0003856866548715,2388.481311269455,0.648892317754781,0.0,True,-9.833333333333334
50,R,128,6,63.0,39.880901,2345.9353529411765,"85,255,235",2690.5594075520835,64.88227190290179,2625.6771356491818,0.9999070485950451,2625.9270910246273,7.415261200189775,0.0,True,-10.0
50,G1,128,6,63.0,39.880901,2345.9353529411765,"85,255,235",2576.3868815104165,64.87901088169643,2511.50787062872,0.9999399170645331,2511.6655018630026,7.487493737605402,0.0,True,-10.0
50,G2,128,6,63.0,39.880901,2345.9353529411765,"85,255,235",2573.5476888020835,64.89858572823661,2508.649103073847,1.0001963797505813,2508.161047452472,6.39855528202371,0.0,True,-10.0
50,B,128,6,63.0,39.880901,2345.9353529411765,"85,255,235",2639.9009602864585,64.90562220982143,2574.995338076637,1.0003869865717976,2574.003160359652,5.727993301252291,0.0,True,-10.0
50,R,256,6,63.0,39.880901,2345.9353529411765,"85,255,235",2689.6718139648438,64.88227190290179,2624.789542061942,0.9997808438833807,2625.3711789926,7.524619372907737,0.0,True,-10.0
50,G1,256,6,63.0,39.880901,2345.9353529411765,"85,255,235",2575.3958740234375,64.87901088169643,2510.516863141741,1.0000928936818747,2510.289441235011,6.967298441683908,0.0,True,-10.0
50,G2,256,6,63.0,39.880901,2345.9353529411765,"85,255,235",2572.449462890625,64.89858572823661,2507.5508771623886,1.0001249828734957,2507.24299474991,6.904237460437194,0.0,True,-10.0
50,B,256,6,63.0,39.880901,2345.9353529411765,"85,255,235",2638.6532185872397,64.90562220982143,2573.747596377418,1.0002774334728262,2573.0387517087333,6.586158602136094,0.0,True,-10.0
50,R,512,6,63.0,39.880901,2345.9353529411765,"85,255,235",2683.6766103108725,64.88227190290179,2618.794338407971,0.9997175352167172,2619.5403394239543,7.379590583616197,0.0,True,-10.0
50,G1,512,6,63.0,39.880901,2345.9353529411765,"85,255,235",2569.723617553711,64.87901088169643,2504.8446066720144,1.0001145943241898,2504.563128329945,6.9199934336659465,0.0,True,-10.0
50,G2,512,6,63.0,39.880901,2345.9353529411765,"85,255,235",2566.9386088053384,64.89858572823661,2502.040023077102,1.0000960413073197,2501.8052213036185,6.822183783092933,0.0,True,-10.0
50,B,512,6,63.0,39.880901,2345.9353529411765,"85,255,235",2633.017664591471,64.90562220982143,2568.1120423816496,1.0003617732932455,2567.1884074329573,6.619922136092716,0.0,True,-10.0
50,R,1024,6,63.0,39.880901,2345.9353529411765,"85,255,235",2661.8466758728027,64.88227190290179,2596.964403969901,0.9997394843839486,2597.647241812662,7.345021528523364,0.0,True,-10.0
50,G1,1024,6,63.0,39.880901,2345.9353529411765,"85,255,235",2548.679843902588,64.87901088169643,2483.8008330208913,1.000097062568587,2483.5653260614804,6.855658513539941,0.0,True,-10.0
50,G2,1024,6,63.0,39.880901,2345.9353529411765,"85,255,235",2546.400281270345,64.89858572823661,2481.501695542109,1.0000792097839244,2481.310614014464,6.800908705848952,0.0,True,-10.0
50,B,1024,6,63.0,39.880901,2345.9353529411765,"85,255,235",2611.1062202453613,64.90562220982143,2546.2005980355398,1.0003254732319473,2545.377236680009,6.563625916335444,0.0,True,-10.0
50,R,128,7,67.0,42.413022,2494.883647058823,"85,255,235",2860.2027180989585,64.88227190290179,2795.3204461960568,0.9996661571119271,2796.2529616576035,2.497335603349235,0.0,True,-10.0
50,G1,128,7,67.0,42.413022,2494.883647058823,"85,255,235",2737.9833170572915,64.87901088169643,2673.104306175595,0.9999208324449914,2673.3162440762035,2.681335368997492,0.0,True,-10.0
50,G2,128,7,67.0,42.413022,2494.883647058823,"85,255,235",2734.9720052083335,64.89858572823661,2670.073419480097,1.0000286646943246,2669.9971652757904,2.465744906815559,0.0,True,-10.0
50,B,128,7,67.0,42.413022,2494.883647058823,"85,255,235",2805.3846842447915,64.90562220982143,2740.47906203497,1.0002954191020137,2739.668871649012,2.5278931787194634,0.0,True,-10.0
50,R,256,7,67.0,42.413022,2494.883647058823,"85,255,235",2859.0703125,64.88227190290179,2794.1880405970983,0.9996131025122169,2795.269302660723,2.5409026454057706,0.0,True,-10.0
50,G1,256,7,67.0,42.413022,2494.883647058823,"85,255,235",2736.9402058919272,64.87901088169643,2672.0611950102307,0.999977616752527,2672.1212330453177,2.718461967707173,0.0,True,-10.0
50,G2,256,7,67.0,42.413022,2494.883647058823,"85,255,235",2733.9780476888022,64.89858572823661,2669.079461960566,0.9999850191629935,2669.120048765437,2.5093824849780773,0.0,True,-10.0
50,B,256,7,67.0,42.413022,2494.883647058823,"85,255,235",2804.3072102864585,64.90562220982143,2739.401588076637,1.0002099925840169,2738.8264917908255,2.457854532576897,0.0,True,-10.0
50,R,512,7,67.0,42.413022,2494.883647058823,"85,255,235",2852.805246988932,64.88227190290179,2787.9229750860304,0.9996968122127132,2788.768215660566,2.696884532376108,0.0,True,-10.0
50,G1,512,7,67.0,42.413022,2494.883647058823,"85,255,235",2731.021494547526,64.87901088169643,2666.1424836658293,0.9999703688132356,2666.221545136374,2.6239169185361755,0.0,True,-10.0
50,G2,512,7,67.0,42.413022,2494.883647058823,"85,255,235",2728.168528238932,64.89858572823661,2663.2699425106957,0.9999863042265008,2663.30661647435,2.5086335128042334,0.0,True,-10.0
50,B,512,7,67.0,42.413022,2494.883647058823,"85,255,235",2798.247807820638,64.90562220982143,2733.3421856108166,1.000239745954376,2732.6870457987166,2.4467341400864626,0.0,True,-10.0
50,R,1024,7,67.0,42.413022,2494.883647058823,"85,255,235",2829.5153745015464,64.88227190290179,2764.6331025986447,0.9997322750428143,2765.3732692504927,2.704164399798028,0.0,True,-10.0
50,G1,1024,7,67.0,42.413022,2494.883647058823,"85,255,235",2708.674748738607,64.87901088169643,2643.7957378569104,0.9999622218374254,2643.8955627877854,2.542686889584686,0.0,True,-10.0
50,G2,1024,7,67.0,42.413022,2494.883647058823,"85,255,235",2706.298426310221,64.89858572823661,2641.399840581985,1.0000009895419961,2641.3972673533294,2.5361510656732285,0.0,True,-10.0
50,B,1024,7,67.0,42.413022,2494.883647058823,"85,255,235",2774.8783098856607,64.90562220982143,2709.972687675839,1.0002007016942116,2709.428952026883,2.4082363301006033,0.0,True,-10.0
50,R,128,8,71.0,44.945143,2643.8319411764705,"85,255,235",3026.1866048177085,64.88227190290179,2961.3043329148068,0.9984371989668324,2965.9483575833233,6.6582167294036,0.0,True,-10.0
50,G1,128,8,71.0,44.945143,2643.8319411764705,"85,255,235",2896.3273111979165,64.87901088169643,2831.44830031622,0.9984912320190212,2835.734580819508,6.37829529514088,0.0,True,-10.0
50,G2,128,8,71.0,44.945143,2643.8319411764705,"85,255,235",2893.0990397135415,64.89858572823661,2828.200453985305,0.9986409598252113,2832.055019951485,5.545198789988589,0.0,True,-10.0
50,B,128,8,71.0,44.945143,2643.8319411764705,"85,255,235",2967.3062337239585,64.90562220982143,2902.400611514137,0.9987099665983664,2906.1557061815815,6.141476189493769,0.0,True,-10.0
50,R,256,8,71.0,44.945143,2643.8319411764705,"85,255,235",3025.0772908528647,64.88227190290179,2960.195018949963,0.998306644463414,2965.2246444440607,6.439697951789662,0.0,True,-10.0
50,G1,256,8,71.0,44.945143,2643.8319411764705,"85,255,235",2895.3884073893228,64.87901088169643,2830.509396507626,0.9984010110244282,2835.0494854163917,5.981647505757831,0.0,True,-10.0
50,G2,256,8,71.0,44.945143,2643.8319411764705,"85,255,235",2892.1236979166665,64.89858572823661,2827.22511218843,0.998518938439774,2831.4260015812724,6.0361135540569135,0.0,True,-10.0
50,B,256,8,71.0,44.945143,2643.8319411764705,"85,255,235",2966.1756388346353,64.90562220982143,2901.2700166248137,0.9985767359725042,2905.410708477683,5.595470886536177,0.0,True,-10.0
50,R,512,8,71.0,44.945143,2643.8319411764705,"85,255,235",3018.427561442057,64.88227190290179,2953.5452895391554,0.9983019645020912,2958.5768441695923,6.258942883245702,0.0,True,-10.0
50,G1,512,8,71.0,44.945143,2643.8319411764705,"85,255,235",2889.0342966715493,64.87901088169643,2824.1552857898528,0.9984128900479594,2828.6515079078504,5.8945998656544845,0.0,True,-10.0
50,G2,512,8,71.0,44.945143,2643.8319411764705,"85,255,235",2885.8624827067056,64.89858572823661,2820.963896978469,0.9984024126591716,2825.4846065656143,5.858018078505116,0.0,True,-10.0
50,B,512,8,71.0,44.945143,2643.8319411764705,"85,255,235",2959.695831298828,64.90562220982143,2894.7902090890066,0.9985919734239695,2898.877531743026,5.678637850965893,0.0,True,-10.0
50,R,1024,8,71.0,44.945143,2643.8319411764705,"85,255,235",2993.7872479756675,64.88227190290179,2928.9049760727657,0.9983279575890384,2933.818118988676,6.162484699929197,0.0,True,-10.0
50,G1,1024,8,71.0,44.945143,2643.8319411764705,"85,255,235",2865.393224080404,64.87901088169643,2800.5142131987072,0.9984512418094885,2804.864827678475,5.753160338157917,0.0,True,-10.0
50,G2,1024,8,71.0,44.945143,2643.8319411764705,"85,255,235",2862.797920227051,64.89858572823661,2797.8993344988144,0.9984279156839246,2802.3111486418275,5.674194142049425,0.0,True,-10.0
50,B,1024,8,71.0,44.945143,2643.8319411764705,"85,255,235",2935.012181599935,64.90562220982143,2870.1065593901135,0.9986117921538336,2874.102069483084,5.656357949608942,0.0,True,-10.0
50,R,128,9,75.0,47.477264,2792.780235294117,"85,255,235",3193.752197265625,64.88227190290179,3128.8699253627233,0.9997376790513055,3129.691111068613,1.51500376068646,0.0,True,-10.0
50,G1,128,9,75.0,47.477264,2792.780235294117,"85,255,235",3056.1650390625,64.87901088169643,2991.2860281808034,0.9996146664208537,2992.4393859444713,1.3669761449675786,0.0,True,-10.0
50,G2,128,9,75.0,47.477264,2792.780235294117,"85,255,235",3052.148193359375,64.89858572823661,2987.2496076311386,0.9995471496855378,2988.6033534330313,1.64122137089773,0.0,True,-10.0
50,B,128,9,75.0,47.477264,2792.780235294117,"85,255,235",3130.1993815104165,64.90562220982143,3065.293759300595,0.9995851867801294,3066.5659523032023,1.1648302497843053,0.0,True,-10.0
50,R,256,9,75.0,47.477264,2792.780235294117,"85,255,235",3192.6043090820312,64.88227190290179,3127.7220371791295,0.9997401660667888,3128.5352026050296,1.4417766343411835,0.0,True,-10.0
50,G1,256,9,75.0,47.477264,2792.780235294117,"85,255,235",3054.8098347981772,64.87901088169643,2989.9308239164807,0.9995569996630378,2991.256202143188,1.3924588979831545,0.0,True,-10.0
50,G2,256,9,75.0,47.477264,2792.780235294117,"85,255,235",3051.6150919596353,64.89858572823661,2986.716506231399,0.9995200256764253,2988.1509800223844,1.3323861289504382,0.0,True,-10.0
50,B,256,9,75.0,47.477264,2792.780235294117,"85,255,235",3129.135294596354,64.90562220982143,3064.2296723865325,0.9994042691707282,3066.0565220830413,1.570628517989861,0.0,True,-10.0
50,R,512,9,75.0,47.477264,2792.780235294117,"85,255,235",3185.512980143229,64.88227190290179,3120.6307082403273,0.999647100847819,3121.7326706377808,1.4544715010518785,0.0,True,-10.0
50,G1,512,9,75.0,47.477264,2792.780235294117,"85,255,235",3048.168660481771,64.87901088169643,2983.2896496000744,0.999509334232239,2984.754415223771,1.3287314540233952,0.0,True,-10.0
50,G2,512,9,75.0,47.477264,2792.780235294117,"85,255,235",3044.9430033365884,64.89858572823661,2980.044417608352,0.9995268992972496,2981.4551846559425,1.3164467340171573,0.0,True,-10.0
50,B,512,9,75.0,47.477264,2792.780235294117,"85,255,235",3122.2303009033203,64.90562220982143,3057.3246786934988,0.9993815423708577,3059.2168917815575,1.314458493479082,0.0,True,-10.0
50,R,1024,9,75.0,47.477264,2792.780235294117,"85,255,235",3159.472365061442,64.88227190290179,3094.59009315854,0.9996394043998785,3095.7066462433545,1.3508691734560865,0.0,True,-10.0
50,G1,1024,9,75.0,47.477264,2792.780235294117,"85,255,235",3023.171920776367,64.87901088169643,2958.2929098946706,0.9995503499557441,2959.6239271162426,1.311936820641096,0.0,True,-10.0
50,G2,1024,9,75.0,47.477264,2792.780235294117,"85,255,235",3020.519162495931,64.89858572823661,2955.6205767676947,0.99953355601023,2957.0001027342496,1.391471842489754,0.0,True,-10.0
50,B,1024,9,75.0,47.477264,2792.780235294117,"85,255,235",3096.173838297526,64.90562220982143,3031.2682160877043,0.9993687989979474,3033.1829750653837,1.3309380574012997,0.0,True,-10.0
50,R,128,10,79.0,50.00938399999999,2941.7284705882344,"85,255,235",3363.3802083333335,64.88227190290179,3298.4979364304318,1.0014064854750528,3293.8647237229775,1.0920159325937246,0.0,True,-10.0
50,G1,128,10,79.0,50.00938399999999,2941.7284705882344,"85,255,235",3218.052734375,64.87901088169643,3153.1737234933034,1.0009309772967783,3150.2404456035965,1.0118833327068377,0.0,True,-10.0
50,G2,128,10,79.0,50.00938399999999,2941.7284705882344,"85,255,235",3214.1698404947915,64.89858572823661,3149.271254766555,1.0011374136844136,3145.6929127019557,1.1481819496346128,0.0,True,-10.0
50,B,128,10,79.0,50.00938399999999,2941.7284705882344,"85,255,235",3295.6124674479165,64.90562220982143,3230.706845238095,1.0008095995673465,3228.093152950485,1.198247478179254,0.0,True,-10.0
50,R,256,10,79.0,50.00938399999999,2941.7284705882344,"85,255,235",3362.2089640299478,64.88227190290179,3297.326692127046,1.001359918075176,3292.8480296588573,1.2405990177866226,0.0,True,-10.0
50,G1,256,10,79.0,50.00938399999999,2941.7284705882344,"85,255,235",3216.829386393229,64.87901088169643,3151.9503755115325,1.0010409857456732,3148.6723226564677,0.945094638080021,0.0,True,-10.0
50,G2,256,10,79.0,50.00938399999999,2941.7284705882344,"85,255,235",3213.1380208333335,64.89858572823661,3148.239435105097,1.0010747555055486,3144.8590145443027,1.0664920991663045,0.0,True,-10.0
50,B,256,10,79.0,50.00938399999999,2941.7284705882344,"85,255,235",3294.3609212239585,64.90562220982143,3229.455299014137,1.0008759986108515,3226.628387340705,1.2373181377278586,0.0,True,-10.0
50,R,512,10,79.0,50.00938399999999,2941.7284705882344,"85,255,235",3354.9234720865884,64.88227190290179,3290.0412001836867,1.0013479589808405,3285.6117120982585,1.2529984125248836,0.0,True,-10.0
50,G1,512,10,79.0,50.00938399999999,2941.7284705882344,"85,255,235",3209.710952758789,64.87901088169643,3144.8319418770925,1.0010756252660622,3141.4524187537113,1.2087080624929154,0.0,True,-10.0
50,G2,512,10,79.0,50.00938399999999,2941.7284705882344,"85,255,235",3206.1672973632812,64.89858572823661,3141.268711635045,1.0010675772397777,3137.918205302188,1.2063288395301504,0.0,True,-10.0
50,B,512,10,79.0,50.00938399999999,2941.7284705882344,"85,255,235",3287.0703481038413,64.90562220982143,3222.1647258940197,1.0008191728447713,3219.526973410239,1.0763838811212203,0.0,True,-10.0
50,R,1024,10,79.0,50.00938399999999,2941.7284705882344,"85,255,235",3327.418109893799,64.88227190290179,3262.535837990897,1.0013430312714908,3258.1594774350283,1.232157744661346,0.0,True,-10.0
50,G1,1024,10,79.0,50.00938399999999,2941.7284705882344,"85,255,235",3183.378406524658,64.87901088169643,3118.4993956429616,1.0011327315372949,3114.9704939159856,1.1924833990592159,0.0,True,-10.0
50,G2,1024,10,79.0,50.00938399999999,2941.7284705882344,"85,255,235",3180.443250020345,64.89858572823661,3115.544664292109,1.001089537130434,3112.1533529433104,1.2404745964511632,0.0,True,-10.0
50,B,1024,10,79.0,50.00938399999999,2941.7284705882344,"85,255,235",3259.689800262451,64.90562220982143,3194.7841780526296,1.0008126089760554,3192.1897787141447,1.1503286835389477,0.0,True,-10.0
50,R,128,11,83.0,52.541505,3090.6767647058823,"85,255,235",3541.2303059895835,64.88227190290179,3476.3480340866818,1.0044812687852775,3460.8396798220188,1.5460056218337417,0.0,True,-10.0
50,G1,128,11,83.0,52.541505,3090.6767647058823,"85,255,235",3386.0209147135415,64.87901088169643,3321.141903831845,1.0036109451473203,3309.193371204563,1.9831584611769424,0.0,True,-10.0
50,G2,128,11,83.0,52.541505,3090.6767647058823,"85,255,235",3382.1951497395835,64.89858572823661,3317.296564011347,1.003538605391662,3305.600115601601,1.9405481942258183,0.0,True,-10.0
50,B,128,11,83.0,52.541505,3090.6767647058823,"85,255,235",3465.674072265625,64.90562220982143,3400.7684500558034,1.0027772501729129,3391.350640688299,1.7938312642968604,0.0,True,-10.0
50,R,256,11,83.0,52.541505,3090.6767647058823,"85,255,235",3540.213663736979,64.88227190290179,3475.3313918340773,1.004347305082599,3460.289261467374,1.8498451715892268,0.0,True,-10.0
50,G1,256,11,83.0,52.541505,3090.6767647058823,"85,255,235",3385.0714111328125,64.87901088169643,3320.192400251116,1.0036695048791902,3308.054248709443,1.8022350508123228,0.0,True,-10.0
50,G2,256,11,83.0,52.541505,3090.6767647058823,"85,255,235",3381.0556437174478,64.89858572823661,3316.1570579892114,1.0036375677066436,3304.1388249839415,1.820270641934522,0.0,True,-10.0
50,B,256,11,83.0,52.541505,3090.6767647058823,"85,255,235",3464.533935546875,64.90562220982143,3399.6283133370534,1.0027023823047754,3390.4667073991536,1.6964075381012858,0.0,True,-10.0
50,R,512,11,83.0,52.541505,3090.6767647058823,"85,255,235",3532.2949879964194,64.88227190290179,3467.4127160935177,1.0043952040905697,3452.2401917970906,1.705155416444797,0.0,True,-10.0
50,G1,512,11,83.0,52.541505,3090.6767647058823,"85,255,235",3377.557098388672,64.87901088169643,3312.6780875069753,1.0036675824196648,3300.5738396105753,1.7996667487904376,0.0,True,-10.0
50,G2,512,11,83.0,52.541505,3090.6767647058823,"85,255,235",3373.7526092529297,64.89858572823661,3308.8540235246933,1.0036563085016956,3296.800656512503,1.6790753173930268,0.0,True,-10.0
50,B,512,11,83.0,52.541505,3090.6767647058823,"85,255,235",3457.130345662435,64.90562220982143,3392.2247234526135,1.002796917488909,3382.764116859269,1.7018114633954198,0.0,True,-10.0
50,R,1024,11,83.0,52.541505,3090.6767647058823,"85,255,235",3503.2534255981445,64.88227190290179,3438.371153695243,1.0043950527505816,3423.3262781805934,1.7516915767399326,0.0,True,-10.0
50,G1,1024,11,83.0,52.541505,3090.6767647058823,"85,255,235",3349.811841328939,64.87901088169643,3284.9328304472424,1.003676703954055,3272.900182003612,1.803908500775756,0.0,True,-10.0
50,G2,1024,11,83.0,52.541505,3090.6767647058823,"85,255,235",3346.6574796040854,64.89858572823661,3281.758893875849,1.003657274379992,3269.801121055612,1.699523511627229,0.0,True,-10.0
50,B,1024,11,83.0,52.541505,3090.6767647058823,"85,255,235",3428.236006418864,64.90562220982143,3363.330384209042,1.0028080239159287,3353.9132441223796,1.690160300189234,0.0,True,-10.0
50,R,128,12,87.0,55.073626,3239.625058823529,"85,255,235",3689.7835286458335,64.88227190290179,3624.9012567429318,0.9991949743028302,3627.821763523874,0.32728169453808353,0.0,True,-10.0
50,G1,128,12,87.0,55.073626,3239.625058823529,"85,255,235",3529.5414225260415,64.87901088169643,3464.662411644345,0.998814452384026,3468.774632223664,1.040045498118693,0.0,True,-10.0
50,G2,128,12,87.0,55.073626,3239.625058823529,"85,255,235",3524.3876953125,64.89858572823661,3459.4891095842636,0.9987387021270879,3463.8578562467337,0.4991135103947323,0.0,True,-10.0
50,B,128,12,87.0,55.073626,3239.625058823529,"85,255,235",3613.274658203125,64.90562220982143,3548.3690359933034,0.9982792706240913,3554.4850344023416,0.8455578897990672,0.0,True,-10.0
50,R,256,12,87.0,55.073626,3239.625058823529,"85,255,235",3688.5732625325522,64.88227190290179,3623.6909906296505,0.9993782995508447,3625.9446650951636,0.7192761698815195,0.0,True,-10.0
50,G1,256,12,87.0,55.073626,3239.625058823529,"85,255,235",3527.543660481771,64.87901088169643,3462.6646496000744,0.9987257789676587,3467.082226917484,0.7585512023494201,0.0,True,-10.0
50,G2,256,12,87.0,55.073626,3239.625058823529,"85,255,235",3523.3427530924478,64.89858572823661,3458.4441673642114,0.9988950693061339,3462.2695349580185,0.33046501158317065,0.0,True,-10.0
50,B,256,12,87.0,55.073626,3239.625058823529,"85,255,235",3611.6837361653647,64.90562220982143,3546.778113955543,0.9982154228475196,3553.1189317713956,0.70421697117887,0.0,True,-10.0
50,R,512,12,87.0,55.073626,3239.625058823529,"85,255,235",3680.319422403971,64.88227190290179,3615.4371505010695,0.9994007654748742,3617.6043413421717,0.7525674972047373,0.0,True,-10.0
50,G1,512,12,87.0,55.073626,3239.625058823529,"85,255,235",3519.6913146972656,64.87901088169643,3454.812303815569,0.9987732667904798,3459.0552667057127,0.5660313591366121,0.0,True,-10.0
50,G2,512,12,87.0,55.073626,3239.625058823529,"85,255,235",3515.7589213053384,64.89858572823661,3450.860335577102,0.9988627423391038,3454.789025089478,0.42617711453251683,0.0,True,-10.0
50,B,512,12,87.0,55.073626,3239.625058823529,"85,255,235",3603.890553792318,64.90562220982143,3538.9849315824963,0.9981997524457618,3545.3674525775373,0.5006017706944975,0.0,True,-10.0
50,R,1024,12,87.0,55.073626,3239.625058823529,"85,255,235",3650.1380411783853,64.88227190290179,3585.2557692754835,0.9993741168400079,3587.5006171491345,0.5782487194850439,0.0,True,-10.0
50,G1,1024,12,87.0,55.073626,3239.625058823529,"85,255,235",3490.6732076009116,64.87901088169643,3425.794196719215,0.9987777133424741,3429.9862548586607,0.5573264562409865,0.0,True,-10.0
50,G2,1024,12,87.0,55.073626,3239.625058823529,"85,255,235",3487.5090548197427,64.89858572823661,3422.6104690915063,0.9988251738238642,3426.635872696747,0.42206576518468897,0.0,True,-10.0
50,B,1024,12,87.0,55.073626,3239.625058823529,"85,255,235",3573.7701250712075,64.90562220982143,3508.864502861386,0.9982429271865744,3515.040495249972,0.486055776570165,0.0,True,-10.0
50,R,128,13,91.0,57.605747,3388.5733529411764,"85,255,235",3852.67578125,64.88227190290179,3787.7935093470983,0.99911949186518,3791.1278858158435,4.655535895779095,0.0,True,-10.0
50,G1,128,13,91.0,57.605747,3388.5733529411764,"85,255,235",3686.3721516927085,64.87901088169643,3621.493140811012,0.9989993701657133,3625.1179303771423,3.6453836698722486,0.0,True,-10.0
50,G2,128,13,91.0,57.605747,3388.5733529411764,"85,255,235",3681.9436848958335,64.89858572823661,3617.045099167597,0.9989214607156631,3620.9474898484964,4.354002272810449,0.0,True,-10.0
50,B,128,13,91.0,57.605747,3388.5733529411764,"85,255,235",3776.1812337239585,64.90562220982143,3711.275611514137,0.9987697172450276,3715.844526708079,3.569655314068346,0.0,True,-10.0
50,R,256,13,91.0,57.605747,3388.5733529411764,"85,255,235",3851.496337890625,64.88227190290179,3786.6140659877233,0.9991117913922484,3789.976694482754,4.552079027998057,0.0,True,-10.0
50,G1,256,13,91.0,57.605747,3388.5733529411764,"85,255,235",3684.7026570638022,64.87901088169643,3619.8236461821057,0.9989708655799351,3623.5502931021233,3.278654154582365,0.0,True,-10.0
50,G2,256,13,91.0,57.605747,3388.5733529411764,"85,255,235",3680.6598917643228,64.89858572823661,3615.7613060360864,0.9990080387080945,3619.3488234670926,3.868814218717282,0.0,True,-10.0
50,B,256,13,91.0,57.605747,3388.5733529411764,"85,255,235",3774.7352294921875,64.90562220982143,3709.829607282366,0.9988951727052061,3713.9304012715234,3.5552400743500656,0.0,True,-10.0
50,R,512,13,91.0,57.605747,3388.5733529411764,"85,255,235",3842.83837890625,64.88227190290179,3777.9561070033483,0.9991513716522368,3781.161513777899,4.193829089744925,0.0,True,-10.0
50,G1,512,13,91.0,57.605747,3388.5733529411764,"85,255,235",3676.643610636393,64.87901088169643,3611.7645997546965,0.9989913570773833,3615.408488079865,3.7040472732767595,0.0,True,-10.0
50,G2,512,13,91.0,57.605747,3388.5733529411764,"85,255,235",3672.597813924154,64.89858572823661,3607.6992281959174,0.9989691498079666,3611.4193307725095,3.703191769481899,0.0,True,-10.0
50,B,512,13,91.0,57.605747,3388.5733529411764,"85,255,235",3766.4195607503257,64.90562220982143,3701.513938540504,0.9988726643590559,3705.6892558331983,3.384004255911811,0.0,True,-10.0
50,R,1024,13,91.0,57.605747,3388.5733529411764,"85,255,235",3811.368886311849,64.88227190290179,3746.4866144089474,0.999143281747946,3749.6958071719832,4.116609188413324,0.0,True,-10.0
50,G1,1024,13,91.0,57.605747,3388.5733529411764,"85,255,235",3646.471258799235,64.87901088169643,3581.5922479175383,0.9990017485962137,3585.1684525152154,3.6753262777344826,0.0,True,-10.0
50,G2,1024,13,91.0,57.605747,3388.5733529411764,"85,255,235",3643.0985145568848,64.89858572823661,3578.1999288286484,0.9990009995196353,3581.775442165275,3.7150914761395,0.0,True,-10.0
50,B,1024,13,91.0,57.605747,3388.5733529411764,"85,255,235",3734.979565938314,64.90562220982143,3670.0739437284924,0.9988834480833164,3674.174054228261,3.4397139188353303,0.0,True,-10.0
50,R,128,14,95.0,60.137867,3537.521588235294,"85,255,235",4032.3306477864585,64.88227190290179,3967.4483758835568,1.0013624928815046,3962.050092935367,0.4901710027988213,0.017985026041666668,False,-10.0
50,G1,128,14,95.0,60.137867,3537.521588235294,"85,255,235",3857.7998860677085,64.87901088169643,3792.920875186012,1.0011830566970232,3788.4385583028957,1.0914578572195155,0.0,True,-10.0
50,G2,128,14,95.0,60.137867,3537.521588235294,"85,255,235",3852.8699544270835,64.89858572823661,3787.971368698847,1.0014801216139133,3782.372736573267,1.1172717052561891,0.0,True,-10.0
50,B,128,14,95.0,60.137867,3537.521588235294,"85,255,235",3950.294677734375,64.90562220982143,3885.3890555245534,1.0011036377297289,3881.105292740005,1.4570462474446455,0.0,True,-10.0
50,R,256,14,95.0,60.137867,3537.521588235294,"85,255,235",4030.9455362955728,64.88227190290179,3966.063264392671,1.001457140872912,3960.29224538117,0.8863675505980915,0.016499837239583332,False,-10.0
50,G1,256,14,95.0,60.137867,3537.521588235294,"85,255,235",3856.0217488606772,64.87901088169643,3791.1427379789807,1.0011740553963862,3786.6966089148573,0.8755115204517404,0.0,True,-10.0
50,G2,256,14,95.0,60.137867,3537.521588235294,"85,255,235",3851.7444458007812,64.89858572823661,3786.845860072545,1.0013225947767381,3781.8436433673105,1.14743661800999,0.0,True,-10.0
50,B,256,14,95.0,60.137867,3537.521588235294,"85,255,235",3949.2227376302085,64.90562220982143,3884.317115420387,1.0010718605867845,3880.1577016089154,1.3747315261249289,0.0,True,-10.0
50,R,512,14,95.0,60.137867,3537.521588235294,"85,255,235",4021.9923655192056,64.88227190290179,3957.110093616304,1.0014714016114776,3951.295797886947,0.9816170947816126,0.00933837890625,True,-10.0
50,G1,512,14,95.0,60.137867,3537.521588235294,"85,255,235",3847.61989847819,64.87901088169643,3782.7408875964934,1.0012425672428895,3778.0460102543716,1.171268124318187,0.0,True,-10.0
50,G2,512,14,95.0,60.137867,3537.521588235294,"85,255,235",3843.4034576416016,64.89858572823661,3778.504871913365,1.0012123503980528,3773.929190779579,0.9905281896178814,0.0,True,-10.0
50,B,512,14,95.0,60.137867,3537.521588235294,"85,255,235",3940.6888275146484,64.90562220982143,3875.783205304827,1.0010287140626715,3871.79986724966,1.124280671636236,0.0,True,-10.0
50,R,1024,14,95.0,60.137867,3537.521588235294,"85,255,235",3989.0590693155923,64.88227190290179,3924.1767974126906,1.00147760482146,3918.3866098480285,0.9813439356417626,0.002773284912109375,True,-10.0
50,G1,1024,14,95.0,60.137867,3537.521588235294,"85,255,235",3815.937890370687,64.87901088169643,3751.0588794889904,1.0012173889618519,3746.4975539581737,1.1113845635140422,0.0,True,-10.0
50,G2,1024,14,95.0,60.137867,3537.521588235294,"85,255,235",3812.4803479512534,64.89858572823661,3747.581762223017,1.0012252124229004,3742.9954221386797,1.0812359305867791,0.0,True,-10.0
50,B,1024,14,95.0,60.137867,3537.521588235294,"85,255,235",3907.800060272217,64.90562220982143,3842.8944380623952,1.0010324291003134,3838.9306534350235,1.1064137663815505,0.0,True,-10.0
50,R,128,15,99.0,62.669988,3686.4698823529407,"85,255,235",4095.0,64.88227190290179,4030.1177280970983,1.0035627826419573,4015.8115532110223,2.7807862500455878,1.0,False,-10.0
50,G1,128,15,99.0,62.669988,3686.4698823529407,"85,255,235",4020.2403157552085,64.87901088169643,3955.361304873512,1.0034734952810462,3941.670292463657,0.7381191419634222,0.009928385416666666,True,-10.0
50,G2,128,15,99.0,62.669988,3686.4698823529407,"85,255,235",4015.6044108072915,64.89858572823661,3950.705825079055,1.003274693044956,3937.810992519468,0.6220093621835355,0.006591796875,True,-10.0
50,B,128,15,99.0,62.669988,3686.4698823529407,"85,255,235",4091.0965983072915,64.90562220982143,4026.19097609747,1.0030243357382835,4014.05213842113,2.1518767905570866,0.7802734375,False,-10.0
50,R,256,15,99.0,62.669988,3686.4698823529407,"85,255,235",4094.9984130859375,64.88227190290179,4030.116141183036,1.003594498433409,4015.683262313305,2.988213676449379,0.9998372395833334,False,-10.0
50,G1,256,15,99.0,62.669988,3686.4698823529407,"85,255,235",4018.563924153646,64.87901088169643,3953.6849132719494,1.0033353835704475,3940.5419198533273,0.4782283681292759,0.00885009765625,True,-10.0
50,G2,256,15,99.0,62.669988,3686.4698823529407,"85,255,235",4014.1642456054688,64.89858572823661,3949.2656598772323,1.0032818122053746,3936.347590046895,0.6105679910894874,0.00555419921875,True,-10.0
50,B,256,15,99.0,62.669988,3686.4698823529407,"85,255,235",4090.7264404296875,64.90562220982143,4025.820818219866,1.003079024706132,4013.46438724262,2.301821143634022,0.76300048828125,False,-10.0
50,R,512,15,99.0,62.669988,3686.4698823529407,"85,255,235",4094.9926554361978,64.88227190290179,4030.110383533296,1.0035885592740357,4015.7012098497185,2.9065681694151437,0.9991099039713541,False,-10.0
50,G1,512,15,99.0,62.669988,3686.4698823529407,"85,255,235",4009.802042643229,64.87901088169643,3944.9230317615325,1.0033549517339582,3931.732594869832,0.7234846193247774,0.004730224609375,True,-10.0
50,G2,512,15,99.0,62.669988,3686.4698823529407,"85,255,235",4005.3544718424478,64.89858572823661,3940.4558861142114,1.0033517980377606,3927.2928324108366,0.9607535620786672,0.0031280517578125,True,-10.0
50,B,512,15,99.0,62.669988,3686.4698823529407,"85,255,235",4087.675303141276,64.90562220982143,4022.7696809314543,1.0030851909077267,4010.3979332603994,2.177633302678021,0.6569722493489584,False,-10.0
50,R,1024,15,99.0,62.669988,3686.4698823529407,"85,255,235",4093.4465700785317,64.88227190290179,4028.56429817563,1.0036152440891926,4014.053804345814,2.691137214508636,0.9239972432454427,False,-10.0
50,G1,1024,15,99.0,62.669988,3686.4698823529407,"85,255,235",3976.859661102295,64.87901088169643,3911.9806502205984,1.0033272146039314,3899.0081950208664,0.8171221990359954,0.0013758341471354167,True,-10.0
50,G2,1024,15,99.0,62.669988,3686.4698823529407,"85,255,235",3973.2139689127603,64.89858572823661,3908.315383184524,1.0033369797952272,3895.3171792759968,0.8266596082671096,0.00091552734375,True,-10.0
50,B,1024,15,99.0,62.669988,3686.4698823529407,"85,255,235",4064.946896870931,64.90562220982143,4000.0412746611096,1.0031070338752845,3987.6522107599812,1.4213031210101401,0.3161977132161458,False,-10.0
50,R,128,16,103.0,65.202109,3835.4181764705877,"85,255,235",4095.0,64.88227190290179,4030.1177280970983,1.0008168371735329,4026.833428100889,5.475504367828573,1.0,False,-10.0
50,G1,128,16,103.0,65.202109,3835.4181764705877,"85,255,235",4094.8369140625,64.87901088169643,4029.9579031808034,1.000425397301216,4028.248600895318,5.0392419139864,0.9859212239583334,False,-10.0
50,G2,128,16,103.0,65.202109,3835.4181764705877,"85,255,235",4094.7974446614585,64.89858572823661,4029.898858933222,1.000334780247914,4028.553799774283,4.622143832153062,0.983642578125,False,-10.0
50,B,128,16,103.0,65.202109,3835.4181764705877,"85,255,235",4095.0,64.90562220982143,4030.0943777901784,0.9997031427981072,4031.294346613146,4.434938011462667,1.0,False,-10.0
50,R,256,16,103.0,65.202109,3835.4181764705877,"85,255,235",4095.0,64.88227190290179,4030.1177280970983,1.0006416715475543,4027.537715481633,5.121650479262611,1.0,False,-10.0
50,G1,256,16,103.0,65.202109,3835.4181764705877,"85,255,235",4094.8280029296875,64.87901088169643,4029.948992047991,1.0003122052217621,4028.6949222384205,4.677194255356611,0.98553466796875,False,-10.0
50,G2,256,16,103.0,65.202109,3835.4181764705877,"85,255,235",4094.7546183268228,64.89858572823661,4029.8560325985864,1.0001380377481348,4029.303951388327,4.917666654255902,0.98089599609375,False,-10.0
50,B,256,16,103.0,65.202109,3835.4181764705877,"85,255,235",4095.0,64.90562220982143,4030.0943777901784,0.9998783570173609,4030.588352499999,4.719259668968941,1.0,False,-10.0
50,R,512,16,103.0,65.202109,3835.4181764705877,"85,255,235",4095.0,64.88227190290179,4030.1177280970983,1.0006449656813394,4027.524346168295,5.05618054076179,1.0,False,-10.0
50,G1,512,16,103.0,65.202109,3835.4181764705877,"85,255,235",4094.5499064127603,64.87901088169643,4029.6708955310637,1.0002427297473524,4028.6967260656324,4.622211466705377,0.9676920572916666,False,-10.0
50,G2,512,16,103.0,65.202109,3835.4181764705877,"85,255,235",4094.414545694987,64.89858572823661,4029.5159599667504,1.000208524617434,4028.679621750656,4.607921719252327,0.9589029947916666,False,-10.0
50,B,512,16,103.0,65.202109,3835.4181764705877,"85,255,235",4095.0,64.90562220982143,4030.0943777901784,0.9998996564139239,4030.5023330234744,4.614338302563846,1.0,False,-10.0
50,R,1024,16,103.0,65.202109,3835.4181764705877,"85,255,235",4095.0,64.88227190290179,4030.1177280970983,1.0006266933967265,4027.597887506874,5.05354074949307,1.0,False,-10.0
50,G1,1024,16,103.0,65.202109,3835.4181764705877,"85,255,235",4087.8618036905923,64.87901088169643,4022.9827928088957,1.000221166826985,4022.095545088068,3.1386623705562964,0.7487347920735677,False,-10.0
50,G2,1024,16,103.0,65.202109,3835.4181764705877,"85,255,235",4087.0894037882485,64.89858572823661,4022.190818060012,1.0001904133975497,4021.4272266896537,3.027561162902038,0.7253863016764323,False,-10.0
50,B,1024,16,103.0,65.202109,3835.4181764705877,"85,255,235",4094.9707221984863,64.90562220982143,4030.0650999886648,0.9999254310311615,4030.3693760058545,4.744971408871077,0.9977544148763021,False,-10.0
50,R,128,17,107.0,67.73423,3984.3664705882347,"85,255,235",4095.0,64.88227190290179,4030.1177280970983,1.0016394559616273,4023.556372195498,14.545609301346817,1.0,False,-10.0
50,G1,128,17,107.0,67.73423,3984.3664705882347,"85,255,235",4095.0,64.87901088169643,4030.1209891183034,1.0013777604219223,4024.605666837955,13.36807707274919,1.0,False,-10.0
50,G2,128,17,107.0,67.73423,3984.3664705882347,"85,255,235",4095.0,64.89858572823661,4030.1014142717636,1.0013236282196025,4024.801963235032,12.97310317399067,1.0,False,-10.0
50,B,128,17,107.0,67.73423,3984.3664705882347,"85,255,235",4095.0,64.90562220982143,4030.0943777901784,1.000928031054661,4026.3806827022013,11.76324444061625,1.0,False,-10.0
50,R,256,17,107.0,67.73423,3984.3664705882347,"85,255,235",4095.0,64.88227190290179,4030.1177280970983,1.0016601026882819,4023.471754631202,14.192926662544533,1.0,False,-10.0
50,G1,256,17,107.0,67.73423,3984.3664705882347,"85,255,235",4095.0,64.87901088169643,4030.1209891183034,1.0013105982838042,4024.874301648853,13.069674391222732,1.0,False,-10.0
50,G2,256,17,107.0,67.73423,3984.3664705882347,"85,255,235",4095.0,64.89858572823661,4030.1014142717636,1.0013033988239974,4024.883834802529,13.10269886730903,1.0,False,-10.0
50,B,256,17,107.0,67.73423,3984.3664705882347,"85,255,235",4095.0,64.90562220982143,4030.0943777901784,1.0010816804399745,4025.7636422312007,12.000563749732367,1.0,False,-10.0
50,R,512,17,107.0,67.73423,3984.3664705882347,"85,255,235",4095.0,64.88227190290179,4030.1177280970983,1.001600369889889,4023.71004710355,13.836353078524423,1.0,False,-10.0
50,G1,512,17,107.0,67.73423,3984.3664705882347,"85,255,235",4095.0,64.87901088169643,4030.1209891183034,1.0012582552693383,4025.0853127393507,13.208756206522777,1.0,False,-10.0
50,G2,512,17,107.0,67.73423,3984.3664705882347,"85,255,235",4094.999994913737,64.89858572823661,4030.1014091855004,1.0012955091762399,4024.9163182140287,13.280472874474839,0.9999949137369791,False,-10.0
50,B,512,17,107.0,67.73423,3984.3664705882347,"85,255,235",4095.0,64.90562220982143,4030.0943777901784,1.0011052067742876,4025.6697632689957,12.182484376903117,1.0,False,-10.0
50,R,1024,17,107.0,67.73423,3984.3664705882347,"85,255,235",4095.0,64.88227190290179,4030.1177280970983,1.0015910367776626,4023.7478040767364,13.893958400430385,1.0,False,-10.0
50,G1,1024,17,107.0,67.73423,3984.3664705882347,"85,255,235",4094.9997940063477,64.87901088169643,4030.120783124651,1.001295958642755,4024.9338751062264,13.283652369162942,0.999969482421875,False,-10.0
50,G2,1024,17,107.0,67.73423,3984.3664705882347,"85,255,235",4094.9995307922363,64.89858572823661,4030.100945064,1.001305557537832,4024.875472874966,13.28227209964237,0.9999478658040365,False,-10.0
50,B,1024,17,107.0,67.73423,3984.3664705882347,"85,255,235",4095.0,64.90562220982143,4030.0943777901784,1.0011198087422222,4025.6113539413896,12.258084107308894,1.0,False,-10.0
50,R,128,18,111.0,70.26635,4133.314705882352,"85,255,235",4095.0,64.88227190290179,4030.1177280970983,0.9963029951677379,4045.072482672438,0.7884068159590084,1.0,False,-10.0
50,G1,128,18,111.0,70.26635,4133.314705882352,"85,255,235",4095.0,64.87901088169643,4030.1209891183034,0.9960853923951309,4045.95945547225,0.8645788715311788,1.0,False,-10.0
50,G2,128,18,111.0,70.26635,4133.314705882352,"85,255,235",4095.0,64.89858572823661,4030.1014142717636,0.9961471487487138,4045.6893972636867,1.8197646476069749,1.0,False,-10.0
50,B,128,18,111.0,70.26635,4133.314705882352,"85,255,235",4095.0,64.90562220982143,4030.0943777901784,0.9959493916287528,4046.4852297892526,0.8729474110501287,1.0,False,-10.0
50,R,256,18,111.0,70.26635,4133.314705882352,"85,255,235",4095.0,64.88227190290179,4030.1177280970983,0.9962827750009137,4045.154558126382,0.6996913979963411,1.0,False,-10.0
50,G1,256,18,111.0,70.26635,4133.314705882352,"85,255,235",4095.0,64.87901088169643,4030.1209891183034,0.9961475608323852,4045.707034771846,1.1186281425243387,1.0,False,-10.0
50,G2,256,18,111.0,70.26635,4133.314705882352,"85,255,235",4095.0,64.89858572823661,4030.1014142717636,0.996117827738884,4045.8083005480944,1.484073829800856,1.0,False,-10.0
50,B,256,18,111.0,70.26635,4133.314705882352,"85,255,235",4095.0,64.90562220982143,4030.0943777901784,0.9960672928033708,4046.006331398746,1.091079410327374,1.0,False,-10.0
50,R,512,18,111.0,70.26635,4133.314705882352,"85,255,235",4095.0,64.88227190290179,4030.1177280970983,0.9963118188780458,4045.0367266910102,1.019026865375725,1.0,False,-10.0
50,G1,512,18,111.0,70.26635,4133.314705882352,"85,255,235",4095.0,64.87901088169643,4030.1209891183034,0.9960539299872516,4046.087320909283,1.0701113275821403,1.0,False,-10.0
50,G2,512,18,111.0,70.26635,4133.314705882352,"85,255,235",4095.0,64.89858572823661,4030.1014142717636,0.9960424208983601,4046.114553985506,1.3992573549172578,1.0,False,-10.0
50,B,512,18,111.0,70.26635,4133.314705882352,"85,255,235",4095.0,64.90562220982143,4030.0943777901784,0.9960822532414572,4045.9456156589854,1.2281029506657077,1.0,False,-10.0
50,R,1024,18,111.0,70.26635,4133.314705882352,"85,255,235",4095.0,64.88227190290179,4030.1177280970983,0.9963098714393547,4045.044641543875,1.0432057122153284,1.0,False,-10.0
50,G1,1024,18,111.0,70.26635,4133.314705882352,"85,255,235",4095.0,64.87901088169643,4030.1209891183034,0.996069714439013,4046.0232473881747,1.1877119996017718,1.0,False,-10.0
50,G2,1024,18,111.0,70.26635,4133.314705882352,"85,255,235",4095.0,64.89858572823661,4030.1014142717636,0.996072685641341,4045.991563880138,1.2798762357253133,1.0,False,-10.0
50,B,1024,18,111.0,70.26635,4133.314705882352,"85,255,235",4095.0,64.90562220982143,4030.0943777901784,0.9960850633405878,4045.934223881153,1.2822653649296187,1.0,False,-10.0
50,R,128,19,115.0,72.798471,4282.263,"85,255,235",4095.0,64.88227190290179,4030.1177280970983,0.9956232649447424,4047.834041541071,0.3152571826242767,1.0,False,-10.0
50,G1,128,19,115.0,72.798471,4282.263,"85,255,235",4095.0,64.87901088169643,4030.1209891183034,0.9954992915473321,4048.341400897602,0.2127061709461264,1.0,False,-10.0
50,G2,128,19,115.0,72.798471,4282.263,"85,255,235",4095.0,64.89858572823661,4030.1014142717636,0.9956772619838272,4047.5982196094096,0.7755527547840502,1.0,False,-10.0
50,B,128,19,115.0,72.798471,4282.263,"85,255,235",4095.0,64.90562220982143,4030.0943777901784,0.9958992296137176,4046.689156302434,1.1980665198329665,1.0,False,-10.0
50,R,256,19,115.0,72.798471,4282.263,"85,255,235",4095.0,64.88227190290179,4030.1177280970983,0.9956721610631947,4047.63524587593,0.16305054214537076,1.0,False,-10.0
50,G1,256,19,115.0,72.798471,4282.263,"85,255,235",4095.0,64.87901088169643,4030.1209891183034,0.9955922085634707,4047.963582092984,0.28971780723235263,1.0,False,-10.0
50,G2,256,19,115.0,72.798471,4282.263,"85,255,235",4095.0,64.89858572823661,4030.1014142717636,0.9956408672838962,4047.7461208766363,0.518383932275342,1.0,False,-10.0
50,B,256,19,115.0,72.798471,4282.263,"85,255,235",4095.0,64.90562220982143,4030.0943777901784,0.9959415768826654,4046.517180520354,1.4050288025328501,1.0,False,-10.0
50,R,512,19,115.0,72.798471,4282.263,"85,255,235",4095.0,64.88227190290179,4030.1177280970983,0.9956667098412257,4047.6574172809396,0.30376259820480256,1.0,False,-10.0
50,G1,512,19,115.0,72.798471,4282.263,"85,255,235",4095.0,64.87901088169643,4030.1209891183034,0.9956353637717705,4047.788157726312,0.5283389976746811,1.0,False,-10.0
50,G2,512,19,115.0,72.798471,4282.263,"85,255,235",4095.0,64.89858572823661,4030.1014142717636,0.9955479544164274,4048.1239225764816,0.6812061988355695,1.0,False,-10.0
50,B,512,19,115.0,72.798471,4282.263,"85,255,235",4095.0,64.90562220982143,4030.0943777901784,0.995855250462299,4046.8678421033524,1.133359163344576,1.0,False,-10.0
50,R,1024,19,115.0,72.798471,4282.263,"85,255,235",4095.0,64.88227190290179,4030.1177280970983,0.995667532823199,4047.654070156066,0.2885854241042894,1.0,False,-10.0
50,G1,1024,19,115.0,72.798471,4282.263,"85,255,235",4095.0,64.87901088169643,4030.1209891183034,0.9956263632320207,4047.824758930601,0.5771481251477544,1.0,False,-10.0
50,G2,1024,19,115.0,72.798471,4282.263,"85,255,235",4095.0,64.89858572823661,4030.1014142717636,0.9955937724013001,4047.9376185301735,0.6525101412010346,1.0,False,-10.0
50,B,1024,19,115.0,72.798471,4282.263,"85,255,235",4095.0,64.90562220982143,4030.0943777901784,0.9958339501660886,4046.954367918579,1.0374982793496395,1.0,False,-10.0
100,R,128,0,25.0,8.76101,515.3535294117647,"85,255,235",1112.78857421875,68.7710469563802,1044.0175272623699,0.9948835985990835,1049.3857739211528,2.5114119844302274,0.0,True,-10.0
100,G1,128,0,25.0,8.76101,515.3535294117647,"85,255,235",1067.180908203125,68.77015177408855,998.4107564290365,0.995538160285078,1002.8846032146104,2.646183025947689,0.0,True,-10.0
100,G2,128,0,25.0,8.76101,515.3535294117647,"85,255,235",1065.7982584635417,68.80810546875,996.9901529947917,0.9954242360386664,1001.5723524794333,2.1464920802000416,0.0,True,-10.0
100,B,128,0,25.0,8.76101,515.3535294117647,"85,255,235",1092.0188802083333,68.81151326497395,1023.2073669433593,0.9959530613350246,1027.3643406966403,2.267812987221291,0.0,True,-10.0
100,R,256,0,25.0,8.76101,515.3535294117647,"85,255,235",1112.3761393229167,68.7710469563802,1043.6050923665366,0.9950661284319872,1048.7788299716422,2.4740970026251787,0.0,True,-10.0
100,G1,256,0,25.0,8.76101,515.3535294117647,"85,255,235",1066.6404825846355,68.77015177408855,997.870330810547,0.9953829676796921,1002.4980957210155,2.558564946887284,0.0,True,-10.0
100,G2,256,0,25.0,8.76101,515.3535294117647,"85,255,235",1065.5857340494792,68.80810546875,996.7776285807292,0.9954120657391319,1001.3710651822134,2.2668305009485104,0.0,True,-10.0
100,B,256,0,25.0,8.76101,515.3535294117647,"85,255,235",1091.5224609375,68.81151326497395,1022.710947672526,0.9959507040263809,1026.8683008362316,2.2818028624574533,0.0,True,-10.0
100,R,512,0,25.0,8.76101,515.3535294117647,"85,255,235",1109.8670349121094,68.7710469563802,1041.0959879557292,0.9950306909323965,1046.2945755956068,2.3617124111169887,0.0,True,-10.0
100,G1,512,0,25.0,8.76101,515.3535294117647,"85,255,235",1064.352574666341,68.77015177408855,995.5824228922526,0.9953988075175597,1000.1836974778677,2.3395428667487415,0.0,True,-10.0
100,G2,512,0,25.0,8.76101,515.3535294117647,"85,255,235",1063.3479817708333,68.80810546875,994.5398763020833,0.995363093157753,999.1721686012676,2.2509025093460995,0.0,True,-10.0
100,B,512,0,25.0,8.76101,515.3535294117647,"85,255,235",1089.2024383544922,68.81151326497395,1020.3909250895182,0.9958885827375621,1024.6027184663646,2.288041863510714,0.0,True,-10.0
100,R,1024,0,25.0,8.76101,515.3535294117647,"85,255,235",1101.1773834228516,68.7710469563802,1032.4063364664714,0.9950044104219771,1037.588880766696,2.3846018121792296,0.0,True,-10.0
100,G1,1024,0,25.0,8.76101,515.3535294117647,"85,255,235",1055.996379852295,68.77015177408855,987.2262280782064,0.9954041883573056,991.7835202147068,2.294536330665459,0.0,True,-10.0
100,G2,1024,0,25.0,8.76101,515.3535294117647,"85,255,235",1055.1244277954102,68.80810546875,986.3163223266602,0.9954019142536742,990.8716680913813,2.2758648586921266,0.0,True,-10.0
100,B,1024,0,25.0,8.76101,515.3535294117647,"85,255,235",1080.4906768798828,68.81151326497395,1011.6791636149088,0.9958903658012246,1015.8532206732734,2.2705698575173496,0.0,True,-10.0
100,R,128,1,31.0,10.863652,639.0383529411764,"85,255,235",1364.708251953125,68.7710469563802,1295.9372049967449,0.9964629383945788,1300.5386653576697,2.7139614415211275,0.0,True,-10.0
100,G1,128,1,31.0,10.863652,639.0383529411764,"85,255,235",1307.98046875,68.77015177408855,1239.2103169759114,0.9964369901818865,1243.6423979758029,2.3985225450109895,0.0,True,-10.0
100,G2,128,1,31.0,10.863652,639.0383529411764,"85,255,235",1306.5244954427083,68.80810546875,1237.7163899739583,0.9968539810854368,1241.623502771073,2.0183395464810223,0.0,True,-10.0
100,B,128,1,31.0,10.863652,639.0383529411764,"85,255,235",1338.6299641927083,68.81151326497395,1269.8184509277344,0.9969144365173697,1273.749588155939,2.2463654507685886,0.0,True,-10.0
100,R,256,1,31.0,10.863652,639.0383529411764,"85,255,235",1364.3046061197917,68.7710469563802,1295.5335591634116,0.996463902321818,1300.1319776114176,2.4707001747468866,0.0,True,-10.0
100,G1,256,1,31.0,10.863652,639.0383529411764,"85,255,235",1307.362528483073,68.77015177408855,1238.5923767089844,0.9965065445595451,1242.9353552037092,2.28200446838289,0.0,True,-10.0
100,G2,256,1,31.0,10.863652,639.0383529411764,"85,255,235",1305.9979858398438,68.80810546875,1237.1898803710938,0.9966750131277325,1241.3182224387117,2.2259041339476835,0.0,True,-10.0
100,B,256,1,31.0,10.863652,639.0383529411764,"85,255,235",1338.0311279296875,68.81151326497395,1269.2196146647136,0.9968698121621754,1273.2059274570236,2.246775266981643,0.0,True,-10.0
100,R,512,1,31.0,10.863652,639.0383529411764,"85,255,235",1361.2984263102214,68.7710469563802,1292.5273793538413,0.9963923480213893,1297.2081914157245,2.440615659048746,0.0,True,-10.0
100,G1,512,1,31.0,10.863652,639.0383529411764,"85,255,235",1304.4897155761719,68.77015177408855,1235.7195638020833,0.9965412026229346,1240.009386482317,2.2536549376199013,0.0,True,-10.0
100,G2,512,1,31.0,10.863652,639.0383529411764,"85,255,235",1303.150873819987,68.80810546875,1234.342768351237,0.9966236078973866,1238.5254870947267,2.3434180479924063,0.0,True,-10.0
100,B,512,1,31.0,10.863652,639.0383529411764,"85,255,235",1335.1697845458984,68.81151326497395,1266.3582712809246,0.9968787164139448,1270.3242583766034,2.303535823925908,0.0,True,-10.0
100,R,1024,1,31.0,10.863652,639.0383529411764,"85,255,235",1350.5153249104817,68.7710469563802,1281.7442779541016,0.9963887842631598,1286.3906760333832,2.3727028539324797,0.0,True,-10.0
100,G1,1024,1,31.0,10.863652,639.0383529411764,"85,255,235",1294.1053619384766,68.77015177408855,1225.335210164388,0.9965910680608824,1229.5274806019454,2.260086887050948,0.0,True,-10.0
100,G2,1024,1,31.0,10.863652,639.0383529411764,"85,255,235",1292.9707285563152,68.80810546875,1224.1626230875652,0.9966161637716017,1228.3199965480062,2.296436996210813,0.0,True,-10.0
100,B,1024,1,31.0,10.863652,639.0383529411764,"85,255,235",1324.3423830668132,68.81151326497395,1255.5308698018393,0.9968992506412254,1259.43703623701,2.3425031120039823,0.0,True,-10.0
100,R,128,2,38.0,13.316735,783.3373529411764,"85,255,235",1658.0899251302083,68.7710469563802,1589.3188781738281,0.999928945825337,1589.4316726848003,2.551130415042633,0.0,True,-10.0
100,G1,128,2,38.0,13.316735,783.3373529411764,"85,255,235",1587.9991048177083,68.77015177408855,1519.2289530436196,1.0001600643031108,1518.9851244944832,2.5867335242676806,0.0,True,-10.0
100,G2,128,2,38.0,13.316735,783.3373529411764,"85,255,235",1585.843017578125,68.80810546875,1517.034912109375,1.0001119260498093,1516.864406409091,2.571573879575502,0.0,True,-10.0
100,B,128,2,38.0,13.316735,783.3373529411764,"85,255,235",1625.365478515625,68.81151326497395,1556.5539652506511,0.9999351820849567,1556.6542577853254,2.62199198614707,0.0,True,-10.0
100,R,256,2,38.0,13.316735,783.3373529411764,"85,255,235",1657.6768595377605,68.7710469563802,1588.9058125813804,1.0000646897241627,1588.8023420167522,2.7280283431762324,0.0,True,-10.0
100,G1,256,2,38.0,13.316735,783.3373529411764,"85,255,235",1587.19287109375,68.77015177408855,1518.4227193196614,1.0000612946334868,1518.3292345127338,2.3463140776791636,0.0,True,-10.0
100,G2,256,2,38.0,13.316735,783.3373529411764,"85,255,235",1585.6585896809895,68.80810546875,1516.8504842122395,1.000004377988993,1516.8429101963168,2.355816986412255,0.0,True,-10.0
100,B,256,2,38.0,13.316735,783.3373529411764,"85,255,235",1624.45849609375,68.81151326497395,1555.6469828287761,0.9999982481190486,1555.6489903933136,2.294259975636611,0.0,True,-10.0
100,R,512,2,38.0,13.316735,783.3373529411764,"85,255,235",1653.951171875,68.7710469563802,1585.1801249186199,1.0000268077456618,1585.136960594696,2.5950942683986464,0.0,True,-10.0
100,G1,512,2,38.0,13.316735,783.3373529411764,"85,255,235",1583.8422241210938,68.77015177408855,1515.0720723470051,1.0000208515051223,1515.0398806611877,2.339390956877265,0.0,True,-10.0
100,G2,512,2,38.0,13.316735,783.3373529411764,"85,255,235",1582.2542317708333,68.80810546875,1513.4461263020833,1.0000448023147737,1513.3776083171308,2.4333951752608183,0.0,True,-10.0
100,B,512,2,38.0,13.316735,783.3373529411764,"85,255,235",1621.017557779948,68.81151326497395,1552.206044514974,1.0000457430106529,1552.1344156726102,2.3970272890565925,0.0,True,-10.0
100,R,1024,2,38.0,13.316735,783.3373529411764,"85,255,235",1640.6757431030273,68.7710469563802,1571.9046961466472,1.0000490341360362,1571.8269296232331,2.5132169038941843,0.0,True,-10.0
100,G1,1024,2,38.0,13.316735,783.3373529411764,"85,255,235",1571.154483795166,68.77015177408855,1502.3843320210774,1.0000277313320565,1502.3419458629708,2.3381808154707566,0.0,True,-10.0
100,G2,1024,2,38.0,13.316735,783.3373529411764,"85,255,235",1569.7945887247722,68.80810546875,1500.9864832560222,1.0000502090551149,1500.910409227371,2.351027254668993,0.0,True,-10.0
100,B,1024,2,38.0,13.316735,783.3373529411764,"85,255,235",1607.8517557779949,68.81151326497395,1539.040242513021,1.0000564054495118,1538.9528265101771,2.3322169553126093,0.0,True,-10.0
100,R,128,3,47.0,16.470699,968.8646470588235,"85,255,235",2040.5647786458333,68.7710469563802,1971.7937316894531,1.0025511118286778,1966.7769823017481,1.5624852817994461,0.0,True,-10.0
100,G1,128,3,47.0,16.470699,968.8646470588235,"85,255,235",1952.80322265625,68.77015177408855,1884.0330708821614,1.0023350182401831,1879.644491000764,1.1694980923179261,0.0,True,-10.0
100,G2,128,3,47.0,16.470699,968.8646470588235,"85,255,235",1950.51611328125,68.80810546875,1881.7080078125,1.0022135426988603,1877.552154290029,1.2448094704297814,0.0,True,-10.0
100,B,128,3,47.0,16.470699,968.8646470588235,"85,255,235",1998.6758626302083,68.81151326497395,1929.8643493652344,1.001861817754932,1926.2787472283756,1.8356081465374559,0.0,True,-10.0
100,R,256,3,47.0,16.470699,968.8646470588235,"85,255,235",2039.953389485677,68.7710469563802,1971.1823425292969,1.002395031309059,1966.4728677847627,1.1201967375521302,0.0,True,-10.0
100,G1,256,3,47.0,16.470699,968.8646470588235,"85,255,235",1951.994160970052,68.77015177408855,1883.2240091959634,1.002267008979776,1878.9649797078655,1.3849571519094992,0.0,True,-10.0
100,G2,256,3,47.0,16.470699,968.8646470588235,"85,255,235",1949.8892618815105,68.80810546875,1881.0811564127605,1.0022526096121689,1876.8535938362747,1.0678326087711314,0.0,True,-10.0
100,B,256,3,47.0,16.470699,968.8646470588235,"85,255,235",1997.9569905598958,68.81151326497395,1929.1454772949219,1.0021370797174958,1925.031920688626,1.2602274971263816,0.0,True,-10.0
100,R,512,3,47.0,16.470699,968.8646470588235,"85,255,235",2035.2457071940105,68.7710469563802,1966.4746602376304,1.0024062769375213,1961.7545028950515,1.1430001421894325,0.0,True,-10.0
100,G1,512,3,47.0,16.470699,968.8646470588235,"85,255,235",1947.7312927246094,68.77015177408855,1878.9611409505208,1.0022328951218424,1874.775366501858,1.1408363563237585,0.0,True,-10.0
100,G2,512,3,47.0,16.470699,968.8646470588235,"85,255,235",1945.743443806966,68.80810546875,1876.935338338216,1.0022537757705008,1872.7149789739487,1.1766653573601522,0.0,True,-10.0
100,B,512,3,47.0,16.470699,968.8646470588235,"85,255,235",1993.6165618896484,68.81151326497395,1924.8050486246746,1.002139010564824,1920.6970612073712,1.353760899141473,0.0,True,-10.0
100,R,1024,3,47.0,16.470699,968.8646470588235,"85,255,235",2018.7391370137532,68.7710469563802,1949.968090057373,1.0024379207528358,1945.2261796995801,1.221333514203789,0.0,True,-10.0
100,G1,1024,3,47.0,16.470699,968.8646470588235,"85,255,235",1931.9737764994304,68.77015177408855,1863.2036247253418,1.0022719314312976,1858.980514216951,1.1196221781391622,0.0,True,-10.0
100,G2,1024,3,47.0,16.470699,968.8646470588235,"85,255,235",1930.3371493021648,68.80810546875,1861.5290438334148,1.0022509857305042,1857.3485317213583,1.2221806886501432,0.0,True,-10.0
100,B,1024,3,47.0,16.470699,968.8646470588235,"85,255,235",1977.195613861084,68.81151326497395,1908.38410059611,1.0021143459778836,1904.3580078399755,1.2496417522232934,0.0,True,-10.0
100,R,128,4,55.0,19.274222,1133.7777647058824,"85,255,235",2370.9171549479165,68.7710469563802,2302.146107991536,1.0028749764449691,2295.5472532146814,1.893340379554687,0.0,True,-10.0
100,G1,128,4,55.0,19.274222,1133.7777647058824,"85,255,235",2269.0269368489585,68.77015177408855,2200.25678507487,1.0026336942088752,2194.4776123719407,1.2209656170926433,0.0,True,-10.0
100,G2,128,4,55.0,19.274222,1133.7777647058824,"85,255,235",2266.1593424479165,68.80810546875,2197.3512369791665,1.0028020555415529,2191.211946159801,1.4308384678198554,0.0,True,-10.0
100,B,128,4,55.0,19.274222,1133.7777647058824,"85,255,235",2322.585205078125,68.81151326497395,2253.773691813151,1.0024768457232491,2248.2056947631677,1.3092768160101316,0.0,True,-10.0
100,R,256,4,55.0,19.274222,1133.7777647058824,"85,255,235",2370.0965576171875,68.7710469563802,2301.325510660807,1.0027910929722574,2294.9208411279524,1.693150288293282,0.0,True,-10.0
100,G1,256,4,55.0,19.274222,1133.7777647058824,"85,255,235",2267.943074544271,68.77015177408855,2199.1729227701826,1.0026303757578134,2193.404029596788,1.6432052615485404,0.0,True,-10.0
100,G2,256,4,55.0,19.274222,1133.7777647058824,"85,255,235",2265.3311971028647,68.80810546875,2196.5230916341147,1.0027942591846246,2190.403219380141,1.6060035358431424,0.0,True,-10.0
100,B,256,4,55.0,19.274222,1133.7777647058824,"85,255,235",2321.6168619791665,68.81151326497395,2252.8053487141924,1.002568147759005,2247.035044698344,1.2467870052503498,0.0,True,-10.0
100,R,512,4,55.0,19.274222,1133.7777647058824,"85,255,235",2364.9695994059243,68.7710469563802,2296.198552449544,1.0028166465127013,2289.7497017602786,1.4713240192382662,0.0,True,-10.0
100,G1,512,4,55.0,19.274222,1133.7777647058824,"85,255,235",2262.9613749186196,68.77015177408855,2194.1912231445312,1.0027331326157114,2188.2111031934505,1.4773909524453608,0.0,True,-10.0
100,G2,512,4,55.0,19.274222,1133.7777647058824,"85,255,235",2260.431111653646,68.80810546875,2191.623006184896,1.0028186970473418,2185.4634489521945,1.5104538813777417,0.0,True,-10.0
100,B,512,4,55.0,19.274222,1133.7777647058824,"85,255,235",2316.6187133789062,68.81151326497395,2247.807200113932,1.0026115593459517,2241.9527151183443,1.4089181544036407,0.0,True,-10.0
100,R,1024,4,55.0,19.274222,1133.7777647058824,"85,255,235",2345.698741912842,68.7710469563802,2276.9276949564614,1.0028895166098817,2270.368009507781,1.5046837959713997,0.0,True,-10.0
100,G1,1024,4,55.0,19.274222,1133.7777647058824,"85,255,235",2244.482312520345,68.77015177408855,2175.712160746257,1.0027739501695387,2169.694091023724,1.4831312564707724,0.0,True,-10.0
100,G2,1024,4,55.0,19.274222,1133.7777647058824,"85,255,235",2242.4634704589844,68.80810546875,2173.6553649902344,1.0027701688726747,2167.6511799427485,1.4819677095698012,0.0,True,-10.0
100,B,1024,4,55.0,19.274222,1133.7777647058824,"85,255,235",2297.436781565348,68.81151326497395,2228.625268300374,1.002641382346752,2222.7546435048207,1.458442102702521,0.0,True,-10.0
100,R,128,5,59.0,20.675983,1216.2342941176469,"85,255,235",2536.415771484375,68.7710469563802,2467.6447245279946,1.0000756417842205,2467.4582524388193,4.516754232130804,0.0,True,-10.0
100,G1,128,5,59.0,20.675983,1216.2342941176469,"85,255,235",2426.8140462239585,68.77015177408855,2358.04389444987,1.0004548012413523,2356.9729575481874,4.074725156202691,0.0,True,-10.0
100,G2,128,5,59.0,20.675983,1216.2342941176469,"85,255,235",2423.5481770833335,68.80810546875,2354.7400716145835,1.000384732839115,2353.834770685798,4.101185171080468,0.0,True,-10.0
100,B,128,5,59.0,20.675983,1216.2342941176469,"85,255,235",2484.5362955729165,68.81151326497395,2415.7247823079424,1.000454782197943,2414.6273372889896,3.9911826163084454,0.0,True,-10.0
100,R,256,5,59.0,20.675983,1216.2342941176469,"85,255,235",2535.4550170898438,68.7710469563802,2466.6839701334634,1.0003370737423682,2465.852973251112,4.223561296980825,0.0,True,-10.0
100,G1,256,5,59.0,20.675983,1216.2342941176469,"85,255,235",2425.848185221354,68.77015177408855,2357.0780334472656,1.0004414098411134,2356.0386940594476,4.261633171000986,0.0,True,-10.0
100,G2,256,5,59.0,20.675983,1216.2342941176469,"85,255,235",2422.896525065104,68.80810546875,2354.088419596354,1.000363471104838,2353.233360431716,3.908917797002408,0.0,True,-10.0
100,B,256,5,59.0,20.675983,1216.2342941176469,"85,255,235",2483.3936971028647,68.81151326497395,2414.5821838378906,1.0003470011619235,2413.7454949682046,4.129240380999359,0.0,True,-10.0
100,R,512,5,59.0,20.675983,1216.2342941176469,"85,255,235",2529.5762379964194,68.7710469563802,2460.805191040039,1.0003809479142967,2459.8684485997396,4.170493253853316,0.0,True,-10.0
100,G1,512,5,59.0,20.675983,1216.2342941176469,"85,255,235",2420.292938232422,68.77015177408855,2351.5227864583335,1.0003671721192673,2350.660204786269,3.912803122883234,0.0,True,-10.0
100,G2,512,5,59.0,20.675983,1216.2342941176469,"85,255,235",2417.6549784342446,68.80810546875,2348.8468729654946,1.0003815542808037,2347.9515550695282,3.9109486401528115,0.0,True,-10.0
100,B,512,5,59.0,20.675983,1216.2342941176469,"85,255,235",2477.9103240966797,68.81151326497395,2409.0988108317056,1.0003109363600924,2408.350772129949,3.9210672775191067,0.0,True,-10.0
100,R,1024,5,59.0,20.675983,1216.2342941176469,"85,255,235",2508.965793609619,68.7710469563802,2440.194746653239,1.0003800224442516,2439.2681593957773,4.092747879367135,0.0,True,-10.0
100,G1,1024,5,59.0,20.675983,1216.2342941176469,"85,255,235",2400.4973386128745,68.77015177408855,2331.727186838786,1.000337191632985,2330.941722751561,3.925489082638032,0.0,True,-10.0
100,G2,1024,5,59.0,20.675983,1216.2342941176469,"85,255,235",2398.315658569336,68.80810546875,2329.507553100586,1.000342859252469,2328.709624134543,3.902947639136249,0.0,True,-10.0
100,B,1024,5,59.0,20.675983,1216.2342941176469,"85,255,235",2457.3552207946777,68.81151326497395,2388.5437075297036,1.0003263269650238,2387.765168459855,3.869022232875234,0.0,True,-10.0
100,R,128,6,63.0,22.077745000000004,1298.6908823529413,"85,255,235",2707.5999348958335,68.7710469563802,2638.828887939453,1.0017040872658731,2634.3415957472894,3.1537873831159904,0.0,True,-10.0
100,G1,128,6,63.0,22.077745000000004,1298.6908823529413,"85,255,235",2590.57373046875,68.77015177408855,2521.8035786946616,1.0016443478288288,2517.6642894318793,2.5177957573346395,0.0,True,-10.0
100,G2,128,6,63.0,22.077745000000004,1298.6908823529413,"85,255,235",2587.0629069010415,68.80810546875,2518.2548014322915,1.0016395464791792,2514.1336137576236,2.65705988412925,0.0,True,-10.0
100,B,128,6,63.0,22.077745000000004,1298.6908823529413,"85,255,235",2651.6290690104165,68.81151326497395,2582.8175557454424,1.0016483638400595,2578.5680177001755,3.485902119941399,0.0,True,-10.0
100,R,256,6,63.0,22.077745000000004,1298.6908823529413,"85,255,235",2706.4032999674478,68.7710469563802,2637.6322530110674,1.001780244968567,2632.946586837656,3.0956686015556567,0.0,True,-10.0
100,G1,256,6,63.0,22.077745000000004,1298.6908823529413,"85,255,235",2589.2242024739585,68.77015177408855,2520.45405069987,1.0017260621271855,2516.111954032074,2.469452650146362,0.0,True,-10.0
100,G2,256,6,63.0,22.077745000000004,1298.6908823529413,"85,255,235",2586.3207804361978,68.80810546875,2517.5126749674478,1.0016969680782415,2513.2487227017978,2.698345572336221,0.0,True,-10.0
100,B,256,6,63.0,22.077745000000004,1298.6908823529413,"85,255,235",2650.6657104492188,68.81151326497395,2581.8541971842446,1.0016045804020741,2577.7186861808163,2.625524542381574,0.0,True,-10.0
100,R,512,6,63.0,22.077745000000004,1298.6908823529413,"85,255,235",2700.5152130126953,68.7710469563802,2631.744166056315,1.0017555469623975,2627.1333135263426,2.766380822733652,0.0,True,-10.0
100,G1,512,6,63.0,22.077745000000004,1298.6908823529413,"85,255,235",2583.4808197021484,68.77015177408855,2514.71066792806,1.0017173168384403,2510.400610492277,2.5145597725215905,0.0,True,-10.0
100,G2,512,6,63.0,22.077745000000004,1298.6908823529413,"85,255,235",2580.8329467773438,68.80810546875,2512.0248413085938,1.001645821947631,2507.8982357651166,2.411699902722213,0.0,True,-10.0
100,B,512,6,63.0,22.077745000000004,1298.6908823529413,"85,255,235",2645.1319478352866,68.81151326497395,2576.3204345703125,1.0015755150677885,2572.2686189055353,2.6076679414976955,0.0,True,-10.0
100,R,1024,6,63.0,22.077745000000004,1298.6908823529413,"85,255,235",2678.531197865804,68.7710469563802,2609.760150909424,1.0016952551453298,2605.344533085969,2.490034301723719,0.0,True,-10.0
100,G1,1024,6,63.0,22.077745000000004,1298.6908823529413,"85,255,235",2562.4037157694497,68.77015177408855,2493.6335639953613,1.0016435005826025,2489.5430348554432,2.357209520691495,0.0,True,-10.0
100,G2,1024,6,63.0,22.077745000000004,1298.6908823529413,"85,255,235",2560.179541269938,68.80810546875,2491.371435801188,1.001619212066234,2487.3448957077635,2.4052407023270557,0.0,True,-10.0
100,B,1024,6,63.0,22.077745000000004,1298.6908823529413,"85,255,235",2623.15496190389,68.81151326497395,2554.343448638916,1.001558443878623,2550.3697416893133,2.335496780737574,0.0,True,-10.0
100,R,128,7,67.0,23.479506,1381.1474117647058,"85,255,235",2869.6774088541665,68.7710469563802,2800.906361897786,1.00074460485896,2798.8219613366964,5.953204754361746,0.0,True,-10.0
100,G1,128,7,67.0,23.479506,1381.1474117647058,"85,255,235",2745.160888671875,68.77015177408855,2676.3907368977866,1.0004404664191975,2675.2126438525156,5.821593618171678,0.0,True,-10.0
100,G2,128,7,67.0,23.479506,1381.1474117647058,"85,255,235",2742.0946451822915,68.80810546875,2673.2865397135415,1.0002703483558364,2672.5631671985957,5.577227474909353,0.0,True,-10.0
100,B,128,7,67.0,23.479506,1381.1474117647058,"85,255,235",2810.1011555989585,68.81151326497395,2741.2896423339844,1.0003248623467103,2740.39854422122,5.4118442297105975,0.0,True,-10.0
100,R,256,7,67.0,23.479506,1381.1474117647058,"85,255,235",2869.0396931966147,68.7710469563802,2800.2686462402344,1.0006302826721454,2798.504033612871,5.270328937961045,0.0,True,-10.0
100,G1,256,7,67.0,23.479506,1381.1474117647058,"85,255,235",2744.0972900390625,68.77015177408855,2675.327138264974,1.000429973375548,2674.177065999747,5.460844033211969,0.0,True,-10.0
100,G2,256,7,67.0,23.479506,1381.1474117647058,"85,255,235",2741.3131103515625,68.80810546875,2672.5050048828125,1.0004819553599724,2671.2171143398127,5.496609487000564,0.0,True,-10.0
100,B,256,7,67.0,23.479506,1381.1474117647058,"85,255,235",2809.304972330729,68.81151326497395,2740.493459065755,1.0003220746494488,2739.61060233122,5.376850141947249,0.0,True,-10.0
100,R,512,7,67.0,23.479506,1381.1474117647058,"85,255,235",2862.6152699788413,68.7710469563802,2793.844223022461,1.0006829431781423,2791.9370096755833,5.56776264413702,0.0,True,-10.0
100,G1,512,7,67.0,23.479506,1381.1474117647058,"85,255,235",2738.1606241861978,68.77015177408855,2669.3904724121094,1.000490282718749,2668.0819134491685,5.5533301376902084,0.0,True,-10.0
100,G2,512,7,67.0,23.479506,1381.1474117647058,"85,255,235",2735.2016245524087,68.80810546875,2666.3935190836587,1.0004915662585996,2665.0829378126405,5.401491930697301,0.0,True,-10.0
100,B,512,7,67.0,23.479506,1381.1474117647058,"85,255,235",2803.1645304361978,68.81151326497395,2734.3530171712237,1.0002862345682362,2733.57024538805,5.518910242180687,0.0,True,-10.0
100,R,1024,7,67.0,23.479506,1381.1474117647058,"85,255,235",2839.291695912679,68.7710469563802,2770.520648956299,1.0007181593929106,2768.5318914105233,5.51625238074814,0.0,True,-10.0
100,G1,1024,7,67.0,23.479506,1381.1474117647058,"85,255,235",2715.692597707113,68.77015177408855,2646.9224459330244,1.0004722683213159,2645.6724555743317,5.399545078963207,0.0,True,-10.0
100,G2,1024,7,67.0,23.479506,1381.1474117647058,"85,255,235",2713.2730127970376,68.80810546875,2644.4649073282876,1.0005076787369227,2643.1225633800805,5.381058177959334,0.0,True,-10.0
100,B,1024,7,67.0,23.479506,1381.1474117647058,"85,255,235",2779.875779469808,68.81151326497395,2711.064266204834,1.000265023620672,2710.345497487575,5.424136862357529,0.0,True,-10.0
100,R,128,8,71.0,24.881267999999995,1463.6039999999996,"85,255,235",3025.5135091145835,68.7710469563802,2956.742462158203,0.9972735509940512,2964.8270026709656,1.6740084766225973,0.0,True,-10.0
100,G1,128,8,71.0,24.881267999999995,1463.6039999999996,"85,255,235",2894.5096028645835,68.77015177408855,2825.739451090495,0.9972806736523884,2833.4449172741674,0.9544843924704293,0.0,True,-10.0
100,G2,128,8,71.0,24.881267999999995,1463.6039999999996,"85,255,235",2890.9864095052085,68.80810546875,2822.1783040364585,0.9971757458974472,2830.1715070965815,0.27735228222534947,0.0,True,-10.0
100,B,128,8,71.0,24.881267999999995,1463.6039999999996,"85,255,235",2963.1009928385415,68.81151326497395,2894.2894795735674,0.9974656344702808,2901.6436476501017,0.9105285396726871,0.0,True,-10.0
100,R,256,8,71.0,24.881267999999995,1463.6039999999996,"85,255,235",3024.8543090820312,68.7710469563802,2956.083262125651,0.9974627796420736,2963.6031763616666,1.4414705686346507,0.0,True,-10.0
100,G1,256,8,71.0,24.881267999999995,1463.6039999999996,"85,255,235",2893.1453857421875,68.77015177408855,2824.375233968099,0.9973395884931279,2831.9096624854824,1.1729291329720744,0.0,True,-10.0
100,G2,256,8,71.0,24.881267999999995,1463.6039999999996,"85,255,235",2889.9024454752603,68.80810546875,2821.0943400065103,0.997305271677123,2828.7171792461254,0.7412291285198465,0.0,True,-10.0
100,B,256,8,71.0,24.881267999999995,1463.6039999999996,"85,255,235",2962.1444702148438,68.81151326497395,2893.3329569498696,0.9973648126429989,2900.9778532741298,0.8546541036306431,0.0,True,-10.0
100,R,512,8,71.0,24.881267999999995,1463.6039999999996,"85,255,235",3018.0156606038413,68.7710469563802,2949.244613647461,0.9975558374432897,2956.4711898134137,1.2678365315658928,0.0,True,-10.0
100,G1,512,8,71.0,24.881267999999995,1463.6039999999996,"85,255,235",2886.703557332357,68.77015177408855,2817.9334055582685,0.9973833351116719,2825.3265828092867,1.0893626105988337,0.0,True,-10.0
100,G2,512,8,71.0,24.881267999999995,1463.6039999999996,"85,255,235",2883.5624033610025,68.80810546875,2814.7542978922525,0.9973828125843767,2822.140686495917,0.9924470962712718,0.0,True,-10.0
100,B,512,8,71.0,24.881267999999995,1463.6039999999996,"85,255,235",2955.699717203776,68.81151326497395,2886.888203938802,0.9973523533359588,2894.5524042190605,1.0981983623732496,0.0,True,-10.0
100,R,1024,8,71.0,24.881267999999995,1463.6039999999996,"85,255,235",2993.3265279134116,68.7710469563802,2924.5554809570312,0.997499898011556,2931.885884018556,1.1510806943888434,0.0,True,-10.0
100,G1,1024,8,71.0,24.881267999999995,1463.6039999999996,"85,255,235",2863.0469551086426,68.77015177408855,2794.276803334554,0.9973945555925394,2801.576527422391,1.146254526330541,0.0,True,-10.0
100,G2,1024,8,71.0,24.881267999999995,1463.6039999999996,"85,255,235",2860.467325846354,68.80810546875,2791.659220377604,0.9974094102437872,2798.910414688094,1.1155486699014954,0.0,True,-10.0
100,B,1024,8,71.0,24.881267999999995,1463.6039999999996,"85,255,235",2931.1909205118814,68.81151326497395,2862.3794072469072,0.99734375094153,2870.003232216213,1.1147577715560932,0.0,True,-10.0
100,R,128,9,75.0,26.28303,1546.060588235294,"85,255,235",3198.6507975260415,68.7710469563802,3129.879750569661,0.9998222331524155,3130.4395596782197,4.30552445792538,0.0,True,-10.0
100,G1,128,9,75.0,26.28303,1546.060588235294,"85,255,235",3058.9984537760415,68.77015177408855,2990.228302001953,0.9994082780069325,2992.0036811436985,3.780604612573568,0.0,True,-10.0
100,G2,128,9,75.0,26.28303,1546.060588235294,"85,255,235",3055.681640625,68.80810546875,2986.87353515625,0.9997262393011782,2987.695909299517,3.756710161159291,0.0,True,-10.0
100,B,128,9,75.0,26.28303,1546.060588235294,"85,255,235",3132.2063802083335,68.81151326497395,3063.3948669433594,0.9993367657790341,3065.42924866408,3.5330350061088405,0.0,True,-10.0
100,R,256,9,75.0,26.28303,1546.060588235294,"85,255,235",3197.3036092122397,68.7710469563802,3128.5325622558594,0.9998435961524992,3129.0260678469144,4.075679100631201,0.0,True,-10.0
100,G1,256,9,75.0,26.28303,1546.060588235294,"85,255,235",3057.9725138346353,68.77015177408855,2989.202362060547,0.9995298544698565,2990.6110886143665,3.6017885990393834,0.0,True,-10.0
100,G2,256,9,75.0,26.28303,1546.060588235294,"85,255,235",3054.4426472981772,68.80810546875,2985.6345418294272,0.9995902118620078,2986.8619939979285,3.742655790736448,0.0,True,-10.0
100,B,256,9,75.0,26.28303,1546.060588235294,"85,255,235",3130.8615926106772,68.81151326497395,3062.050079345703,0.9994739882355544,3063.6644637397962,3.580802006786699,0.0,True,-10.0
100,R,512,9,75.0,26.28303,1546.060588235294,"85,255,235",3190.3795623779297,68.7710469563802,3121.6085154215493,0.9997943098291461,3122.2546029280984,4.077356974463642,0.0,True,-10.0
100,G1,512,9,75.0,26.28303,1546.060588235294,"85,255,235",3051.143712361654,68.77015177408855,2982.3735605875654,0.9996489595151927,2983.4237825797486,3.510175043076517,0.0,True,-10.0
100,G2,512,9,75.0,26.28303,1546.060588235294,"85,255,235",3047.6773274739585,68.80810546875,2978.8692220052085,0.9995533675817517,2980.203721233605,3.7336736300547995,0.0,True,-10.0
100,B,512,9,75.0,26.28303,1546.060588235294,"85,255,235",3124.0525716145835,68.81151326497395,3055.2410583496094,0.9994763298159204,3056.8449933155384,3.457517560601106,0.0,True,-10.0
100,R,1024,9,75.0,26.28303,1546.060588235294,"85,255,235",3164.1994183858237,68.7710469563802,3095.4283714294434,0.9997805062764057,3096.1117134763535,3.92131160911769,0.0,True,-10.0
100,G1,1024,9,75.0,26.28303,1546.060588235294,"85,255,235",3026.0092379252114,68.77015177408855,2957.239086151123,0.9995998112887284,2958.426032614225,3.449292989908134,0.0,True,-10.0
100,G2,1024,9,75.0,26.28303,1546.060588235294,"85,255,235",3023.2680791219077,68.80810546875,2954.4599736531577,0.9995764272955091,2955.715182108557,3.6336213768004244,0.0,True,-10.0
100,B,1024,9,75.0,26.28303,1546.060588235294,"85,255,235",3097.8036142985025,68.81151326497395,3028.9921010335283,0.9994300021864685,3030.7226161167036,3.467639666281838,0.0,True,-10.0
100,R,128,10,79.0,27.684791,1628.5171176470587,"85,255,235",3369.8755696614585,68.7710469563802,3301.104522705078,1.0007827636648827,3298.524051829692,2.3343106140046,0.0,True,-10.0
100,G1,128,10,79.0,27.684791,1628.5171176470587,"85,255,235",3223.3723958333335,68.77015177408855,3154.602244059245,1.0005236733613934,3152.953526956651,3.0852861373707796,0.0,True,-10.0
100,G2,128,10,79.0,27.684791,1628.5171176470587,"85,255,235",3218.9087727864585,68.80810546875,3150.1006673177085,1.0005577937565822,3148.3468581842576,3.080097305987112,0.0,True,-10.0
100,B,128,10,79.0,27.684791,1628.5171176470587,"85,255,235",3298.9991048177085,68.81151326497395,3230.1875915527344,1.0001112102019762,3229.830448778383,2.8731027776893807,0.0,True,-10.0
100,R,256,10,79.0,27.684791,1628.5171176470587,"85,255,235",3368.6458129882812,68.7710469563802,3299.874766031901,1.0007093493760326,3297.5374887738285,2.690313219095613,0.0,True,-10.0
100,G1,256,10,79.0,27.684791,1628.5171176470587,"85,255,235",3221.444580078125,68.77015177408855,3152.6744283040366,1.0005509195850981,3150.940556363081,2.885702521763665,0.0,True,-10.0
100,G2,256,10,79.0,27.684791,1628.5171176470587,"85,255,235",3217.7522989908853,68.80810546875,3148.9441935221353,1.000439176158003,3147.563930738772,2.8576226573428865,0.0,True,-10.0
100,B,256,10,79.0,27.684791,1628.5171176470587,"85,255,235",3297.7803548177085,68.81151326497395,3228.9688415527344,1.0001648512173436,3228.438632832938,2.755306422817866,0.0,True,-10.0
100,R,512,10,79.0,27.684791,1628.5171176470587,"85,255,235",3361.1983591715493,68.7710469563802,3292.427312215169,1.000740396232325,3289.9933363101386,2.8011358739579673,0.0,True,-10.0
100,G1,512,10,79.0,27.684791,1628.5171176470587,"85,255,235",3214.147516886393,68.77015177408855,3145.3773651123047,1.0004558855536307,3143.9460517842635,2.815859371396788,0.0,True,-10.0
100,G2,512,10,79.0,27.684791,1628.5171176470587,"85,255,235",3210.5416005452475,68.80810546875,3141.7334950764975,1.0004809214997301,3140.225074007907,2.563311141927491,0.0,True,-10.0
100,B,512,10,79.0,27.684791,1628.5171176470587,"85,255,235",3290.4687296549478,68.81151326497395,3221.6572163899737,1.000139772792405,3221.2088651326726,2.6978208508582626,0.0,True,-10.0
100,R,1024,10,79.0,27.684791,1628.5171176470587,"85,255,235",3333.6032956441245,68.7710469563802,3264.832248687744,1.0007048072093916,3262.534808339949,2.912669839494452,0.0,True,-10.0
100,G1,1024,10,79.0,27.684791,1628.5171176470587,"85,255,235",3187.723243713379,68.77015177408855,3118.9530919392905,1.0004108476028737,3117.6741169491256,2.7455941819230976,0.0,True,-10.0
100,G2,1024,10,79.0,27.684791,1628.5171176470587,"85,255,235",3184.8110529581704,68.80810546875,3116.0029474894204,1.0004241120118167,3114.6837206205723,2.5351623130021896,0.0,True,-10.0
100,B,1024,10,79.0,27.684791,1628.5171176470587,"85,255,235",3263.0554682413735,68.81151326497395,3194.2439549763994,1.0001233472582574,3193.8518472763462,2.6679787265788297,0.0,True,-10.0
100,R,128,11,83.0,29.086553,1710.9737058823528,"85,255,235",3540.7017415364585,68.7710469563802,3471.930694580078,1.002701883753606,3462.5774520664672,2.678299734026865,0.0,True,-10.0
100,G1,128,11,83.0,29.086553,1710.9737058823528,"85,255,235",3385.403076171875,68.77015177408855,3316.6329243977866,1.0020453979806712,3309.8673486990206,4.490190238459924,0.0,True,-10.0
100,G2,128,11,83.0,29.086553,1710.9737058823528,"85,255,235",3381.1148274739585,68.80810546875,3312.3067220052085,1.0020410103979176,3305.563805605536,4.147450946872191,0.0,True,-10.0
100,B,128,11,83.0,29.086553,1710.9737058823528,"85,255,235",3465.1966959635415,68.81151326497395,3396.3851826985674,1.0016931241427882,3390.64891805091,4.889934022204382,0.0,True,-10.0
100,R,256,11,83.0,29.086553,1710.9737058823528,"85,255,235",3539.5677897135415,68.7710469563802,3470.796742757161,1.0026077463731766,3461.7725080026794,3.695006102934019,0.0,True,-10.0
100,G1,256,11,83.0,29.086553,1710.9737058823528,"85,255,235",3383.999959309896,68.77015177408855,3315.2298075358076,1.002041042296028,3308.481323480391,4.420909113606472,0.0,True,-10.0
100,G2,256,11,83.0,29.086553,1710.9737058823528,"85,255,235",3380.1186726888022,68.80810546875,3311.3105672200522,1.002173172691373,3304.133880958077,4.10373871010663,0.0,True,-10.0
100,B,256,11,83.0,29.086553,1710.9737058823528,"85,255,235",3464.222371419271,68.81151326497395,3395.410858154297,1.001797418803475,3389.322950835683,4.553509935747054,0.0,True,-10.0
100,R,512,11,83.0,29.086553,1710.9737058823528,"85,255,235",3531.5415700276694,68.7710469563802,3462.770523071289,1.0024824593419241,3454.199397342567,4.055726267223545,0.0,True,-10.0
100,G1,512,11,83.0,29.086553,1710.9737058823528,"85,255,235",3376.4749908447266,68.77015177408855,3307.704839070638,1.0021334828355883,3300.6669428857044,4.23795252366079,0.0,True,-10.0
100,G2,512,11,83.0,29.086553,1710.9737058823528,"85,255,235",3372.6725158691406,68.80810546875,3303.8644104003906,1.0021825491359966,3296.673005003724,4.027094620510186,0.0,True,-10.0
100,B,512,11,83.0,29.086553,1710.9737058823528,"85,255,235",3456.579401652018,68.81151326497395,3387.767888387044,1.0017739094853735,3381.7730683087575,4.464971579224144,0.0,True,-10.0
100,R,1024,11,83.0,29.086553,1710.9737058823528,"85,255,235",3502.5082410176597,68.7710469563802,3433.7371940612793,1.0025176646465426,3425.1177108927327,4.187163825043565,0.0,True,-10.0
100,G1,1024,11,83.0,29.086553,1710.9737058823528,"85,255,235",3348.60911432902,68.77015177408855,3279.8389625549316,1.0021728624033541,3272.7314971641135,4.067951834272489,0.0,True,-10.0
100,G2,1024,11,83.0,29.086553,1710.9737058823528,"85,255,235",3345.558951059977,68.80810546875,3276.750845591227,1.002183716311835,3269.614631718187,4.0544706571386575,0.0,True,-10.0
100,B,1024,11,83.0,29.086553,1710.9737058823528,"85,255,235",3427.5232149759927,68.81151326497395,3358.7117017110186,1.0017650662551427,3352.79745075561,4.140491437445029,0.0,True,-10.0
100,R,128,12,87.0,30.488314,1793.4302352941174,"85,255,235",3714.264404296875,68.7710469563802,3645.4933573404946,1.0045258979679537,3629.0689426239874,0.6795420557237878,0.0,True,-10.0
100,G1,128,12,87.0,30.488314,1793.4302352941174,"85,255,235",3550.677490234375,68.77015177408855,3481.9073384602866,1.0038092714512492,3468.694296512103,2.568725129069562,0.0,True,-10.0
100,G2,128,12,87.0,30.488314,1793.4302352941174,"85,255,235",3545.97265625,68.80810546875,3477.16455078125,1.0036238915854732,3464.6093622266512,1.3542161678543145,0.0,True,-10.0
100,B,128,12,87.0,30.488314,1793.4302352941174,"85,255,235",3633.6319986979165,68.81151326497395,3564.8204854329424,1.0030463204693911,3553.9937711591083,1.8650642938531383,0.0,True,-10.0
100,R,256,12,87.0,30.488314,1793.4302352941174,"85,255,235",3713.119344075521,68.7710469563802,3644.3482971191406,1.0043766405752375,3628.4674797273406,1.1593862779999706,0.0,True,-10.0
100,G1,256,12,87.0,30.488314,1793.4302352941174,"85,255,235",3549.4542846679688,68.77015177408855,3480.6841328938804,1.0038141108841534,3467.4587255027127,2.1343713672443876,0.0,True,-10.0
100,G2,256,12,87.0,30.488314,1793.4302352941174,"85,255,235",3545.2475382486978,68.80810546875,3476.4394327799478,1.0037374150061353,3463.4948404108472,1.35902793760144,0.0,True,-10.0
100,B,256,12,87.0,30.488314,1793.4302352941174,"85,255,235",3632.135782877604,68.81151326497395,3563.32426961263,1.0029975996423859,3552.674625198717,1.613710990338863,0.0,True,-10.0
100,R,512,12,87.0,30.488314,1793.4302352941174,"85,255,235",3704.910573323568,68.7710469563802,3636.1395263671875,1.004348412517593,3620.3962228698706,1.3499173529193482,0.0,True,-10.0
100,G1,512,12,87.0,30.488314,1793.4302352941174,"85,255,235",3541.4168497721353,68.77015177408855,3472.646697998047,1.0038350227432806,3459.379740327813,1.6202132808879561,0.0,True,-10.0
100,G2,512,12,87.0,30.488314,1793.4302352941174,"85,255,235",3537.415700276693,68.80810546875,3468.607594807943,1.0037629900906848,3455.6040763532656,1.3494863670580772,0.0,True,-10.0
100,B,512,12,87.0,30.488314,1793.4302352941174,"85,255,235",3624.339884440104,68.81151326497395,3555.52837117513,1.0030772463802113,3544.6205978873318,1.7045100685438235,0.0,True,-10.0
100,R,1024,12,87.0,30.488314,1793.4302352941174,"85,255,235",3674.5810674031577,68.7710469563802,3605.8100204467773,1.0043869427406615,3590.0603103283715,1.4738184645568657,0.0,True,-10.0
100,G1,1024,12,87.0,30.488314,1793.4302352941174,"85,255,235",3512.1724395751953,68.77015177408855,3443.402287801107,1.0038109482033033,3430.3293203242906,1.552876214143446,0.0,True,-10.0
100,G2,1024,12,87.0,30.488314,1793.4302352941174,"85,255,235",3509.007024129232,68.80810546875,3440.198918660482,1.003765906936856,3427.291894296737,1.463478570621283,0.0,True,-10.0
100,B,1024,12,87.0,30.488314,1793.4302352941174,"85,255,235",3594.0257568359375,68.81151326497395,3525.2142435709634,1.0031001589056425,3514.3192504263166,1.623464641380254,0.0,True,-10.0
100,R,128,13,91.0,31.890076000000004,1875.886823529412,"85,255,235",3880.7796223958335,68.7710469563802,3812.008575439453,1.0037653227040202,3797.708665359663,1.003482850698929,0.0,True,-9.666666666666666
100,G1,128,13,91.0,31.890076000000004,1875.886823529412,"85,255,235",3710.3824055989585,68.77015177408855,3641.61225382487,1.002960511910579,3630.863067247247,2.389652187389014,0.0,True,-9.666666666666666
100,G2,128,13,91.0,31.890076000000004,1875.886823529412,"85,255,235",3705.5118001302085,68.80810546875,3636.7036946614585,1.0028022995184103,3626.540939293019,2.3662412314513634,0.0,True,-9.666666666666666
100,B,128,13,91.0,31.890076000000004,1875.886823529412,"85,255,235",3797.720458984375,68.81151326497395,3728.908945719401,1.0022917783245446,3720.382965620435,2.9645278878700885,0.0,True,-9.666666666666666
100,R,256,13,91.0,31.890076000000004,1875.886823529412,"85,255,235",3879.5337524414062,68.7710469563802,3810.762705485026,1.003337103707354,3798.0878749136577,2.322305538399118,0.0,True,-9.666666666666666
100,G1,256,13,91.0,31.890076000000004,1875.886823529412,"85,255,235",3708.9149780273438,68.77015177408855,3640.1448262532554,1.0029285871836284,3629.5155099234635,1.8865915600627785,0.0,True,-9.666666666666666
100,G2,256,13,91.0,31.890076000000004,1875.886823529412,"85,255,235",3704.5617879231772,68.80810546875,3635.7536824544272,1.0027521511087139,3625.775028184373,2.3040870784590752,0.0,True,-9.666666666666666
100,B,256,13,91.0,31.890076000000004,1875.886823529412,"85,255,235",3796.2390340169272,68.81151326497395,3727.427520751953,1.0022364684848177,3719.1101197822613,2.3372735581774866,0.0,True,-9.666666666666666
100,R,512,13,91.0,31.890076000000004,1875.886823529412,"85,255,235",3870.8860524495444,68.7710469563802,3802.115005493164,1.0033567811222301,3789.3946195042386,2.393983957487033,0.0,True,-9.666666666666666
100,G1,512,13,91.0,31.890076000000004,1875.886823529412,"85,255,235",3700.446233113607,68.77015177408855,3631.6760813395185,1.0028571822913939,3621.329294601421,1.9872704313041163,0.0,True,-9.666666666666666
100,G2,512,13,91.0,31.890076000000004,1875.886823529412,"85,255,235",3696.4480997721353,68.80810546875,3627.6399943033853,1.002792951406275,3617.5362984080834,2.0083443786425628,0.0,True,-9.666666666666666
100,B,512,13,91.0,31.890076000000004,1875.886823529412,"85,255,235",3788.0099894205728,68.81151326497395,3719.1984761555987,1.0022370078374336,3710.897402785733,2.2145796775715514,0.0,True,-9.666666666666666
100,R,1024,13,91.0,31.890076000000004,1875.886823529412,"85,255,235",3839.0592511494956,68.7710469563802,3770.2882041931152,1.0032592263116327,3758.0396753340756,2.2240663952434407,0.0,True,-9.666666666666666
100,G1,1024,13,91.0,31.890076000000004,1875.886823529412,"85,255,235",3669.986543019613,68.77015177408855,3601.2163912455244,1.002825994100281,3591.068090449728,2.1714287435201896,0.0,True,-9.666666666666666
100,G2,1024,13,91.0,31.890076000000004,1875.886823529412,"85,255,235",3666.61568069458,68.80810546875,3597.80757522583,1.0028196773357354,3587.691425779245,2.1306871390956967,0.0,True,-9.666666666666666
100,B,1024,13,91.0,31.890076000000004,1875.886823529412,"85,255,235",3756.2521845499673,68.81151326497395,3687.440671284993,1.0022535341744756,3679.1498290151885,2.3634100194897205,0.0,True,-9.666666666666666
100,R,128,14,95.0,33.291838,1958.3434117647057,"85,255,235",4039.7180989583335,68.7710469563802,3970.947052001953,1.0007954962064318,3967.7920851698623,2.4013804605517075,0.08341471354166667,False,-10.0
100,G1,128,14,95.0,33.291838,1958.3434117647057,"85,255,235",3865.3231608072915,68.77015177408855,3796.553009033203,1.0012525564289732,3791.804063998023,1.368864159865046,0.0,True,-10.0
100,G2,128,14,95.0,33.291838,1958.3434117647057,"85,255,235",3860.5335286458335,68.80810546875,3791.7254231770835,1.0013296145447494,3786.690658255878,0.5834465294871842,0.0,True,-10.0
100,B,128,14,95.0,33.291838,1958.3434117647057,"85,255,235",3957.1573893229165,68.81151326497395,3888.3458760579424,1.0010857478471253,3884.128683845724,0.3923168162423867,8.138020833333333e-05,True,-10.0
100,R,256,14,95.0,33.291838,1958.3434117647057,"85,255,235",4038.2056681315103,68.7710469563802,3969.43462117513,1.001049256592364,3965.27469658551,1.3831962341345,0.07655843098958333,False,-10.0
100,G1,256,14,95.0,33.291838,1958.3434117647057,"85,255,235",3863.4005533854165,68.77015177408855,3794.630401611328,1.0012228271721482,3789.9961589508525,0.9067763490219395,0.0,True,-10.0
100,G2,256,14,95.0,33.291838,1958.3434117647057,"85,255,235",3859.168701171875,68.80810546875,3790.360595703125,1.0012467645156058,3785.640990558517,0.6584363642754625,0.0,True,-10.0
100,B,256,14,95.0,33.291838,1958.3434117647057,"85,255,235",3955.8111572265625,68.81151326497395,3886.9996439615884,1.0011187315405878,3882.656042163449,0.6163708248907853,0.0001220703125,True,-10.0
100,R,512,14,95.0,33.291838,1958.3434117647057,"85,255,235",4029.6748402913413,68.7710469563802,3960.903793334961,1.0012280356283971,3956.046135174329,1.2087143002324676,0.051396687825520836,False,-10.0
100,G1,512,14,95.0,33.291838,1958.3434117647057,"85,255,235",3854.775304158529,68.77015177408855,3786.0051523844404,1.0012136106159495,3781.4162681304842,1.0647924546453478,0.0,True,-10.0
100,G2,512,14,95.0,33.291838,1958.3434117647057,"85,255,235",3850.6112365722656,68.80810546875,3781.8031311035156,1.0012168952361762,3777.206834727973,0.7219702864023332,0.0,True,-10.0
100,B,512,14,95.0,33.291838,1958.3434117647057,"85,255,235",3947.3216654459634,68.81151326497395,3878.5101521809893,1.0010934438117354,3874.273966350463,0.8295445161709826,0.0001068115234375,True,-10.0
100,R,1024,14,95.0,33.291838,1958.3434117647057,"85,255,235",3997.0171750386558,68.7710469563802,3928.2461280822754,1.001226050180149,3923.4361652585408,1.0030802859855679,0.018048604329427082,False,-10.0
100,G1,1024,14,95.0,33.291838,1958.3434117647057,"85,255,235",3823.006362915039,68.77015177408855,3754.2362111409507,1.001235552570937,3749.6036820531076,1.0467406209007943,0.0,True,-10.0
100,G2,1024,14,95.0,33.291838,1958.3434117647057,"85,255,235",3819.550092061361,68.80810546875,3750.741986592611,1.0012061630770897,3746.223703476546,1.0257647003151682,0.0,True,-10.0
100,B,1024,14,95.0,33.291838,1958.3434117647057,"85,255,235",3914.2947591145835,68.81151326497395,3845.4832458496094,1.0010962933869216,3841.272229307939,0.8920120877630262,2.9246012369791668e-05,True,-10.0
100,R,128,15,99.0,34.693599,2040.7999411764704,"85,255,235",4094.9646809895835,68.7710469563802,4026.193634033203,1.0006266735747344,4023.6773616860514,5.625248048908577,0.9970703125,False,-10.0
100,G1,128,15,99.0,34.693599,2040.7999411764704,"85,255,235",4018.216552734375,68.77015177408855,3949.4464009602866,1.0010227525803221,3945.414430470806,5.017096206415905,0.030192057291666668,False,-10.0
100,G2,128,15,99.0,34.693599,2040.7999411764704,"85,255,235",4012.9561360677085,68.80810546875,3944.1480305989585,1.0009937397378235,3940.2354681562215,4.24537257884969,0.020751953125,False,-10.0
100,B,128,15,99.0,34.693599,2040.7999411764704,"85,255,235",4087.868408203125,68.81151326497395,4019.056894938151,1.001407474912354,4013.4130840239327,5.085642465562179,0.7117513020833334,False,-10.0
100,R,256,15,99.0,34.693599,2040.7999411764704,"85,255,235",4094.949951171875,68.7710469563802,4026.1789042154946,1.0007281937365737,4023.2547406606695,5.773936406884595,0.9960530598958334,False,-10.0
100,G1,256,15,99.0,34.693599,2040.7999411764704,"85,255,235",4016.2223307291665,68.77015177408855,3947.452178955078,1.0010293518323998,3943.3955423502143,4.646517126985763,0.0274658203125,False,-10.0
100,G2,256,15,99.0,34.693599,2040.7999411764704,"85,255,235",4011.6639607747397,68.80810546875,3942.8558553059897,1.0010717938171763,3938.636610364978,4.01395249402955,0.019673665364583332,False,-10.0
100,B,256,15,99.0,34.693599,2040.7999411764704,"85,255,235",4087.3938191731772,68.81151326497395,4018.582305908203,1.0013347315701278,4013.2304262805715,4.964099619841856,0.69775390625,False,-10.0
100,R,512,15,99.0,34.693599,2040.7999411764704,"85,255,235",4094.868453979492,68.7710469563802,4026.097407023112,1.0007020860872062,4023.2777787646532,5.505073506765282,0.9906158447265625,False,-10.0
100,G1,512,15,99.0,34.693599,2040.7999411764704,"85,255,235",4007.547841389974,68.77015177408855,3938.7776896158857,1.001018621240824,3934.7721743377783,4.435028172266016,0.017298380533854168,False,-10.0
100,G2,512,15,99.0,34.693599,2040.7999411764704,"85,255,235",4003.02294921875,68.80810546875,3934.21484375,1.0010751043983082,3929.992135186099,4.329373814705399,0.012410481770833334,False,-10.0
100,B,512,15,99.0,34.693599,2040.7999411764704,"85,255,235",4083.8348795572915,68.81151326497395,4015.0233662923174,1.0013024736885316,4009.8053972472594,4.895191020464631,0.6097513834635416,False,-10.0
100,R,1024,15,99.0,34.693599,2040.7999411764704,"85,255,235",4092.0804392496743,68.7710469563802,4023.309392293294,1.0007391490180433,4020.3424809512157,5.19566975530494,0.8845965067545573,False,-10.0
100,G1,1024,15,99.0,34.693599,2040.7999411764704,"85,255,235",3974.5925687154136,68.77015177408855,3905.822416941325,1.0010340690537767,3901.7903019429377,4.391877715090477,0.005738576253255208,True,-10.0
100,G2,1024,15,99.0,34.693599,2040.7999411764704,"85,255,235",3970.9748306274414,68.80810546875,3902.1667251586914,1.0010529988384278,3898.064834074812,4.467974597500792,0.004205067952473958,True,-10.0
100,B,1024,15,99.0,34.693599,2040.7999411764704,"85,255,235",4061.3631490071616,68.81151326497395,3992.5516357421875,1.0012884352898352,3987.4177544624677,4.396730278301637,0.32402674357096356,False,-10.0
100,R,128,16,103.0,36.095361,2123.2565294117644,"85,255,235",4095.0,68.7710469563802,4026.2289530436196,1.0009240250023737,4022.5198800892854,6.873011255029782,1.0,False,-10.0
100,G1,128,16,103.0,36.095361,2123.2565294117644,"85,255,235",4094.6195475260415,68.77015177408855,4025.849395751953,1.0012636831747816,4020.7789393095586,7.930744500288499,0.975341796875,False,-10.0
100,G2,128,16,103.0,36.095361,2123.2565294117644,"85,255,235",4094.4397786458335,68.80810546875,4025.6316731770835,1.0008983041237973,4022.0265601299357,6.864940865884037,0.968017578125,False,-10.0
100,B,128,16,103.0,36.095361,2123.2565294117644,"85,255,235",4095.0,68.81151326497395,4026.188486735026,1.0012158659282198,4021.3089595005517,7.701026405211236,1.0,False,-10.0
100,R,256,16,103.0,36.095361,2123.2565294117644,"85,255,235",4095.0,68.7710469563802,4026.2289530436196,1.0007810666822232,4023.095295777092,7.220813091479249,1.0,False,-10.0
100,G1,256,16,103.0,36.095361,2123.2565294117644,"85,255,235",4094.558146158854,68.77015177408855,4025.7879943847656,1.0010855083316106,4021.431658882091,7.308305251736803,0.97210693359375,False,-10.0
100,G2,256,16,103.0,36.095361,2123.2565294117644,"85,255,235",4094.3908894856772,68.80810546875,4025.5827840169272,1.0009392464205338,4021.813259552751,6.870054384558406,0.9640706380208334,False,-10.0
100,B,256,16,103.0,36.095361,2123.2565294117644,"85,255,235",4095.0,68.81151326497395,4026.188486735026,1.0013281975320523,4020.857816710691,7.691165292663587,1.0,False,-10.0
100,R,512,16,103.0,36.095361,2123.2565294117644,"85,255,235",4095.0,68.7710469563802,4026.2289530436196,1.0007765485733595,4023.112794512755,6.9381105174867646,1.0,False,-10.0
100,G1,512,16,103.0,36.095361,2123.2565294117644,"85,255,235",4094.0970560709634,68.77015177408855,4025.326904296875,1.0010289052704366,4021.198085556844,7.113609566384064,0.9499715169270834,False,-10.0
100,G2,512,16,103.0,36.095361,2123.2565294117644,"85,255,235",4093.9026845296225,68.80810546875,4025.0945790608725,1.0010581665436014,4020.848120644354,6.957187754296771,0.9397176106770834,False,-10.0
100,B,512,16,103.0,36.095361,2123.2565294117644,"85,255,235",4094.999755859375,68.81151326497395,4026.188242594401,1.0013412741094518,4020.80449540376,7.464829932667661,0.9999745686848959,False,-10.0
100,R,1024,16,103.0,36.095361,2123.2565294117644,"85,255,235",4094.999947865804,68.7710469563802,4026.228900909424,1.000728019438588,4023.3082275555043,7.105340208387168,0.9999910990397135,False,-10.0
100,G1,1024,16,103.0,36.095361,2123.2565294117644,"85,255,235",4087.266199747721,68.77015177408855,4018.496047973633,1.0010465173265395,4014.3023696955647,6.261202688618666,0.7535184224446615,False,-10.0
100,G2,1024,16,103.0,36.095361,2123.2565294117644,"85,255,235",4086.4931106567383,68.80810546875,4017.6850051879883,1.0010758738959893,4013.3746998560214,6.314357376078445,0.7332127888997396,False,-10.0
100,B,1024,16,103.0,36.095361,2123.2565294117644,"85,255,235",4094.9301389058433,68.81151326497395,4026.118625640869,1.0013048445304529,4020.88051510155,7.152846515287728,0.9956830342610677,False,-10.0
100,R,128,17,107.0,37.497122,2205.713058823529,"85,255,235",4095.0,68.7710469563802,4026.2289530436196,0.9987333291189033,4031.33559303754,1.2657768759203372,1.0,False,-10.0
100,G1,128,17,107.0,37.497122,2205.713058823529,"85,255,235",4095.0,68.77015177408855,4026.2298482259116,0.9988302151361877,4030.9452224158217,0.46344228983003666,1.0,False,-10.0
100,G2,128,17,107.0,37.497122,2205.713058823529,"85,255,235",4095.0,68.80810546875,4026.19189453125,0.9989755631739796,4030.320759190067,0.580324744368373,1.0,False,-10.0
100,B,128,17,107.0,37.497122,2205.713058823529,"85,255,235",4095.0,68.81151326497395,4026.188486735026,0.9993837462562115,4028.6711742139983,0.15129144021312432,1.0,False,-10.0
100,R,256,17,107.0,37.497122,2205.713058823529,"85,255,235",4095.0,68.7710469563802,4026.2289530436196,0.9987707782604353,4031.1842789157513,0.8030887483145774,1.0,False,-10.0
100,G1,256,17,107.0,37.497122,2205.713058823529,"85,255,235",4095.0,68.77015177408855,4026.2298482259116,0.9989178715247574,4030.5915672968913,0.7824885521962928,1.0,False,-10.0
100,G2,256,17,107.0,37.497122,2205.713058823529,"85,255,235",4095.0,68.80810546875,4026.19189453125,0.9989739249369355,4030.32736848057,0.5797358885384437,1.0,False,-10.0
100,B,256,17,107.0,37.497122,2205.713058823529,"85,255,235",4095.0,68.81151326497395,4026.188486735026,0.9993343938166476,4028.8701810821017,0.568471570819137,1.0,False,-10.0
100,R,512,17,107.0,37.497122,2205.713058823529,"85,255,235",4095.0,68.7710469563802,4026.2289530436196,0.998717232311282,4031.4004002941347,0.7666739870504542,1.0,False,-10.0
100,G1,512,17,107.0,37.497122,2205.713058823529,"85,255,235",4095.0,68.77015177408855,4026.2298482259116,0.9989161848677024,4030.5983501454393,0.6889968992809768,1.0,False,-10.0
100,G2,512,17,107.0,37.497122,2205.713058823529,"85,255,235",4095.0,68.80810546875,4026.19189453125,0.9989746499024982,4030.3244316714977,0.5136045182856575,1.0,False,-10.0
100,B,512,17,107.0,37.497122,2205.713058823529,"85,255,235",4095.0,68.81151326497395,4026.188486735026,0.9993977079103714,4028.61498882175,0.7742790263031254,1.0,False,-10.0
100,R,1024,17,107.0,37.497122,2205.713058823529,"85,255,235",4095.0,68.7710469563802,4026.2289530436196,0.9986545193571619,4031.6535837737006,0.8484407263428386,1.0,False,-10.0
100,G1,1024,17,107.0,37.497122,2205.713058823529,"85,255,235",4094.9976641337075,68.77015177408855,4026.227512359619,0.9989453231849863,4030.478448414278,0.7119051090257374,0.9998067220052084,False,-10.0
100,G2,1024,17,107.0,37.497122,2205.713058823529,"85,255,235",4094.9971211751304,68.80810546875,4026.1890157063804,0.998984561352105,4030.281593135643,0.6676535681969078,0.9998016357421875,False,-10.0
100,B,1024,17,107.0,37.497122,2205.713058823529,"85,255,235",4095.0,68.81151326497395,4026.188486735026,0.9993678230979525,4028.735399158629,0.4853641389245269,1.0,False,-10.0
100,R,128,18,111.0,38.898884,2288.1696470588236,"85,255,235",4095.0,68.7710469563802,4026.2289530436196,0.9961455565052346,4041.8097715901336,3.3920674176689896,1.0,False,-10.0
100,G1,128,18,111.0,38.898884,2288.1696470588236,"85,255,235",4095.0,68.77015177408855,4026.2298482259116,0.9967595439846492,4039.320040101725,2.406735727736825,1.0,False,-10.0
100,G2,128,18,111.0,38.898884,2288.1696470588236,"85,255,235",4095.0,68.80810546875,4026.19189453125,0.9969619001819963,4038.462621431261,2.9930468765877536,1.0,False,-10.0
100,B,128,18,111.0,38.898884,2288.1696470588236,"85,255,235",4095.0,68.81151326497395,4026.188486735026,0.997312719955113,4037.038494733891,2.8684644768178362,1.0,False,-10.0
100,R,256,18,111.0,38.898884,2288.1696470588236,"85,255,235",4095.0,68.7710469563802,4026.2289530436196,0.9961998773939916,4041.589111627008,3.143870796045308,1.0,False,-10.0
100,G1,256,18,111.0,38.898884,2288.1696470588236,"85,255,235",4095.0,68.77015177408855,4026.2298482259116,0.9968008862754307,4039.1525410921654,2.446359488793035,1.0,False,-10.0
100,G2,256,18,111.0,38.898884,2288.1696470588236,"85,255,235",4095.0,68.80810546875,4026.19189453125,0.9968504719178414,4038.9137464000346,2.6774484848609896,1.0,False,-10.0
100,B,256,18,111.0,38.898884,2288.1696470588236,"85,255,235",4095.0,68.81151326497395,4026.188486735026,0.997135635471423,4037.755546301891,2.973846096139423,1.0,False,-10.0
100,R,512,18,111.0,38.898884,2288.1696470588236,"85,255,235",4095.0,68.7710469563802,4026.2289530436196,0.9962084335382091,4041.5543321257232,3.078192717589382,1.0,False,-10.0
100,G1,512,18,111.0,38.898884,2288.1696470588236,"85,255,235",4095.0,68.77015177408855,4026.2298482259116,0.9967420351388641,4039.3911381966977,2.5807632361997945,1.0,False,-10.0
100,G2,512,18,111.0,38.898884,2288.1696470588236,"85,255,235",4095.0,68.80810546875,4026.19189453125,0.9966931937409115,4039.551309870509,2.9191633255643956,1.0,False,-10.0
100,B,512,18,111.0,38.898884,2288.1696470588236,"85,255,235",4095.0,68.81151326497395,4026.188486735026,0.9971496610103064,4037.6985761633296,2.788230688160892,1.0,False,-10.0
100,R,1024,18,111.0,38.898884,2288.1696470588236,"85,255,235",4095.0,68.7710469563802,4026.2289530436196,0.9962559689511146,4041.361339030777,2.9224226508647386,1.0,False,-10.0
100,G1,1024,18,111.0,38.898884,2288.1696470588236,"85,255,235",4095.0,68.77015177408855,4026.2298482259116,0.9967355895497421,4039.4174337116347,2.7774629652740748,1.0,False,-10.0
100,G2,1024,18,111.0,38.898884,2288.1696470588236,"85,255,235",4095.0,68.80810546875,4026.19189453125,0.9967068303833199,4039.495984649191,2.8590906777196756,1.0,False,-10.0
100,B,1024,18,111.0,38.898884,2288.1696470588236,"85,255,235",4095.0,68.81151326497395,4026.188486735026,0.9972413828382768,4037.3272154116553,2.79743789629708,1.0,False,-10.0
100,R,128,19,115.0,40.300645,2370.6261764705882,"85,255,235",4095.0,68.7710469563802,4026.2289530436196,0.9962233104098771,4041.493876843198,2.976080836585491,1.0,False,-10.0
100,G1,128,19,115.0,40.300645,2370.6261764705882,"85,255,235",4095.0,68.77015177408855,4026.2298482259116,0.9964958725958365,4040.3910240115906,4.362537711519796,1.0,False,-10.0
100,G2,128,19,115.0,40.300645,2370.6261764705882,"85,255,235",4095.0,68.80810546875,4026.19189453125,0.9965682028598829,4040.059048314956,3.8906857864300446,1.0,False,-10.0
100,B,128,19,115.0,40.300645,2370.6261764705882,"85,255,235",4095.0,68.81151326497395,4026.188486735026,0.9972053190161475,4037.474574498187,3.9988438189645628,1.0,False,-10.0
100,R,256,19,115.0,40.300645,2370.6261764705882,"85,255,235",4095.0,68.7710469563802,4026.2289530436196,0.9960982770678397,4042.00151318687,3.300243075422923,1.0,False,-10.0
100,G1,256,19,115.0,40.300645,2370.6261764705882,"85,255,235",4095.0,68.77015177408855,4026.2298482259116,0.9965954564774493,4039.98679503494,4.0025133086777736,1.0,False,-10.0
100,G2,256,19,115.0,40.300645,2370.6261764705882,"85,255,235",4095.0,68.80810546875,4026.19189453125,0.9965998876834368,4039.9305946567615,3.8841739925481575,1.0,False,-10.0
100,B,256,19,115.0,40.300645,2370.6261764705882,"85,255,235",4095.0,68.81151326497395,4026.188486735026,0.9970920487773741,4037.9328416708536,3.690540690124023,1.0,False,-10.0
100,R,512,19,115.0,40.300645,2370.6261764705882,"85,255,235",4095.0,68.7710469563802,4026.2289530436196,0.9960880270972229,4042.043292915578,3.467333783499402,1.0,False,-10.0
100,G1,512,19,115.0,40.300645,2370.6261764705882,"85,255,235",4095.0,68.77015177408855,4026.2298482259116,0.9966031791072586,4039.9552698146294,3.83283894125284,1.0,False,-10.0
100,G2,512,19,115.0,40.300645,2370.6261764705882,"85,255,235",4095.0,68.80810546875,4026.19189453125,0.9965952482011257,4039.949273857487,3.78318760129518,1.0,False,-10.0
100,B,512,19,115.0,40.300645,2370.6261764705882,"85,255,235",4095.0,68.81151326497395,4026.188486735026,0.9971274609487529,4037.789705920679,3.904157617443264,1.0,False,-10.0
100,R,1024,19,115.0,40.300645,2370.6261764705882,"85,255,235",4095.0,68.7710469563802,4026.2289530436196,0.9961765513337216,4041.684294592654,3.6324572104352555,1.0,False,-10.0
100,G1,1024,19,115.0,40.300645,2370.6261764705882,"85,255,235",4095.0,68.77015177408855,4026.2298482259116,0.996622500254383,4039.8769740487346,3.852748662984807,1.0,False,-10.0
100,G2,1024,19,115.0,40.300645,2370.6261764705882,"85,255,235",4095.0,68.80810546875,4026.19189453125,0.9966064577031833,4039.903868962086,3.8111042178937984,1.0,False,-10.0
100,B,1024,19,115.0,40.300645,2370.6261764705882,"85,255,235",4095.0,68.81151326497395,4026.188486735026,0.9971353770766815,4037.7578545851557,4.0593196066985895,1.0,False,-10.0
200,R,128,0,25.0,4.80362,282.5658823529411,"55,171,154",1106.5584309895833,69.16790771484375,1037.3905232747395,0.9982031985553359,1039.2591489558251,1.973550636119555,0.0,True,-10.0
200,G1,128,0,25.0,4.80362,282.5658823529411,"55,171,154",1073.8216959635417,69.16316986083984,1004.6585261027019,0.9983938445640903,1006.2753079255563,1.1382038787025837,0.0,True,-10.0
200,G2,128,0,25.0,4.80362,282.5658823529411,"55,171,154",1072.8134765625,69.13916015625,1003.67431640625,0.9981999663558615,1005.4861225787066,2.1607222016518994,0.0,True,-10.0
200,B,128,0,25.0,4.80362,282.5658823529411,"55,171,154",1088.0347493489583,69.14736938476562,1018.8873799641926,0.9990018544999044,1019.906596025347,1.9410990652751803,0.0,True,-10.0
200,R,256,0,25.0,4.80362,282.5658823529411,"55,171,154",1105.9680989583333,69.16790771484375,1036.8001912434895,0.9985179602403685,1038.340189711332,1.7663796220999701,0.0,True,-10.0
200,G1,256,0,25.0,4.80362,282.5658823529411,"55,171,154",1073.4737548828125,69.16316986083984,1004.3105850219727,0.9983017113092182,1006.019956749185,1.3619244785319946,0.0,True,-10.0
200,G2,256,0,25.0,4.80362,282.5658823529411,"55,171,154",1072.366678873698,69.13916015625,1003.227518717448,0.9982608684465683,1004.9767145722099,1.8192863909457284,0.0,True,-10.0
200,B,256,0,25.0,4.80362,282.5658823529411,"55,171,154",1088.0281372070312,69.14736938476562,1018.8807678222656,0.998668101642347,1020.2407263443847,1.6026284818778402,0.0,True,-10.0
200,R,512,0,25.0,4.80362,282.5658823529411,"55,171,154",1103.2347666422527,69.16790771484375,1034.066858927409,0.998548792493037,1035.57066758852,1.5246664836730173,0.0,True,-10.0
200,G1,512,0,25.0,4.80362,282.5658823529411,"55,171,154",1071.2333068847656,69.16316986083984,1002.0701370239258,0.9984737874418457,1003.6028138394485,1.5073402214610707,0.0,True,-10.0
200,G2,512,0,25.0,4.80362,282.5658823529411,"55,171,154",1070.1319427490234,69.13916015625,1000.9927825927734,0.9983626575090109,1002.6355088892956,1.5327917140715925,0.0,True,-10.0
200,B,512,0,25.0,4.80362,282.5658823529411,"55,171,154",1085.7995351155598,69.14736938476562,1016.6521657307942,0.9986509465393526,1018.0267064129788,1.7227866810756658,0.0,True,-10.0
200,R,1024,0,25.0,4.80362,282.5658823529411,"55,171,154",1094.5871276855469,69.16790771484375,1025.4192199707031,0.9985872287257584,1026.8709512055104,1.524980910456851,0.0,True,-10.0
200,G1,1024,0,25.0,4.80362,282.5658823529411,"55,171,154",1062.7642300923665,69.16316986083984,993.6010602315266,0.998413016923391,995.1814123992491,1.515625812903327,0.0,True,-10.0
200,G2,1024,0,25.0,4.80362,282.5658823529411,"55,171,154",1061.7617899576824,69.13916015625,992.6226298014324,0.9984265372836619,994.1880384875558,1.5546152873956973,0.0,True,-10.0
200,B,1024,0,25.0,4.80362,282.5658823529411,"55,171,154",1077.1149342854817,69.14736938476562,1007.9675649007161,0.9986162476859097,1009.3654572645333,1.6600983833973775,0.0,True,-10.0
200,R,128,1,31.0,5.956489,350.38170588235295,"55,171,154",1352.6695963541667,69.16790771484375,1283.501688639323,0.9981319557550842,1285.9045348194697,2.2164352029045897,0.0,True,-10.0
200,G1,128,1,31.0,5.956489,350.38170588235295,"55,171,154",1313.559814453125,69.16316986083984,1244.3966445922852,0.9986530740159602,1246.0757492927144,1.468370618056962,0.0,True,-10.0
200,G2,128,1,31.0,5.956489,350.38170588235295,"55,171,154",1312.49072265625,69.13916015625,1243.3515625,0.9981991142838856,1245.5958116864776,1.5924162046714603,0.0,True,-10.0
200,B,128,1,31.0,5.956489,350.38170588235295,"55,171,154",1331.721923828125,69.14736938476562,1262.5745544433594,0.9980208145904781,1265.0787449569423,1.3036705625013103,0.0,True,-10.0
200,R,256,1,31.0,5.956489,350.38170588235295,"55,171,154",1352.6888834635417,69.16790771484375,1283.520975748698,0.9981985189293278,1285.838363072737,1.9792767239395046,0.0,True,-10.0
200,G1,256,1,31.0,5.956489,350.38170588235295,"55,171,154",1313.1092529296875,69.16316986083984,1243.9460830688477,0.9982560849460924,1246.1198240793829,1.4839158045470862,0.0,True,-10.0
200,G2,256,1,31.0,5.956489,350.38170588235295,"55,171,154",1311.6319783528645,69.13916015625,1242.4928181966145,0.9982243510953568,1244.7038079331733,1.5135935949975006,0.0,True,-10.0
200,B,256,1,31.0,5.956489,350.38170588235295,"55,171,154",1331.0935668945312,69.14736938476562,1261.9461975097656,0.998108667476917,1264.3379898603482,1.7057380556401407,0.0,True,-10.0
200,R,512,1,31.0,5.956489,350.38170588235295,"55,171,154",1349.8872782389324,69.16790771484375,1280.7193705240886,0.9982750884569315,1282.9330711789041,1.8841641893830587,0.0,True,-10.0
200,G1,512,1,31.0,5.956489,350.38170588235295,"55,171,154",1310.2298227945964,69.16316986083984,1241.0666529337566,0.9981325638462512,1243.3895255456898,1.78586688312605,0.0,True,-10.0
200,G2,512,1,31.0,5.956489,350.38170588235295,"55,171,154",1308.7852579752605,69.13916015625,1239.6460978190105,0.9982265399792203,1241.8494429473594,1.7451013964686364,0.0,True,-10.0
200,B,512,1,31.0,5.956489,350.38170588235295,"55,171,154",1328.1637369791667,69.14736938476562,1259.0163675944011,0.9982878734159568,1261.176702130402,1.9267903456466258,0.0,True,-10.0
200,R,1024,1,31.0,5.956489,350.38170588235295,"55,171,154",1339.0697034200032,69.16790771484375,1269.9017957051594,0.9982531649853613,1272.1247802132293,1.7708633692170137,0.0,True,-10.0
200,G1,1024,1,31.0,5.956489,350.38170588235295,"55,171,154",1299.7427253723145,69.16316986083984,1230.5795555114746,0.9981424326802609,1232.870682593208,1.7285541650902407,0.0,True,-10.0
200,G2,1024,1,31.0,5.956489,350.38170588235295,"55,171,154",1298.4646886189778,69.13916015625,1229.3255284627278,0.9981133161005205,1231.6501347932563,1.6821797396933418,0.0,True,-10.0
200,B,1024,1,31.0,5.956489,350.38170588235295,"55,171,154",1317.4167442321777,69.14736938476562,1248.269374847412,0.998238878726319,1250.4725526077298,1.8308118710336543,0.0,True,-10.0
200,R,128,2,38.0,7.301502,429.5001176470588,"55,171,154",1639.5980631510417,69.16790771484375,1570.430155436198,0.9996671320610607,1570.9540349258605,3.3532015561549895,0.0,True,-10.0
200,G1,128,2,38.0,7.301502,429.5001176470588,"55,171,154",1591.7412923177083,69.16316986083984,1522.5781224568684,1.0000980239245616,1522.4291280150312,2.266837835208816,0.0,True,-10.0
200,G2,128,2,38.0,7.301502,429.5001176470588,"55,171,154",1589.0672200520833,69.13916015625,1519.9280598958333,0.9992902533112339,1521.0082150172236,3.1240470029144554,0.0,True,-10.0
200,B,128,2,38.0,7.301502,429.5001176470588,"55,171,154",1613.8829752604167,69.14736938476562,1544.7356058756511,0.9997596565947003,1545.10721910361,3.2158281665637203,0.0,True,-10.0
200,R,256,2,38.0,7.301502,429.5001176470588,"55,171,154",1639.6717936197917,69.16790771484375,1570.503885904948,0.9996037758332695,1571.1267726462145,2.550344509767178,0.0,True,-10.0
200,G1,256,2,38.0,7.301502,429.5001176470588,"55,171,154",1591.1629028320312,69.16316986083984,1521.9997329711914,0.9994393401157998,1522.8540531618783,2.8605146093210756,0.0,True,-10.0
200,G2,256,2,38.0,7.301502,429.5001176470588,"55,171,154",1589.1549072265625,69.13916015625,1520.0157470703125,0.9995565901101013,1520.6903426400374,2.711960964453948,0.0,True,-10.0
200,B,256,2,38.0,7.301502,429.5001176470588,"55,171,154",1612.9637654622395,69.14736938476562,1543.8163960774739,0.9995161006811918,1544.5640149892752,2.634602533116802,0.0,True,-10.0
200,R,512,2,38.0,7.301502,429.5001176470588,"55,171,154",1636.033467610677,69.16790771484375,1566.8655598958333,0.9996556909459274,1567.40556497915,2.613267444200361,0.0,True,-10.0
200,G1,512,2,38.0,7.301502,429.5001176470588,"55,171,154",1587.6984151204426,69.16316986083984,1518.5352452596028,0.9994222744016272,1519.4134777801312,2.716825837523054,0.0,True,-10.0
200,G2,512,2,38.0,7.301502,429.5001176470588,"55,171,154",1585.879358927409,69.13916015625,1516.740198771159,0.999397637859174,1517.6548840203134,2.7783287949671123,0.0,True,-10.0
200,B,512,2,38.0,7.301502,429.5001176470588,"55,171,154",1609.344462076823,69.14736938476562,1540.1970926920574,0.999455284716301,1541.036837698023,2.6683854761781522,0.0,True,-10.0
200,R,1024,2,38.0,7.301502,429.5001176470588,"55,171,154",1622.9142354329426,69.16790771484375,1553.7463277180989,0.9995544407176227,1554.4392474882209,2.5886844995574823,0.0,True,-10.0
200,G1,1024,2,38.0,7.301502,429.5001176470588,"55,171,154",1574.7848281860352,69.16316986083984,1505.6216583251953,0.9995129524077715,1506.3556919052673,2.5272362734628957,0.0,True,-10.0
200,G2,1024,2,38.0,7.301502,429.5001176470588,"55,171,154",1573.31507619222,69.13916015625,1504.17591603597,0.9993878747175949,1505.097671533819,2.6199452929107587,0.0,True,-10.0
200,B,1024,2,38.0,7.301502,429.5001176470588,"55,171,154",1596.1574796040852,69.14736938476562,1527.0101102193196,0.999455497904585,1527.842386576872,2.53841770529174,0.0,True,-10.0
200,R,128,3,47.0,9.030806,531.2238823529411,"55,171,154",2010.315673828125,69.16790771484375,1941.1477661132812,0.9996619871840856,1941.8047180270466,2.4230048821683536,0.0,True,-10.0
200,G1,128,3,47.0,9.030806,531.2238823529411,"55,171,154",1950.2039388020833,69.16316986083984,1881.0407689412434,0.9993044503188141,1882.3506509091076,2.4099729881084975,0.0,True,-10.0
200,G2,128,3,47.0,9.030806,531.2238823529411,"55,171,154",1947.7762044270833,69.13916015625,1878.6370442708333,0.9999696792748268,1878.6959515084611,2.543255530373474,0.0,True,-10.0
200,B,128,3,47.0,9.030806,531.2238823529411,"55,171,154",1976.564697265625,69.14736938476562,1907.4173278808594,1.000016971334148,1907.3859694589003,2.4889497623359333,0.0,True,-10.0
200,R,256,3,47.0,9.030806,531.2238823529411,"55,171,154",2009.4590657552083,69.16790771484375,1940.2911580403645,1.0001666290658229,1939.9692402331254,2.6172186764018517,0.0,True,-10.0
200,G1,256,3,47.0,9.030806,531.2238823529411,"55,171,154",1949.2460327148438,69.16316986083984,1880.082862854004,0.9998646017379947,1880.338383454563,2.196842384152902,0.0,True,-10.0
200,G2,256,3,47.0,9.030806,531.2238823529411,"55,171,154",1947.9075113932292,69.13916015625,1878.7683512369792,0.9999169643148743,1878.9257186065217,2.4886626562694714,0.0,True,-10.0
200,B,256,3,47.0,9.030806,531.2238823529411,"55,171,154",1976.0615844726562,69.14736938476562,1906.9142150878906,0.9998986589674947,1907.1089796747956,2.6858265217691057,0.0,True,-10.0
200,R,512,3,47.0,9.030806,531.2238823529411,"55,171,154",2005.1371612548828,69.16790771484375,1935.969253540039,1.0000020685045732,1935.9666220438796,2.621878301860446,0.0,True,-10.0
200,G1,512,3,47.0,9.030806,531.2238823529411,"55,171,154",1945.138910929362,69.16316986083984,1875.9757410685222,0.9999487059458619,1876.0733559374455,2.595471793122991,0.0,True,-10.0
200,G2,512,3,47.0,9.030806,531.2238823529411,"55,171,154",1943.3787943522136,69.13916015625,1874.2396341959636,1.0000535210116481,1874.1406896296876,2.545299489228572,0.0,True,-10.0
200,B,512,3,47.0,9.030806,531.2238823529411,"55,171,154",1972.060531616211,69.14736938476562,1902.9131622314453,0.99987749309991,1903.1483871794323,3.0736320186674235,0.0,True,-10.0
200,R,1024,3,47.0,9.030806,531.2238823529411,"55,171,154",1988.7429237365723,69.16790771484375,1919.5750160217285,1.0000095256415666,1919.5584707956689,2.9659410857319,0.0,True,-10.0
200,G1,1024,3,47.0,9.030806,531.2238823529411,"55,171,154",1929.4413757324219,69.16316986083984,1860.278205871582,0.9998840405771922,1860.4955542641965,2.750968505235248,0.0,True,-10.0
200,G2,1024,3,47.0,9.030806,531.2238823529411,"55,171,154",1927.6724446614583,69.13916015625,1858.5332845052083,0.999944530213707,1858.637843229765,2.6297980139590726,0.0,True,-10.0
200,B,1024,3,47.0,9.030806,531.2238823529411,"55,171,154",1955.8946202596028,69.14736938476562,1886.7472508748372,0.9999426214330072,1886.8573766622492,2.9650495922660425,0.0,True,-10.0
200,R,128,4,55.0,10.567964,621.6449411764705,"55,171,154",2335.4986165364585,69.16790771484375,2266.3307088216147,0.9977343863686737,2271.4767180889417,1.1935695901875034,0.0,True,-10.0
200,G1,128,4,55.0,10.567964,621.6449411764705,"55,171,154",2265.6624348958335,69.16316986083984,2196.4992650349936,0.9979619035405666,2200.985722000912,1.413588003000325,0.0,True,-10.0
200,G2,128,4,55.0,10.567964,621.6449411764705,"55,171,154",2262.7381184895835,69.13916015625,2193.5989583333335,0.9980959729999529,2197.784443725464,1.4705614347065965,0.0,True,-10.0
200,B,128,4,55.0,10.567964,621.6449411764705,"55,171,154",2296.356201171875,69.14736938476562,2227.2088317871094,0.9976888342326441,2232.369197346314,1.4300304375643382,0.0,True,-10.0
200,R,256,4,55.0,10.567964,621.6449411764705,"55,171,154",2334.475301106771,69.16790771484375,2265.3073933919272,0.9980051646007136,2269.8354549090886,0.8463874211008648,0.0,True,-10.0
200,G1,256,4,55.0,10.567964,621.6449411764705,"55,171,154",2264.6897176106772,69.16316986083984,2195.5265477498374,0.9978890369688985,2200.1716700111224,1.189422059112293,0.0,True,-10.0
200,G2,256,4,55.0,10.567964,621.6449411764705,"55,171,154",2261.9591471354165,69.13916015625,2192.8199869791665,0.9981385317687254,2196.9100477491793,1.051670456907226,0.0,True,-10.0
200,B,256,4,55.0,10.567964,621.6449411764705,"55,171,154",2295.988077799479,69.14736938476562,2226.8407084147134,0.9982027608083901,2230.8506733535655,0.9873960375403672,0.0,True,-10.0
200,R,512,4,55.0,10.567964,621.6449411764705,"55,171,154",2328.9993896484375,69.16790771484375,2259.8314819335938,0.9979405839999463,2264.4953156531287,0.6799294007345026,0.0,True,-10.0
200,G1,512,4,55.0,10.567964,621.6449411764705,"55,171,154",2259.4356638590493,69.16316986083984,2190.2724939982095,0.9979377411038589,2194.7991410733234,0.758028605103901,0.0,True,-10.0
200,G2,512,4,55.0,10.567964,621.6449411764705,"55,171,154",2256.9740295410156,69.13916015625,2187.8348693847656,0.9980490932022589,2192.1119151927146,0.9273291456651475,0.0,True,-10.0
200,B,512,4,55.0,10.567964,621.6449411764705,"55,171,154",2290.7475229899087,69.14736938476562,2221.600153605143,0.9980881438930816,2225.856305273199,1.0877584640857012,0.0,True,-10.0
200,R,1024,4,55.0,10.567964,621.6449411764705,"55,171,154",2310.0282135009766,69.16790771484375,2240.860305786133,0.9979745486289726,2245.4086760061728,0.8062970805860818,0.0,True,-10.0
200,G1,1024,4,55.0,10.567964,621.6449411764705,"55,171,154",2240.9646441141763,69.16316986083984,2171.8014742533364,0.9979411360545726,2176.2825771354424,0.8205309294576941,0.0,True,-10.0
200,G2,1024,4,55.0,10.567964,621.6449411764705,"55,171,154",2238.8391176859536,69.13916015625,2169.6999575297036,0.9979644984167101,2174.125791649474,0.7304770616742622,0.0,True,-10.0
200,B,1024,4,55.0,10.567964,621.6449411764705,"55,171,154",2271.914089202881,69.14736938476562,2202.7667198181152,0.998045109936084,2207.0818925007266,0.9311652448076303,0.0,True,-10.0
200,R,128,5,59.0,11.336543,666.8554705882353,"55,171,154",2497.2486979166665,69.16790771484375,2428.0807902018228,0.9984787047536635,2431.7817613099924,2.432481920949366,0.0,True,-10.0
200,G1,128,5,59.0,11.336543,666.8554705882353,"55,171,154",2423.399658203125,69.16316986083984,2354.236488342285,0.9989894603970719,2356.619309811142,2.0578338224101396,0.0,True,-10.0
200,G2,128,5,59.0,11.336543,666.8554705882353,"55,171,154",2419.0892740885415,69.13916015625,2349.9501139322915,0.9988103339145554,2352.7507329462755,2.3052827877139737,0.0,True,-10.0
200,B,128,5,59.0,11.336543,666.8554705882353,"55,171,154",2455.7240397135415,69.14736938476562,2386.576670328776,0.9989921068215275,2388.9872480420104,3.275202253641749,0.0,True,-10.0
200,R,256,5,59.0,11.336543,666.8554705882353,"55,171,154",2496.035685221354,69.16790771484375,2426.8677775065103,0.9985707191358667,2430.3425391316337,1.9966345254946194,0.0,True,-10.0
200,G1,256,5,59.0,11.336543,666.8554705882353,"55,171,154",2422.1416219075522,69.16316986083984,2352.9784520467124,0.9987462997804757,2355.9333035127092,1.919786474088311,0.0,True,-10.0
200,G2,256,5,59.0,11.336543,666.8554705882353,"55,171,154",2418.9362589518228,69.13916015625,2349.7970987955728,0.9988152138108605,2352.586329078884,2.8329799477344872,0.0,True,-10.0
200,B,256,5,59.0,11.336543,666.8554705882353,"55,171,154",2455.2209269205728,69.14736938476562,2386.073557535807,0.9989754212341619,2388.522327679225,2.2459468376146714,0.0,True,-10.0
200,R,512,5,59.0,11.336543,666.8554705882353,"55,171,154",2490.7032470703125,69.16790771484375,2421.5353393554688,0.9986291205234886,2424.861283469421,2.5375518003512796,0.0,True,-10.0
200,G1,512,5,59.0,11.336543,666.8554705882353,"55,171,154",2416.521413167318,69.16316986083984,2347.358243306478,0.9986286298096897,2350.583131019717,2.087179717911567,0.0,True,-10.0
200,G2,512,5,59.0,11.336543,666.8554705882353,"55,171,154",2413.625457763672,69.13916015625,2344.486297607422,0.9987870933179693,2347.3350501507934,2.3551269274752755,0.0,True,-10.0
200,B,512,5,59.0,11.336543,666.8554705882353,"55,171,154",2450.119425455729,69.14736938476562,2380.9720560709634,0.9987345385269283,2383.9900947510796,1.9024859655311157,0.0,True,-10.0
200,R,1024,5,59.0,11.336543,666.8554705882353,"55,171,154",2470.3806343078613,69.16790771484375,2401.2127265930176,0.9986588086271356,2404.439025682715,2.273174841946932,0.0,True,-10.0
200,G1,1024,5,59.0,11.336543,666.8554705882353,"55,171,154",2396.655485788981,69.16316986083984,2327.492315928141,0.9986689550555412,2330.5960379591165,2.3094429353474872,0.0,True,-10.0
200,G2,1024,5,59.0,11.336543,666.8554705882353,"55,171,154",2394.376047770182,69.13916015625,2325.236887613932,0.998730504268666,2328.194165838828,2.304464900258348,0.0,True,-10.0
200,B,1024,5,59.0,11.336543,666.8554705882353,"55,171,154",2429.865592956543,69.14736938476562,2360.7182235717773,0.9987420133505548,2363.693334542702,2.311795047026654,0.0,True,-10.0
200,R,128,6,63.0,12.105123,712.0660588235294,"55,171,154",2657.75048828125,69.16790771484375,2588.5825805664062,0.9970045600417284,2596.3600222018226,1.2325555844500053,0.0,True,-10.0
200,G1,128,6,63.0,12.105123,712.0660588235294,"55,171,154",2578.8515625,69.16316986083984,2509.68839263916,0.9972148915481064,2516.698369361522,2.4624468764385097,0.0,True,-10.0
200,G2,128,6,63.0,12.105123,712.0660588235294,"55,171,154",2575.7864583333335,69.13916015625,2506.6472981770835,0.997238991466537,2513.5879243532204,1.8295531516974763,0.0,True,-10.0
200,B,128,6,63.0,12.105123,712.0660588235294,"55,171,154",2615.3252766927085,69.14736938476562,2546.177907307943,0.9974874088458572,2552.592378356933,2.3649588744874,0.0,True,-10.0
200,R,256,6,63.0,12.105123,712.0660588235294,"55,171,154",2657.529052734375,69.16790771484375,2588.3611450195312,0.9970378428742053,2596.0515129726696,1.7560633006994624,0.0,True,-10.0
200,G1,256,6,63.0,12.105123,712.0660588235294,"55,171,154",2577.8305460611978,69.16316986083984,2508.667376200358,0.9971572719926362,2515.8198038633786,2.2924288216261726,0.0,True,-10.0
200,G2,256,6,63.0,12.105123,712.0660588235294,"55,171,154",2575.199178059896,69.13916015625,2506.060017903646,0.9972687004357702,2512.924305908879,2.1091172185409444,0.0,True,-10.0
200,B,256,6,63.0,12.105123,712.0660588235294,"55,171,154",2613.9568074544272,69.14736938476562,2544.8094380696616,0.9975931075621505,2550.9498617168865,1.9651913995206707,0.0,True,-10.0
200,R,512,6,63.0,12.105123,712.0660588235294,"55,171,154",2651.4735514322915,69.16790771484375,2582.3056437174478,0.9971200970507968,2589.7648841671576,2.545563085923949,0.0,True,-10.0
200,G1,512,6,63.0,12.105123,712.0660588235294,"55,171,154",2572.0252787272134,69.16316986083984,2502.8621088663735,0.9972112400755805,2509.8620187101055,1.9996965389586843,0.0,True,-10.0
200,G2,512,6,63.0,12.105123,712.0660588235294,"55,171,154",2569.438730875651,69.13916015625,2500.299570719401,0.997332952637925,2506.9864283321576,2.2112526837533135,0.0,True,-10.0
200,B,512,6,63.0,12.105123,712.0660588235294,"55,171,154",2608.1786295572915,69.14736938476562,2539.031260172526,0.9974024041955412,2545.6443768165404,2.0099266808992695,0.0,True,-10.0
200,R,1024,6,63.0,12.105123,712.0660588235294,"55,171,154",2629.6785049438477,69.16790771484375,2560.510597229004,0.9971667722994694,2567.786618813678,2.5022342739246737,0.0,True,-10.0
200,G1,1024,6,63.0,12.105123,712.0660588235294,"55,171,154",2550.967851003011,69.16316986083984,2481.8046811421714,0.9972994104975254,2488.5257577202115,2.050750574174431,0.0,True,-10.0
200,G2,1024,6,63.0,12.105123,712.0660588235294,"55,171,154",2548.693717956543,69.13916015625,2479.554557800293,0.9973357987413447,2486.178839720586,2.1156852222669893,0.0,True,-10.0
200,B,1024,6,63.0,12.105123,712.0660588235294,"55,171,154",2586.5477091471353,69.14736938476562,2517.4003397623696,0.9974389829895317,2523.8646434028055,2.164236778465766,0.0,True,-10.0
200,R,128,7,67.0,12.873702,757.2765882352941,"55,171,154",2824.286865234375,69.16790771484375,2755.1189575195312,0.9975676687903556,2761.8416105557335,5.665886283778387,0.0,True,-10.0
200,G1,128,7,67.0,12.873702,757.2765882352941,"55,171,154",2740.1109212239585,69.16316986083984,2670.9477513631186,0.9977827487169438,2676.8860241058114,4.151642305320251,0.0,True,-10.0
200,G2,128,7,67.0,12.873702,757.2765882352941,"55,171,154",2736.0863444010415,69.13916015625,2666.9471842447915,0.9978351578256337,2672.7368054051462,4.39884881472888,0.0,True,-10.0
200,B,128,7,67.0,12.873702,757.2765882352941,"55,171,154",2777.678955078125,69.14736938476562,2708.5315856933594,0.9979962056975268,2713.9721384576164,4.197751296465528,0.0,True,-10.0
200,R,256,7,67.0,12.873702,757.2765882352941,"55,171,154",2822.824951171875,69.16790771484375,2753.6570434570312,0.9975613553179913,2760.391960786475,5.02607414554566,0.0,True,-10.0
200,G1,256,7,67.0,12.873702,757.2765882352941,"55,171,154",2738.969685872396,69.16316986083984,2669.806516011556,0.9977921898951468,2675.7161546955163,3.8101010685233296,0.0,True,-10.0
200,G2,256,7,67.0,12.873702,757.2765882352941,"55,171,154",2735.7090657552085,69.13916015625,2666.5699055989585,0.9976722886996733,2672.7946432318645,4.464127180347965,0.0,True,-10.0
200,B,256,7,67.0,12.873702,757.2765882352941,"55,171,154",2776.9206746419272,69.14736938476562,2707.7733052571616,0.9979240479074543,2713.4086604287654,4.21919812050853,0.0,True,-10.0
200,R,512,7,67.0,12.873702,757.2765882352941,"55,171,154",2816.4596405029297,69.16790771484375,2747.291732788086,0.9976272685007134,2753.8288008253494,4.384525514629678,0.0,True,-10.0
200,G1,512,7,67.0,12.873702,757.2765882352941,"55,171,154",2732.4964904785156,69.16316986083984,2663.333320617676,0.9978067020803993,2669.1898909199367,3.7977949290678086,0.0,True,-10.0
200,G2,512,7,67.0,12.873702,757.2765882352941,"55,171,154",2729.6751251220703,69.13916015625,2660.5359649658203,0.9977191761815675,2666.6209889881316,4.425920366946722,0.0,True,-10.0
200,B,512,7,67.0,12.873702,757.2765882352941,"55,171,154",2770.8291931152344,69.14736938476562,2701.6818237304688,0.9979465857815066,2707.2433486180857,4.086221074431006,0.0,True,-10.0
200,R,1024,7,67.0,12.873702,757.2765882352941,"55,171,154",2793.5487683614097,69.16790771484375,2724.380860646566,0.9977006724949157,2730.6624059863425,4.220018902468853,0.0,True,-10.0
200,G1,1024,7,67.0,12.873702,757.2765882352941,"55,171,154",2710.250357309977,69.16316986083984,2641.087187449137,0.9978672331897781,2646.734648379737,3.979761366969426,0.0,True,-10.0
200,G2,1024,7,67.0,12.873702,757.2765882352941,"55,171,154",2707.763628641764,69.13916015625,2638.624468485514,0.9978007678800526,2644.4429367574025,4.129584379406148,0.0,True,-10.0
200,B,1024,7,67.0,12.873702,757.2765882352941,"55,171,154",2747.9238522847495,69.14736938476562,2678.776482899984,0.997926123562451,2684.346090911234,4.125689388735654,0.0,True,-10.0
200,R,128,8,71.0,13.642281000000002,802.4871176470589,"55,171,154",2985.8649088541665,69.16790771484375,2916.6970011393228,0.997688043202027,2923.457638265274,2.1435662114139955,0.0,True,-10.0
200,G1,128,8,71.0,13.642281000000002,802.4871176470589,"55,171,154",2896.7928059895835,69.16316986083984,2827.6296361287436,0.9972334108320684,2835.474714630968,2.2938904681601517,0.0,True,-10.0
200,G2,128,8,71.0,13.642281000000002,802.4871176470589,"55,171,154",2892.6888834635415,69.13916015625,2823.5497233072915,0.997013598141499,2832.008225892534,2.084801148099343,0.0,True,-10.0
200,B,128,8,71.0,13.642281000000002,802.4871176470589,"55,171,154",2937.84814453125,69.14736938476562,2868.7007751464844,0.9974633592459274,2875.997634271758,3.1823340620068827,0.0,True,-10.0
200,R,256,8,71.0,13.642281000000002,802.4871176470589,"55,171,154",2985.4063720703125,69.16790771484375,2916.2384643554688,0.9973303006280066,2924.045969973631,1.7677695375770535,0.0,True,-10.0
200,G1,256,8,71.0,13.642281000000002,802.4871176470589,"55,171,154",2895.6720377604165,69.16316986083984,2826.5088678995767,0.9973705767604523,2833.960630196949,1.648359761389329,0.0,True,-10.0
200,G2,256,8,71.0,13.642281000000002,802.4871176470589,"55,171,154",2892.5790405273438,69.13916015625,2823.4398803710938,0.9972380274841969,2831.2604198850645,1.7047040027512106,0.0,True,-10.0
200,B,256,8,71.0,13.642281000000002,802.4871176470589,"55,171,154",2936.3468627929688,69.14736938476562,2867.199493408203,0.9972825406163236,2875.0130287334446,2.2826058860724276,0.0,True,-10.0
200,R,512,8,71.0,13.642281000000002,802.4871176470589,"55,171,154",2978.4151357014975,69.16790771484375,2909.247227986654,0.9972165979981251,2917.3680845862277,1.4363200886314658,0.0,True,-10.0
200,G1,512,8,71.0,13.642281000000002,802.4871176470589,"55,171,154",2889.1946156819663,69.16316986083984,2820.0314458211265,0.9973952239538062,2827.396605710517,1.5839530124385734,0.0,True,-10.0
200,G2,512,8,71.0,13.642281000000002,802.4871176470589,"55,171,154",2886.26535542806,69.13916015625,2817.12619527181,0.9973397586415343,2824.640968632895,1.6826300932058875,0.0,True,-10.0
200,B,512,8,71.0,13.642281000000002,802.4871176470589,"55,171,154",2929.829172770182,69.14736938476562,2860.6818033854165,0.9974891756327792,2867.8832306451427,1.8486948014650437,0.0,True,-10.0
200,R,1024,8,71.0,13.642281000000002,802.4871176470589,"55,171,154",2953.9257685343423,69.16790771484375,2884.7578608194985,0.9972470799436262,2892.7220778557507,1.7509726014709024,0.0,True,-10.0
200,G1,1024,8,71.0,13.642281000000002,802.4871176470589,"55,171,154",2865.5634282430015,69.16316986083984,2796.4002583821616,0.9973269092528044,2803.8959387824375,1.6738685733828174,0.0,True,-10.0
200,G2,1024,8,71.0,13.642281000000002,802.4871176470589,"55,171,154",2862.9106928507485,69.13916015625,2793.7715326944985,0.9973205705574159,2801.278000030358,1.621648727104612,0.0,True,-10.0
200,B,1024,8,71.0,13.642281000000002,802.4871176470589,"55,171,154",2905.41175587972,69.14736938476562,2836.2643864949546,0.9974825979644861,2843.4228523820475,1.5449087205179757,0.0,True,-10.0
200,R,128,9,75.0,14.41086,847.6976470588235,"55,171,154",3163.9208984375,69.16790771484375,3094.7529907226562,1.0027461641982927,3086.2785805800377,3.6089253951938507,0.0,True,-10.0
200,G1,128,9,75.0,14.41086,847.6976470588235,"55,171,154",3068.7652994791665,69.16316986083984,2999.6021296183267,1.0023696552178973,2992.5151921494084,5.787318802315905,0.0,True,-10.0
200,G2,128,9,75.0,14.41086,847.6976470588235,"55,171,154",3065.0426432291665,69.13916015625,2995.9034830729165,1.0023541012620774,2988.8704351770934,4.027948999601138,0.0,True,-10.0
200,B,128,9,75.0,14.41086,847.6976470588235,"55,171,154",3110.3238118489585,69.14736938476562,3041.176442464193,1.0025178500803298,3033.541082624006,4.432789626360013,0.0,True,-10.0
200,R,256,9,75.0,14.41086,847.6976470588235,"55,171,154",3162.5684407552085,69.16790771484375,3093.4005330403647,1.0026725047009106,3085.1568319792277,3.5476132581792585,0.0,True,-10.0
200,G1,256,9,75.0,14.41086,847.6976470588235,"55,171,154",3067.1539510091147,69.16316986083984,2997.990781148275,1.002565911478978,2990.321370909705,5.290501638286193,0.0,True,-10.0
200,G2,256,9,75.0,14.41086,847.6976470588235,"55,171,154",3063.5872192382812,69.13916015625,2994.4480590820312,1.0023834125739846,2987.3304613350006,4.142734137903111,0.0,True,-10.0
200,B,256,9,75.0,14.41086,847.6976470588235,"55,171,154",3109.3110961914062,69.14736938476562,3040.1637268066406,1.002392227174191,3032.9107450614333,4.413997153632307,0.0,True,-10.0
200,R,512,9,75.0,14.41086,847.6976470588235,"55,171,154",3155.2452494303384,69.16790771484375,3086.0773417154946,1.002672108539466,3077.8550201508783,3.9908728298791702,0.0,True,-10.0
200,G1,512,9,75.0,14.41086,847.6976470588235,"55,171,154",3059.9359537760415,69.16316986083984,2990.7727839152017,1.0025460995593567,2983.180111484356,4.648447269175909,0.0,True,-10.0
200,G2,512,9,75.0,14.41086,847.6976470588235,"55,171,154",3056.8114115397134,69.13916015625,2987.6722513834634,1.0025429395026035,2980.0962364300653,4.272026577690902,0.0,True,-10.0
200,B,512,9,75.0,14.41086,847.6976470588235,"55,171,154",3102.253707885742,69.14736938476562,3033.1063385009766,1.0023594466113452,3025.968807260448,4.327769075839967,0.0,True,-10.0
200,R,1024,9,75.0,14.41086,847.6976470588235,"55,171,154",3129.4003105163574,69.16790771484375,3060.2324028015137,1.0026877134066525,3052.031601277617,4.235761271906483,0.0,True,-10.0
200,G1,1024,9,75.0,14.41086,847.6976470588235,"55,171,154",3034.9096488952637,69.16316986083984,2965.746479034424,1.0025628369418766,2958.16757771278,4.28841695572163,0.0,True,-10.0
200,G2,1024,9,75.0,14.41086,847.6976470588235,"55,171,154",3032.2430013020835,69.13916015625,2963.1038411458335,1.0026129746254748,2955.383687245491,4.2182687003808885,0.0,True,-10.0
200,B,1024,9,75.0,14.41086,847.6976470588235,"55,171,154",3076.4379285176597,69.14736938476562,3007.290559132894,1.0023936586637445,3000.1114717560645,4.216287764233379,0.0,True,-10.0
200,R,128,10,79.0,15.179439,892.9081764705882,"55,171,154",3324.2080078125,69.16790771484375,3255.0401000976562,1.0021854118818678,3247.9422659278443,1.0963734515738477,0.0,True,-10.0
200,G1,128,10,79.0,15.179439,892.9081764705882,"55,171,154",3224.1864420572915,69.16316986083984,3155.0232721964517,1.0019366200572468,3148.9250207667333,0.977992505354479,0.0,True,-10.0
200,G2,128,10,79.0,15.179439,892.9081764705882,"55,171,154",3220.7236328125,69.13916015625,3151.58447265625,1.0017858909787596,3145.9665966222888,2.2297494078402313,0.0,True,-10.0
200,B,128,10,79.0,15.179439,892.9081764705882,"55,171,154",3268.4519856770835,69.14736938476562,3199.304616292318,1.0012218882502288,3195.400994925671,2.589615180224839,0.0,True,-10.0
200,R,256,10,79.0,15.179439,892.9081764705882,"55,171,154",3323.2361450195312,69.16790771484375,3254.0682373046875,1.0023076029228497,3246.5765761113776,1.2339486155366506,0.0,True,-10.0
200,G1,256,10,79.0,15.179439,892.9081764705882,"55,171,154",3222.6079305013022,69.16316986083984,3153.4447606404624,1.0019843020327182,3147.19995491289,1.816491334414464,0.0,True,-10.0
200,G2,256,10,79.0,15.179439,892.9081764705882,"55,171,154",3219.822509765625,69.13916015625,3150.683349609375,1.0017798565530167,3145.085767930313,1.939661498780312,0.0,True,-10.0
200,B,256,10,79.0,15.179439,892.9081764705882,"55,171,154",3267.2615763346353,69.14736938476562,3198.1142069498696,1.0016030502063225,3192.9958963132535,1.9696541608748757,0.0,True,-10.0
200,R,512,10,79.0,15.179439,892.9081764705882,"55,171,154",3316.0093892415366,69.16790771484375,3246.841481526693,1.0021508587020083,3239.87316486595,1.8481209010483366,0.0,True,-10.0
200,G1,512,10,79.0,15.179439,892.9081764705882,"55,171,154",3215.7477060953775,69.16316986083984,3146.5845362345376,1.0020213161929206,3140.237256650024,1.5310898229744254,0.0,True,-10.0
200,G2,512,10,79.0,15.179439,892.9081764705882,"55,171,154",3212.336481730143,69.13916015625,3143.197321573893,1.0019391831682114,3137.1140497013953,1.8262509120383676,0.0,True,-10.0
200,B,512,10,79.0,15.179439,892.9081764705882,"55,171,154",3259.8641967773438,69.14736938476562,3190.716827392578,1.0017190879248492,3185.2413145096502,1.8194708721015111,0.0,True,-10.0
200,R,1024,10,79.0,15.179439,892.9081764705882,"55,171,154",3288.8363914489746,69.16790771484375,3219.668483734131,1.0021482005248612,3212.767006031485,1.8734152909839756,0.0,True,-10.0
200,G1,1024,10,79.0,15.179439,892.9081764705882,"55,171,154",3189.444235483805,69.16316986083984,3120.2810656229653,1.0019464600290362,3114.2195625419786,1.7760141311835809,0.0,True,-10.0
200,G2,1024,10,79.0,15.179439,892.9081764705882,"55,171,154",3186.4566090901694,69.13916015625,3117.3174489339194,1.0019283049650032,3111.318043880646,1.8401769509705936,0.0,True,-10.0
200,B,1024,10,79.0,15.179439,892.9081764705882,"55,171,154",3232.6319376627603,69.14736938476562,3163.4845682779946,1.001671894271655,3158.2045786929616,1.8215310501072457,0.0,True,-10.0
200,R,128,11,83.0,15.948019,938.1187647058823,"55,171,154",3488.140869140625,69.16790771484375,3418.9729614257812,1.0027707496409375,3409.527039432027,4.958039664793108,0.0,True,-10.0
200,G1,128,11,83.0,15.948019,938.1187647058823,"55,171,154",3382.140625,69.16316986083984,3312.97745513916,1.0016923843363745,3307.3808806558022,4.0195325180411565,0.0,True,-10.0
200,G2,128,11,83.0,15.948019,938.1187647058823,"55,171,154",3378.72900390625,69.13916015625,3309.58984375,1.0018817287886137,3303.374991848672,4.19800922804962,0.0,True,-10.0
200,B,128,11,83.0,15.948019,938.1187647058823,"55,171,154",3428.0270182291665,69.14736938476562,3358.879648844401,1.0021321376429182,3351.73465122722,4.7022127234616,0.0,True,-10.0
200,R,256,11,83.0,15.948019,938.1187647058823,"55,171,154",3486.6107381184897,69.16790771484375,3417.442830403646,1.0024285034042855,3409.165514458697,4.873910527963483,0.0,True,-10.0
200,G1,256,11,83.0,15.948019,938.1187647058823,"55,171,154",3380.5814615885415,69.16316986083984,3311.4182917277017,1.0018189951449028,3305.4069931841036,3.8959845983246764,0.0,True,-10.0
200,G2,256,11,83.0,15.948019,938.1187647058823,"55,171,154",3377.0491536458335,69.13916015625,3307.9099934895835,1.0020209786242,3301.2405308123107,4.852014346828396,0.0,True,-10.0
200,B,256,11,83.0,15.948019,938.1187647058823,"55,171,154",3426.5680135091147,69.14736938476562,3357.420644124349,1.0017808453364314,3351.4540116142075,5.0046983427940575,0.0,True,-10.0
200,R,512,11,83.0,15.948019,938.1187647058823,"55,171,154",3478.4756062825522,69.16790771484375,3409.3076985677085,1.0023558493773834,3401.296381950673,4.530066470443265,0.0,True,-10.0
200,G1,512,11,83.0,15.948019,938.1187647058823,"55,171,154",3373.051915486654,69.16316986083984,3303.888745625814,1.00208999111438,3296.999529448572,4.116050385351173,0.0,True,-10.0
200,G2,512,11,83.0,15.948019,938.1187647058823,"55,171,154",3369.763956705729,69.13916015625,3300.624796549479,1.0020830626438444,3293.765269213866,4.015157042961207,0.0,True,-10.0
200,B,512,11,83.0,15.948019,938.1187647058823,"55,171,154",3419.206553141276,69.14736938476562,3350.0591837565103,1.0017465964231869,3344.2197988261782,4.444499608416608,0.0,True,-10.0
200,R,1024,11,83.0,15.948019,938.1187647058823,"55,171,154",3450.0063972473145,69.16790771484375,3380.8384895324707,1.0023903179759843,3372.7780948862587,4.4935062987404,0.0,True,-10.0
200,G1,1024,11,83.0,15.948019,938.1187647058823,"55,171,154",3345.4932187398276,69.16316986083984,3276.330048878988,1.0021645612006136,3269.2550458292885,4.070388884240966,0.0,True,-10.0
200,G2,1024,11,83.0,15.948019,938.1187647058823,"55,171,154",3342.5162823994956,69.13916015625,3273.3771222432456,1.0020725855985593,3266.608326224498,4.167024547203574,0.0,True,-10.0
200,B,1024,11,83.0,15.948019,938.1187647058823,"55,171,154",3390.7396405537925,69.14736938476562,3321.592271169027,1.0018620319526714,3315.420321802892,4.086820454200982,0.0,True,-10.0
200,R,128,12,87.0,16.716598,983.329294117647,"55,171,154",3653.671630859375,69.16790771484375,3584.5037231445312,1.0031796691757895,3573.146401654382,6.978313465181099,0.0,True,-10.0
200,G1,128,12,87.0,16.716598,983.329294117647,"55,171,154",3544.902587890625,69.16316986083984,3475.739418029785,1.0024836075734793,3467.1318547361475,6.551016087323071,0.0,True,-10.0
200,G2,128,12,87.0,16.716598,983.329294117647,"55,171,154",3539.144287109375,69.13916015625,3470.005126953125,1.0027970163900906,3460.3337509780863,7.849557858795994,0.0,True,-10.0
200,B,128,12,87.0,16.716598,983.329294117647,"55,171,154",3591.5966796875,69.14736938476562,3522.4493103027344,1.0026269521690476,3513.2257826066784,7.179471859004415,0.0,True,-10.0
200,R,256,12,87.0,16.716598,983.329294117647,"55,171,154",3652.4451497395835,69.16790771484375,3583.2772420247397,1.0030986130844175,3572.2135386248738,7.0442932782850205,0.0,True,-10.0
200,G1,256,12,87.0,16.716598,983.329294117647,"55,171,154",3542.0755208333335,69.16316986083984,3472.9123509724936,1.0027069255208554,3463.54162704448,7.225497976191946,0.0,True,-10.0
200,G2,256,12,87.0,16.716598,983.329294117647,"55,171,154",3537.47119140625,69.13916015625,3468.33203125,1.0028383422652647,3458.5218523735034,7.574558210798723,0.0,True,-10.0
200,B,256,12,87.0,16.716598,983.329294117647,"55,171,154",3589.8332316080728,69.14736938476562,3520.685862223307,1.0027583688369823,3511.0067828199485,7.229851845839756,0.0,True,-10.0
200,R,512,12,87.0,16.716598,983.329294117647,"55,171,154",3643.962214152018,69.16790771484375,3574.7943064371743,1.0032057778775416,3563.376201154251,7.102762460875515,0.0,True,-10.0
200,G1,512,12,87.0,16.716598,983.329294117647,"55,171,154",3533.8339182535806,69.16316986083984,3464.6707483927407,1.002827465603779,3454.9073122324226,7.149334325423875,0.0,True,-10.0
200,G2,512,12,87.0,16.716598,983.329294117647,"55,171,154",3529.885986328125,69.13916015625,3460.746826171875,1.0028038049513734,3451.0756156418597,6.923211996197622,0.0,True,-10.0
200,B,512,12,87.0,16.716598,983.329294117647,"55,171,154",3582.2389017740884,69.14736938476562,3513.0915323893228,1.0025622028701584,3504.1187757205776,7.316853112058578,0.0,True,-10.0
200,R,1024,12,87.0,16.716598,983.329294117647,"55,171,154",3614.1091842651367,69.16790771484375,3544.941276550293,1.0031313787322762,3533.8809876706896,7.275008025912468,0.0,True,-10.0
200,G1,1024,12,87.0,16.716598,983.329294117647,"55,171,154",3504.773838043213,69.16316986083984,3435.610668182373,1.0028647156098625,3425.801732263766,6.9059823407244485,0.0,True,-10.0
200,G2,1024,12,87.0,16.716598,983.329294117647,"55,171,154",3501.334632873535,69.13916015625,3432.195472717285,1.0028648331492853,3422.3960029754185,7.009028254654585,0.0,True,-10.0
200,B,1024,12,87.0,16.716598,983.329294117647,"55,171,154",3552.389263153076,69.14736938476562,3483.2418937683105,1.0025043702495398,3474.545793172716,7.148403398192651,0.0,True,-10.0
200,R,128,13,91.0,17.485177,1028.5398235294117,"55,171,154",3821.7310384114585,69.16790771484375,3752.5631306966147,1.003071901676401,3741.0713621257114,0.9558649641087577,0.0,True,-10.0
200,G1,128,13,91.0,17.485177,1028.5398235294117,"55,171,154",3705.9374186197915,69.16316986083984,3636.7742487589517,1.003093325618318,3625.562773204765,4.9198823566588015,0.0,True,-10.0
200,G2,128,13,91.0,17.485177,1028.5398235294117,"55,171,154",3701.5681966145835,69.13916015625,3632.4290364583335,1.002554175876976,3623.1768801996295,3.1683733786157275,0.0,True,-10.0
200,B,128,13,91.0,17.485177,1028.5398235294117,"55,171,154",3755.3594563802085,69.14736938476562,3686.212086995443,1.0022816286776974,3677.8229108112323,3.1583039148391423,0.0,True,-10.0
200,R,256,13,91.0,17.485177,1028.5398235294117,"55,171,154",3819.5711873372397,69.16790771484375,3750.403279622396,1.0028418911082781,3739.7764844355042,2.4601402688540164,2.0345052083333332e-05,True,-10.0
200,G1,256,13,91.0,17.485177,1028.5398235294117,"55,171,154",3704.0575154622397,69.16316986083984,3634.8943456014,1.0028312173283576,3624.6348161654028,3.6670564696845593,0.0,True,-10.0
200,G2,256,13,91.0,17.485177,1028.5398235294117,"55,171,154",3700.3778279622397,69.13916015625,3631.2386678059897,1.0025373556838983,3622.0502769301306,3.3594128327939567,0.0,True,-10.0
200,B,256,13,91.0,17.485177,1028.5398235294117,"55,171,154",3754.6074015299478,69.14736938476562,3685.460032145182,1.002532323022188,3676.1534910699997,3.5172774817095163,0.0,True,-10.0
200,R,512,13,91.0,17.485177,1028.5398235294117,"55,171,154",3811.084426879883,69.16790771484375,3741.916519165039,1.0028707147153166,3731.2070379606644,2.9198729302868727,5.086263020833333e-06,True,-10.0
200,G1,512,13,91.0,17.485177,1028.5398235294117,"55,171,154",3695.6283213297525,69.16316986083984,3626.4651514689126,1.0026672114225477,3616.8201654893405,3.163703894998096,0.0,True,-10.0
200,G2,512,13,91.0,17.485177,1028.5398235294117,"55,171,154",3691.9875844319663,69.13916015625,3622.8484242757163,1.0026235589925017,3613.370457192617,3.094639196637969,0.0,True,-10.0
200,B,512,13,91.0,17.485177,1028.5398235294117,"55,171,154",3746.427317301432,69.14736938476562,3677.2799479166665,1.0024714683866094,3668.21585228627,2.911685452483613,0.0,True,-10.0
200,R,1024,13,91.0,17.485177,1028.5398235294117,"55,171,154",3779.5147387186685,69.16790771484375,3710.3468310038247,1.0027897414333558,3700.0265485447585,3.108615153503229,2.5431315104166665e-06,True,-10.0
200,G1,1024,13,91.0,17.485177,1028.5398235294117,"55,171,154",3665.3168398539224,69.16316986083984,3596.1536699930825,1.0025998472814266,3586.8302463618916,3.0732125349979653,0.0,True,-10.0
200,G2,1024,13,91.0,17.485177,1028.5398235294117,"55,171,154",3662.190099080404,69.13916015625,3593.050938924154,1.00264709126936,3583.5665785696415,2.9469923428718667,0.0,True,-10.0
200,B,1024,13,91.0,17.485177,1028.5398235294117,"55,171,154",3715.291704813639,69.14736938476562,3646.1443354288735,1.002428971705921,3637.3113189722735,3.140447815776299,0.0,True,-10.0
200,R,128,14,95.0,18.253756,1073.7503529411763,"55,171,154",3968.5454915364585,69.16790771484375,3899.3775838216147,1.000913763243857,3895.8205221986573,9.302077126871117,0.028971354166666668,False,-10.0
200,G1,128,14,95.0,18.253756,1073.7503529411763,"55,171,154",3850.7577311197915,69.16316986083984,3781.5945612589517,1.0008535863960504,3778.3688863604707,7.079250343932865,8.138020833333333e-05,True,-10.0
200,G2,128,14,95.0,18.253756,1073.7503529411763,"55,171,154",3847.16943359375,69.13916015625,3778.0302734375,1.0011022858049994,3773.87198669875,8.375914066832635,8.138020833333333e-05,True,-10.0
200,B,128,14,95.0,18.253756,1073.7503529411763,"55,171,154",3904.1309407552085,69.14736938476562,3834.983571370443,1.0003061258263264,3833.810064842979,7.6077299971734265,0.0016276041666666667,True,-10.0
200,R,256,14,95.0,18.253756,1073.7503529411763,"55,171,154",3967.7016805013022,69.16790771484375,3898.5337727864585,1.0007002492927901,3895.8068998941344,8.11749197198635,0.028788248697916668,False,-10.0
200,G1,256,14,95.0,18.253756,1073.7503529411763,"55,171,154",3849.168172200521,69.16316986083984,3780.005002339681,1.0008117288236358,3776.9395296805815,7.265756030893254,0.0001220703125,True,-10.0
200,G2,256,14,95.0,18.253756,1073.7503529411763,"55,171,154",3845.3919677734375,69.13916015625,3776.2528076171875,1.0007888350997864,3773.2761545119956,7.317184707030392,6.103515625e-05,True,-10.0
200,B,256,14,95.0,18.253756,1073.7503529411763,"55,171,154",3902.937703450521,69.14736938476562,3833.7903340657554,1.0005062438990253,3831.850516924131,6.684396595774369,0.0016886393229166667,True,-10.0
200,R,512,14,95.0,18.253756,1073.7503529411763,"55,171,154",3958.912668863932,69.16790771484375,3889.7447611490884,1.0006840482406314,3887.0863534497435,7.5957091931424126,0.0217437744140625,False,-10.0
200,G1,512,14,95.0,18.253756,1073.7503529411763,"55,171,154",3840.890650431315,69.16316986083984,3771.727480570475,1.0007413702656418,3768.9332518903393,7.162902868954064,5.5948893229166664e-05,True,-10.0
200,G2,512,14,95.0,18.253756,1073.7503529411763,"55,171,154",3836.632771809896,69.13916015625,3767.493611653646,1.0006606536526494,3765.00601915418,7.129763407013317,4.0690104166666664e-05,True,-10.0
200,B,512,14,95.0,18.253756,1073.7503529411763,"55,171,154",3894.2248179117837,69.14736938476562,3825.077448527018,1.0006351359263865,3822.6500489084897,7.006587014403211,0.001312255859375,True,-10.0
200,R,1024,14,95.0,18.253756,1073.7503529411763,"55,171,154",3926.9401359558105,69.16790771484375,3857.772228240967,1.0006651842092138,3855.20759318487,7.248137090944157,0.009611765543619791,True,-10.0
200,G1,1024,14,95.0,18.253756,1073.7503529411763,"55,171,154",3809.5241737365723,69.16316986083984,3740.3610038757324,1.0006920450188463,3737.7739970270122,6.8342831958303885,1.6530354817708332e-05,True,-10.0
200,G2,1024,14,95.0,18.253756,1073.7503529411763,"55,171,154",3805.9489784240723,69.13916015625,3736.8098182678223,1.0006746113953948,3734.2904028801854,6.890545485221073,2.4159749348958332e-05,True,-10.0
200,B,1024,14,95.0,18.253756,1073.7503529411763,"55,171,154",3861.822826385498,69.14736938476562,3792.6754570007324,1.000588935516708,3790.44336686178,6.798326269471366,0.000514984130859375,True,-10.0
200,R,128,15,99.0,19.022335,1118.960882352941,"55,171,154",4081.82275390625,69.16790771484375,4012.6548461914062,0.9987018981570984,4017.8705181311598,0.631108696875945,0.6953125,False,-10.0
200,G1,128,15,99.0,19.022335,1118.960882352941,"55,171,154",4002.637451171875,69.16316986083984,3933.474281311035,0.9989619853981088,3937.561571320812,2.280582378877334,0.09195963541666667,False,-10.0
200,G2,128,15,99.0,19.022335,1118.960882352941,"55,171,154",3998.201171875,69.13916015625,3929.06201171875,0.999637330629393,3930.4880679545627,2.4890444196502806,0.08170572916666667,False,-10.0
200,B,128,15,99.0,19.022335,1118.960882352941,"55,171,154",4048.3347981770835,69.14736938476562,3979.187428792318,0.9990027733384398,3983.1599083178135,2.2092258783405856,0.3103841145833333,False,-10.0
200,R,256,15,99.0,19.022335,1118.960882352941,"55,171,154",4081.270467122396,69.16790771484375,4012.1025594075522,0.9987110689960188,4017.2805916021566,0.6126008711488793,0.6853841145833334,False,-10.0
200,G1,256,15,99.0,19.022335,1118.960882352941,"55,171,154",4001.1494140625,69.16316986083984,3931.98624420166,0.9991928746504833,3935.1624764984376,2.1295151051351637,0.0872802734375,False,-10.0
200,G2,256,15,99.0,19.022335,1118.960882352941,"55,171,154",3997.409627278646,69.13916015625,3928.270467122396,0.9993071580331824,3930.9940934213196,1.533439539167749,0.07771809895833333,False,-10.0
200,B,256,15,99.0,19.022335,1118.960882352941,"55,171,154",4047.3096313476562,69.14736938476562,3978.1622619628906,0.9991646170748169,3981.488583765435,1.6232560480310136,0.3008219401041667,False,-10.0
200,R,512,15,99.0,19.022335,1118.960882352941,"55,171,154",4077.989985148112,69.16790771484375,4008.822077433268,0.9988965089752532,4013.250671618322,0.47759733677892535,0.6337890625,False,-10.0
200,G1,512,15,99.0,19.022335,1118.960882352941,"55,171,154",3993.0262400309243,69.16316986083984,3923.8630701700845,0.9990930477119185,3927.425151331285,1.6148473397340024,0.070465087890625,False,-10.0
200,G2,512,15,99.0,19.022335,1118.960882352941,"55,171,154",3989.0254669189453,69.13916015625,3919.8863067626953,0.999161001478166,3923.177819940324,1.1311567221521066,0.060892740885416664,False,-10.0
200,B,512,15,99.0,19.022335,1118.960882352941,"55,171,154",4040.5223999023438,69.14736938476562,3971.375030517578,0.9992157044219904,3974.492282061394,1.1633331984316233,0.2571004231770833,False,-10.0
200,R,1024,15,99.0,19.022335,1118.960882352941,"55,171,154",4060.1803550720215,69.16790771484375,3991.0124473571777,0.9989686183643841,3995.13298615189,0.8431567195549207,0.4436086018880208,False,-10.0
200,G1,1024,15,99.0,19.022335,1118.960882352941,"55,171,154",3961.4011586507163,69.16316986083984,3892.2379887898765,0.9991078242279446,3895.7136819977436,1.1450029099095276,0.033660888671875,False,-10.0
200,G2,1024,15,99.0,19.022335,1118.960882352941,"55,171,154",3957.911938985189,69.13916015625,3888.772778828939,0.9991486185414523,3892.0864326718197,1.1801373874128254,0.029192606608072918,False,-10.0
200,B,1024,15,99.0,19.022335,1118.960882352941,"55,171,154",4011.9286905924478,69.14736938476562,3942.781321207682,0.9992117824242587,3945.89160739288,1.1445722857614806,0.14307530721028647,False,-10.0
200,R,128,16,103.0,19.790915,1164.171470588235,"55,171,154",4094.93701171875,69.16790771484375,4025.7691040039062,0.9990729184073621,4029.5061516839146,2.8605609186786674,0.9969889322916666,False,-10.0
200,G1,128,16,103.0,19.790915,1164.171470588235,"55,171,154",4089.7718098958335,69.16316986083984,4020.6086400349936,0.9987878149769523,4025.4887845962276,2.7649971932139574,0.8545735677083334,False,-10.0
200,G2,128,16,103.0,19.790915,1164.171470588235,"55,171,154",4088.922607421875,69.13916015625,4019.783447265625,0.999257063079032,4022.7722631667552,2.085722499614435,0.8292643229166666,False,-10.0
200,B,128,16,103.0,19.790915,1164.171470588235,"55,171,154",4094.278076171875,69.14736938476562,4025.1307067871094,0.9986186988305917,4030.6983623390074,0.41779976629666804,0.973388671875,False,-10.0
200,R,256,16,103.0,19.790915,1164.171470588235,"55,171,154",4094.9469197591147,69.16790771484375,4025.779012044271,0.9988209874545229,4030.5317829406413,2.0753901981697287,0.9973551432291666,False,-10.0
200,G1,256,16,103.0,19.790915,1164.171470588235,"55,171,154",4089.7457071940103,69.16316986083984,4020.5825373331704,0.9988190769714144,4025.336085140199,1.4645586671142075,0.85186767578125,False,-10.0
200,G2,256,16,103.0,19.790915,1164.171470588235,"55,171,154",4088.8055419921875,69.13916015625,4019.6663818359375,0.9988722474399684,4024.2045560925217,0.9937974170670071,0.8319498697916666,False,-10.0
200,B,256,16,103.0,19.790915,1164.171470588235,"55,171,154",4094.209187825521,69.14736938476562,4025.0618184407554,0.9986513153200708,4030.497848957813,0.8364244362640273,0.9702962239583334,False,-10.0
200,R,512,16,103.0,19.790915,1164.171470588235,"55,171,154",4094.9304402669272,69.16790771484375,4025.7625325520835,0.9985912590137777,4031.4421970939766,1.5492837147586616,0.9967193603515625,False,-10.0
200,G1,512,16,103.0,19.790915,1164.171470588235,"55,171,154",4088.0545806884766,69.16316986083984,4018.8914108276367,0.998844901719549,4023.538796436438,1.2655910471606733,0.8162841796875,False,-10.0
200,G2,512,16,103.0,19.790915,1164.171470588235,"55,171,154",4087.148478190104,69.13916015625,4018.009318033854,0.9988243547258516,4022.7384151279384,0.8042066733468921,0.797882080078125,False,-10.0
200,B,512,16,103.0,19.790915,1164.171470588235,"55,171,154",4093.832550048828,69.14736938476562,4024.6851806640625,0.9989009564299568,4029.113479534426,0.6843235988523855,0.9590098063151041,False,-10.0
200,R,1024,16,103.0,19.790915,1164.171470588235,"55,171,154",4094.4318262736,69.16790771484375,4025.2639185587564,0.9985594308805185,4031.0712017103797,1.1114297927560362,0.9795150756835938,False,-10.0
200,G1,1024,16,103.0,19.790915,1164.171470588235,"55,171,154",4077.0567830403647,69.16316986083984,4007.893613179525,0.9988190235881467,4012.631793475934,3.2704516720034955,0.6477406819661459,False,-10.0
200,G2,1024,16,103.0,19.790915,1164.171470588235,"55,171,154",4075.855940500895,69.13916015625,4006.716780344645,0.9988254118740679,4011.427931628064,3.5798504803547986,0.6300252278645834,False,-10.0
200,B,1024,16,103.0,19.790915,1164.171470588235,"55,171,154",4090.1534729003906,69.14736938476562,4021.006103515625,0.9989564981491573,4025.2063427095472,0.44052722354671175,0.8722445170084635,False,-10.0
200,R,128,17,107.0,20.559494,1209.382,"55,171,154",4095.0,69.16790771484375,4025.8320922851562,0.9989632264883417,4030.011507696676,2.70121278012913,1.0,False,-9.833333333333334
200,G1,128,17,107.0,20.559494,1209.382,"55,171,154",4094.9930013020835,69.16316986083984,4025.8298314412436,0.9993410026035704,4028.4912781187945,6.3565482158735085,0.9993489583333334,False,-9.833333333333334
200,G2,128,17,107.0,20.559494,1209.382,"55,171,154",4094.9923502604165,69.13916015625,4025.8531901041665,0.9991914535368922,4029.1116187135794,2.066751540998933,0.9994303385416666,False,-9.833333333333334
200,B,128,17,107.0,20.559494,1209.382,"55,171,154",4095.0,69.14736938476562,4025.8526306152344,0.9993910025944485,4028.309979275367,4.990633888864152,1.0,False,-9.833333333333334
200,R,256,17,107.0,20.559494,1209.382,"55,171,154",4095.0,69.16790771484375,4025.8320922851562,0.9991056556339188,4029.4373900713795,3.1039459415148714,1.0,False,-9.833333333333334
200,G1,256,17,107.0,20.559494,1209.382,"55,171,154",4094.9840087890625,69.16316986083984,4025.8208389282227,0.9992034349948584,4029.034340257424,4.987333486252179,0.999267578125,False,-9.833333333333334
200,G2,256,17,107.0,20.559494,1209.382,"55,171,154",4094.9813232421875,69.13916015625,4025.8421630859375,0.9992126126932023,4029.0165165503695,3.4398908774820014,0.9991251627604166,False,-9.833333333333334
200,B,256,17,107.0,20.559494,1209.382,"55,171,154",4094.9994506835938,69.14736938476562,4025.852081298828,0.9994483358968601,4028.078074937462,4.823169635628491,0.9999796549479166,False,-9.833333333333334
200,R,512,17,107.0,20.559494,1209.382,"55,171,154",4094.9998728434243,69.16790771484375,4025.8319651285806,0.9990456094365924,4029.680275698311,3.8272293422087014,0.9999949137369791,False,-9.833333333333334
200,G1,512,17,107.0,20.559494,1209.382,"55,171,154",4094.9730784098306,69.16316986083984,4025.8099085489907,0.9992611313725844,4028.789297486688,4.001129629993294,0.9987386067708334,False,-9.833333333333334
200,G2,512,17,107.0,20.559494,1209.382,"55,171,154",4094.9761861165366,69.13916015625,4025.8370259602866,0.9992664754661167,4028.794365804335,3.5815028840409386,0.9986724853515625,False,-9.833333333333334
200,B,512,17,107.0,20.559494,1209.382,"55,171,154",4094.998769124349,69.14736938476562,4025.8513997395835,0.9994236178983661,4028.176333322043,4.3740176804208915,0.9999542236328125,False,-9.833333333333334
200,R,1024,17,107.0,20.559494,1209.382,"55,171,154",4094.9996439615884,69.16790771484375,4025.8317362467446,0.9990061852003516,4029.839469254166,4.129251495593201,0.9999834696451823,False,-9.833333333333334
200,G1,1024,17,107.0,20.559494,1209.382,"55,171,154",4094.755199432373,69.16316986083984,4025.592029571533,0.9993127999894943,4028.3632504924476,4.21134626476222,0.9903564453125,False,-9.833333333333334
200,G2,1024,17,107.0,20.559494,1209.382,"55,171,154",4094.734504699707,69.13916015625,4025.595344543457,0.9992983835003404,4028.424569237513,4.133175692529793,0.9896634419759115,False,-9.833333333333334
200,B,1024,17,107.0,20.559494,1209.382,"55,171,154",4094.983755747477,69.14736938476562,4025.8363863627114,0.9994704143649006,4027.9726699689786,4.347326572301681,0.9991607666015625,False,-9.833333333333334
200,R,128,18,111.0,21.328073,1254.5925294117646,"55,171,154",4095.0,69.16790771484375,4025.8320922851562,0.9988441088405118,4030.501408901279,7.966357759808204,1.0,False,-10.0
200,G1,128,18,111.0,21.328073,1254.5925294117646,"55,171,154",4095.0,69.16316986083984,4025.83683013916,0.9993934401384648,4028.287043706135,6.417636604919936,1.0,False,-10.0
200,G2,128,18,111.0,21.328073,1254.5925294117646,"55,171,154",4095.0,69.13916015625,4025.86083984375,0.9993368738207691,4028.5366504579597,5.145939338279638,1.0,False,-10.0
200,B,128,18,111.0,21.328073,1254.5925294117646,"55,171,154",4095.0,69.14736938476562,4025.8526306152344,0.9999339562699386,4026.12461216854,6.05779870582365,1.0,False,-10.0
200,R,256,18,111.0,21.328073,1254.5925294117646,"55,171,154",4095.0,69.16790771484375,4025.8320922851562,0.9991113038120815,4029.4198026753643,6.402055413548555,1.0,False,-10.0
200,G1,256,18,111.0,21.328073,1254.5925294117646,"55,171,154",4095.0,69.16316986083984,4025.83683013916,0.9996658605161164,4027.188232068895,5.897320755626669,1.0,False,-10.0
200,G2,256,18,111.0,21.328073,1254.5925294117646,"55,171,154",4095.0,69.13916015625,4025.86083984375,0.9994620346235941,4028.0346642539334,6.446796507385598,1.0,False,-10.0
200,B,256,18,111.0,21.328073,1254.5925294117646,"55,171,154",4095.0,69.14736938476562,4025.8526306152344,0.9996794675676298,4027.1488943653444,5.726972420518071,1.0,False,-10.0
200,R,512,18,111.0,21.328073,1254.5925294117646,"55,171,154",4095.0,69.16790771484375,4025.8320922851562,0.9992531745863328,4028.8475029790993,6.298589146316425,1.0,False,-10.0
200,G1,512,18,111.0,21.328073,1254.5925294117646,"55,171,154",4095.0,69.16316986083984,4025.83683013916,0.9995261451568456,4027.7516890144725,6.163233520280216,1.0,False,-10.0
200,G2,512,18,111.0,21.328073,1254.5925294117646,"55,171,154",4095.0,69.13916015625,4025.86083984375,0.9994665826503142,4028.0154260137847,6.0065332350683835,1.0,False,-10.0
200,B,512,18,111.0,21.328073,1254.5925294117646,"55,171,154",4095.0,69.14736938476562,4025.8526306152344,0.9996820170297719,4027.138974669397,5.9090290303668125,1.0,False,-10.0
200,R,1024,18,111.0,21.328073,1254.5925294117646,"55,171,154",4095.0,69.16790771484375,4025.8320922851562,0.9992379261626896,4028.9092052660526,6.404186620703508,1.0,False,-10.0
200,G1,1024,18,111.0,21.328073,1254.5925294117646,"55,171,154",4094.9998893737793,69.16316986083984,4025.8367195129395,0.9994758556283779,4027.9542605202137,6.1745014733874095,0.9999974568684896,False,-10.0
200,G2,1024,18,111.0,21.328073,1254.5925294117646,"55,171,154",4094.999942779541,69.13916015625,4025.860782623291,0.9995348709157686,4027.7405580076484,6.195815416900314,0.9999949137369791,False,-10.0
200,B,1024,18,111.0,21.328073,1254.5925294117646,"55,171,154",4095.0,69.14736938476562,4025.8526306152344,0.9996355162043807,4027.3261803993446,5.843793642202143,1.0,False,-10.0
200,R,128,19,115.0,22.096651999999995,1299.803058823529,"55,171,154",4095.0,69.16790771484375,4025.8320922851562,1.004660176254671,4007.158855088961,2.227202502854484,1.0,False,-10.0
200,G1,128,19,115.0,22.096651999999995,1299.803058823529,"55,171,154",4095.0,69.16316986083984,4025.83683013916,1.0048088110624336,4006.571613991638,3.1214291285721742,1.0,False,-10.0
200,G2,128,19,115.0,22.096651999999995,1299.803058823529,"55,171,154",4095.0,69.13916015625,4025.86083984375,1.0045109794569225,4007.783262808977,2.9467430614873362,1.0,False,-10.0
200,B,128,19,115.0,22.096651999999995,1299.803058823529,"55,171,154",4095.0,69.14736938476562,4025.8526306152344,1.0046538700289063,4007.204417872063,2.182028811828651,1.0,False,-10.0
200,R,256,19,115.0,22.096651999999995,1299.803058823529,"55,171,154",4095.0,69.16790771484375,4025.8320922851562,1.0045044790093087,4007.780428021899,2.787196210786972,1.0,False,-10.0
200,G1,256,19,115.0,22.096651999999995,1299.803058823529,"55,171,154",4095.0,69.16316986083984,4025.83683013916,1.0048409765330792,4006.443096480741,2.854902372515423,1.0,False,-10.0
200,G2,256,19,115.0,22.096651999999995,1299.803058823529,"55,171,154",4095.0,69.13916015625,4025.86083984375,1.0048892699445438,4006.2748741579157,3.274371384313995,1.0,False,-10.0
200,B,256,19,115.0,22.096651999999995,1299.803058823529,"55,171,154",4095.0,69.14736938476562,4025.8526306152344,1.0045061946846996,4007.7939153268767,2.6618208037512368,1.0,False,-10.0
200,R,512,19,115.0,22.096651999999995,1299.803058823529,"55,171,154",4095.0,69.16790771484375,4025.8320922851562,1.0045222597105543,4007.7094648655348,2.762423483710911,1.0,False,-10.0
200,G1,512,19,115.0,22.096651999999995,1299.803058823529,"55,171,154",4095.0,69.16316986083984,4025.83683013916,1.0046547436966817,4007.1856401562623,2.714554828136066,1.0,False,-10.0
200,G2,512,19,115.0,22.096651999999995,1299.803058823529,"55,171,154",4095.0,69.13916015625,4025.86083984375,1.004617763813279,4007.357338491471,3.023378692518911,1.0,False,-10.0
200,B,512,19,115.0,22.096651999999995,1299.803058823529,"55,171,154",4095.0,69.14736938476562,4025.8526306152344,1.0045385888362501,4007.6646689316894,2.657367465408448,1.0,False,-10.0
200,R,1024,19,115.0,22.096651999999995,1299.803058823529,"55,171,154",4095.0,69.16790771484375,4025.8320922851562,1.0045325354603118,4007.668648360572,2.9515562999391887,1.0,False,-10.0
200,G1,1024,19,115.0,22.096651999999995,1299.803058823529,"55,171,154",4095.0,69.16316986083984,4025.83683013916,1.0046389721558653,4007.248729442445,2.908624096749376,1.0,False,-10.0
200,G2,1024,19,115.0,22.096651999999995,1299.803058823529,"55,171,154",4095.0,69.13916015625,4025.86083984375,1.004618869980311,4007.352828413523,2.9247741364040434,1.0,False,-10.0
200,B,1024,19,115.0,22.096651999999995,1299.803058823529,"55,171,154",4095.0,69.14736938476562,4025.8526306152344,1.004583549574838,4007.4854656806942,2.834708876236753,1.0,False,-10.0
