R,G1,G2,B,i,file,arm,block,cycle,event,gap_s,duty_pct,gain,offset,exptime,ccd_temp,date_obs,roi_w,t_min,level,departure,state,far
76.67122,76.66813,76.63279,76.62421,0,A00_000.fits,A,0,-1,none,60.0,58,250,15,3e-05,-10.0,2026-09-02T18:46:42.490,1024,0.0,76.64909,0.03922,0,False
76.66126,76.65527,76.6223,76.62283,1,A00_001.fits,A,0,-1,none,15.0,58,250,15,3e-05,-9.5,2026-09-02T18:46:57.823,1024,0.25555,76.64041,0.03055,0,False
76.66278,76.66056,76.6264,76.62641,2,A00_002.fits,A,0,-1,none,60.0,58,250,15,3e-05,-10.0,2026-09-02T18:47:58.137,1024,1.26078,76.64404,0.03418,0,False
76.65335,76.6507,76.62381,76.61836,3,A00_003.fits,A,0,-1,none,15.0,58,250,15,3e-05,-10.0,2026-09-02T18:48:13.457,1024,1.51612,76.63655,0.02669,0,False
76.65637,76.65886,76.62981,76.6291,4,A00_004.fits,A,0,-1,none,60.0,58,250,15,3e-05,-10.0,2026-09-02T18:49:13.777,1024,2.52145,76.64353,0.03367,0,False
76.66735,76.66317,76.62997,76.6365,5,A00_005.fits,A,0,-1,none,15.0,58,250,15,3e-05,-10.0,2026-09-02T18:49:29.096,1024,2.77677,76.64925,0.03939,0,False
76.65896,76.64811,76.62014,76.6188,6,A00_006.fits,A,0,-1,none,60.0,58,250,15,3e-05,-10.0,2026-09-02T18:50:29.410,1024,3.782,76.6365,0.02664,0,False
76.66592,76.66181,76.62743,76.63222,7,A00_007.fits,A,0,-1,none,2.0,58,250,15,3e-05,-10.0,2026-09-02T18:50:31.732,1024,3.8207,76.64684,0.03698,0,False
76.66224,76.65499,76.62372,76.62532,8,A00_008.fits,A,0,-1,none,2.0,58,250,15,3e-05,-10.0,2026-09-02T18:50:34.049,1024,3.85932,76.64157,0.0317,0,False
76.65592,76.64522,76.61323,76.61697,9,A00_009.fits,A,0,-1,none,2.0,58,250,15,3e-05,-10.0,2026-09-02T18:50:36.370,1024,3.898,76.63284,0.02297,0,False
76.65094,76.64941,76.61284,76.6237,10,A00_010.fits,A,0,-1,none,15.0,58,250,15,3e-05,-10.0,2026-09-02T18:50:51.691,1024,4.15335,76.63422,0.02436,0,False
76.65929,76.66195,76.62077,76.62957,11,A00_011.fits,A,0,-1,none,2.0,58,250,15,3e-05,-10.0,2026-09-02T18:50:54.012,1024,4.19203,76.6429,0.03303,0,False
76.65839,76.65137,76.61747,76.62728,12,A00_012.fits,A,0,-1,none,15.0,58,250,15,3e-05,-10.0,2026-09-02T18:51:09.332,1024,4.44737,76.63863,0.02877,0,False
76.65773,76.64931,76.62021,76.63129,13,A00_013.fits,A,0,-1,none,2.0,58,250,15,3e-05,-10.0,2026-09-02T18:51:11.652,1024,4.48603,76.63964,0.02978,0,False
76.64764,76.6482,76.61499,76.62288,14,A00_014.fits,A,0,-1,none,60.0,58,250,15,3e-05,-10.0,2026-09-02T18:52:11.967,1024,5.49128,76.63343,0.02356,0,False
76.66187,76.66645,76.61945,76.62556,15,A00_015.fits,A,0,-1,none,15.0,59,250,15,3e-05,-10.0,2026-09-02T18:52:27.286,1024,5.7466,76.64333,0.03347,0,False
76.6537,76.65062,76.61853,76.62272,16,A00_016.fits,A,0,-1,none,15.0,58,250,15,3e-05,-10.0,2026-09-02T18:52:42.606,1024,6.00193,76.63639,0.02653,0,False
76.66088,76.65241,76.61346,76.62098,17,A00_017.fits,A,0,-1,none,2.0,58,250,15,3e-05,-10.0,2026-09-02T18:52:44.928,1024,6.04063,76.63693,0.02707,0,False
76.65575,76.65176,76.62779,76.62188,18,A00_018.fits,A,0,-1,none,60.0,58,250,15,3e-05,-10.0,2026-09-02T18:53:45.244,1024,7.0459,76.6393,0.02943,0,False
76.65402,76.65426,76.61821,76.61944,19,A00_019.fits,A,0,-1,none,60.0,58,250,15,3e-05,-10.0,2026-09-02T18:54:45.556,1024,8.0511,76.63648,0.02662,0,False
76.66007,76.65844,76.62121,76.62073,20,A00_020.fits,A,0,-1,none,60.0,58,250,15,3e-05,-10.0,2026-09-02T18:55:45.868,1024,9.0563,76.64011,0.03025,0,False
76.64964,76.64391,76.61572,76.61767,21,A00_021.fits,A,0,-1,none,15.0,58,250,15,3e-05,-10.0,2026-09-02T18:56:01.186,1024,9.3116,76.63173,0.02187,0,False
76.6531,76.64199,76.61804,76.61826,22,A00_022.fits,A,0,-1,none,60.0,58,250,15,3e-05,-10.0,2026-09-02T18:57:01.499,1024,10.31682,76.63285,0.02299,0,False
76.65627,76.65446,76.61983,76.6214,23,A00_023.fits,A,0,-1,none,60.0,58,250,15,3e-05,-10.0,2026-09-02T18:58:01.816,1024,11.3221,76.63799,0.02813,0,False
76.66002,76.65269,76.62312,76.62882,24,A00_024.fits,A,0,-1,none,15.0,58,250,15,3e-05,-10.0,2026-09-02T18:58:17.135,1024,11.57742,76.64116,0.0313,0,False
76.65332,76.64357,76.61997,76.6211,25,A00_025.fits,A,0,-1,none,2.0,58,250,15,3e-05,-10.0,2026-09-02T18:58:19.457,1024,11.61612,76.63449,0.02463,0,False
76.65855,76.6467,76.62128,76.62647,26,A00_026.fits,A,0,-1,none,2.0,58,250,15,3e-05,-10.0,2026-09-02T18:58:21.777,1024,11.65478,76.63825,0.02839,0,False
76.63739,76.6384,76.60432,76.60125,27,A00_027.fits,A,0,-1,none,15.0,58,250,15,3e-05,-10.0,2026-09-02T18:58:37.097,1024,11.91012,76.62034,0.01048,0,False
76.65066,76.65586,76.61095,76.6204,28,A00_028.fits,A,0,-1,none,2.0,58,250,15,3e-05,-10.0,2026-09-02T18:58:39.423,1024,11.94888,76.63447,0.02461,0,False
76.65747,76.64923,76.61863,76.628,29,A00_029.fits,A,0,-1,none,15.0,58,250,15,3e-05,-10.0,2026-09-02T18:58:54.746,1024,12.20427,76.63833,0.02847,0,False
76.65942,76.65247,76.61023,76.61636,30,A00_030.fits,A,0,-1,none,60.0,58,250,15,3e-05,-10.0,2026-09-02T18:59:55.061,1024,13.20952,76.63462,0.02476,0,False
76.65349,76.64597,76.62104,76.62614,31,A00_031.fits,A,0,-1,none,15.0,58,250,15,3e-05,-10.0,2026-09-02T19:00:10.389,1024,13.46498,76.63666,0.0268,0,False
76.65695,76.64734,76.61622,76.62551,32,A00_032.fits,A,0,-1,none,2.0,58,250,15,3e-05,-10.0,2026-09-02T19:00:12.707,1024,13.50362,76.63651,0.02664,0,False
76.64921,76.64334,76.61456,76.6157,33,A00_033.fits,A,0,-1,none,60.0,58,250,15,3e-05,-10.0,2026-09-02T19:01:13.022,1024,14.50887,76.6307,0.02084,0,False
76.65248,76.64771,76.6095,76.61791,34,A00_034.fits,A,0,-1,none,15.0,58,250,15,3e-05,-10.0,2026-09-02T19:01:28.344,1024,14.76423,76.6319,0.02204,0,False
76.64986,76.6469,76.60901,76.61664,35,A00_035.fits,A,0,-1,none,15.0,58,250,15,3e-05,-10.0,2026-09-02T19:01:43.665,1024,15.01958,76.6306,0.02074,0,False
76.64563,76.65084,76.6072,76.60721,36,A00_036.fits,A,0,-1,none,15.0,58,250,15,3e-05,-10.0,2026-09-02T19:01:58.987,1024,15.27495,76.62772,0.01786,0,False
76.64844,76.63771,76.60096,76.61367,37,A00_037.fits,A,0,-1,none,2.0,58,250,15,3e-05,-10.0,2026-09-02T19:02:01.309,1024,15.31365,76.6252,0.01534,0,False
76.64935,76.64255,76.61236,76.61631,38,A00_038.fits,A,0,-1,none,2.0,58,250,15,3e-05,-10.0,2026-09-02T19:02:03.635,1024,15.35242,76.63014,0.02028,0,False
76.64902,76.64853,76.60048,76.60701,39,A00_039.fits,A,0,-1,none,2.0,58,250,15,3e-05,-10.0,2026-09-02T19:02:05.956,1024,15.3911,76.62626,0.0164,0,False
76.6477,76.64482,76.61836,76.61526,40,A00_040.fits,A,0,-1,none,60.0,58,250,15,3e-05,-10.0,2026-09-02T19:03:06.272,1024,16.39637,76.63153,0.02167,0,False
76.64687,76.64605,76.61565,76.61452,41,A00_041.fits,A,0,-1,none,60.0,58,250,15,3e-05,-10.0,2026-09-02T19:04:06.586,1024,17.4016,76.63077,0.02091,0,False
76.65566,76.64399,76.60995,76.61625,42,A00_042.fits,A,0,-1,none,2.0,58,250,15,3e-05,-10.0,2026-09-02T19:04:08.910,1024,17.44033,76.63146,0.0216,0,False
76.65033,76.65129,76.61322,76.61914,43,A00_043.fits,A,0,-1,none,15.0,58,250,15,3e-05,-10.0,2026-09-02T19:04:24.230,1024,17.69567,76.63349,0.02363,0,False
76.63915,76.6414,76.60387,76.60987,44,A00_044.fits,A,0,-1,none,2.0,58,250,15,3e-05,-10.0,2026-09-02T19:04:26.548,1024,17.7343,76.62357,0.01371,0,False
76.64071,76.63727,76.607,76.60896,45,A00_045.fits,A,0,-1,none,2.0,58,250,15,3e-05,-10.0,2026-09-02T19:04:28.871,1024,17.77302,76.62348,0.01362,0,False
76.64273,76.65034,76.61029,76.61292,46,A00_046.fits,A,0,-1,none,15.0,58,250,15,3e-05,-10.0,2026-09-02T19:04:44.194,1024,18.0284,76.62907,0.01921,0,False
76.65058,76.64133,76.60802,76.61058,47,A00_047.fits,A,0,-1,none,2.0,58,250,15,3e-05,-10.0,2026-09-02T19:04:46.519,1024,18.06715,76.62763,0.01776,0,False
76.65417,76.65363,76.6084,76.61617,48,A00_048.fits,A,0,-1,none,2.0,58,250,15,3e-05,-10.0,2026-09-02T19:04:48.840,1024,18.10583,76.63309,0.02323,0,False
76.64648,76.63625,76.60813,76.60905,49,A00_049.fits,A,0,-1,none,60.0,58,250,15,3e-05,-10.0,2026-09-02T19:05:49.157,1024,19.11112,76.62498,0.01511,0,False
76.6515,76.64911,76.61427,76.61851,50,A00_050.fits,A,0,-1,none,60.0,58,250,15,3e-05,-10.0,2026-09-02T19:06:49.473,1024,20.11638,76.63334,0.02348,0,False
76.63818,76.6403,76.61224,76.61406,51,A00_051.fits,A,0,-1,none,2.0,58,250,15,3e-05,-10.0,2026-09-02T19:06:51.799,1024,20.15515,76.62619,0.01633,0,False
76.64529,76.64452,76.61374,76.62133,52,A00_052.fits,A,0,-1,none,15.0,58,250,15,3e-05,-10.0,2026-09-02T19:07:07.120,1024,20.4105,76.63122,0.02136,0,False
76.64426,76.63671,76.60701,76.61375,53,A00_053.fits,A,0,-1,none,2.0,58,250,15,3e-05,-10.0,2026-09-02T19:07:09.445,1024,20.44925,76.62543,0.01557,0,False
76.65354,76.65255,76.61293,76.61576,54,A00_054.fits,A,0,-1,none,15.0,58,250,15,3e-05,-10.0,2026-09-02T19:07:24.766,1024,20.7046,76.6337,0.02383,0,False
76.65166,76.65072,76.61959,76.61692,55,A00_055.fits,A,0,-1,none,15.0,58,250,15,3e-05,-10.0,2026-09-02T19:07:40.087,1024,20.95995,76.63472,0.02486,0,False
76.65326,76.64894,76.61892,76.617,56,A00_056.fits,A,0,-1,none,2.0,58,250,15,3e-05,-10.0,2026-09-02T19:07:42.412,1024,20.9987,76.63453,0.02467,0,False
76.65488,76.64932,76.61705,76.62904,57,A00_057.fits,A,0,-1,none,60.0,58,250,15,3e-05,-10.0,2026-09-02T19:08:42.728,1024,22.00397,76.63757,0.02771,0,False
76.64949,76.65034,76.61969,76.62609,58,A00_058.fits,A,0,-1,none,60.0,58,250,15,3e-05,-10.0,2026-09-02T19:09:43.050,1024,23.00933,76.6364,0.02654,0,False
76.65274,76.64827,76.62091,76.62034,59,A00_059.fits,A,0,-1,none,60.0,58,250,15,3e-05,-10.0,2026-09-02T19:10:43.369,1024,24.01465,76.63557,0.02571,0,False
76.65212,76.65545,76.61275,76.61546,60,A00_060.fits,A,0,-1,none,60.0,58,250,15,3e-05,-10.0,2026-09-02T19:11:43.683,1024,25.01988,76.63394,0.02408,0,False
76.64398,76.64596,76.60976,76.60966,61,A00_061.fits,A,0,-1,none,60.0,58,250,15,3e-05,-10.0,2026-09-02T19:12:44.005,1024,26.02525,76.62734,0.01748,0,False
76.64304,76.63396,76.60359,76.60542,62,A00_062.fits,A,0,-1,none,2.0,58,250,15,3e-05,-10.0,2026-09-02T19:12:46.331,1024,26.06402,76.6215,0.01164,0,False
76.6459,76.64503,76.61607,76.62012,63,A00_063.fits,A,0,-1,none,15.0,58,250,15,3e-05,-10.0,2026-09-02T19:13:01.655,1024,26.31942,76.63178,0.02192,0,False
76.64454,76.64881,76.61026,76.60921,64,A00_064.fits,A,0,-1,none,2.0,58,250,15,3e-05,-10.0,2026-09-02T19:13:03.977,1024,26.35812,76.62821,0.01834,0,False
76.65098,76.64405,76.61562,76.62197,65,A00_065.fits,A,0,-1,none,15.0,58,250,15,3e-05,-10.0,2026-09-02T19:13:19.299,1024,26.61348,76.63316,0.0233,0,False
76.64052,76.64349,76.60625,76.60838,66,A00_066.fits,A,0,-1,none,2.0,58,250,15,3e-05,-10.0,2026-09-02T19:13:21.624,1024,26.65223,76.62466,0.0148,0,False
76.64809,76.6449,76.61675,76.61513,67,A00_067.fits,A,0,-1,none,2.0,58,250,15,3e-05,-10.0,2026-09-02T19:13:23.946,1024,26.69093,76.63122,0.02136,0,False
76.63964,76.63979,76.60654,76.60903,68,A00_068.fits,A,0,-1,none,15.0,58,250,15,3e-05,-10.0,2026-09-02T19:13:39.268,1024,26.9463,76.62375,0.01389,0,False
76.64375,76.64134,76.61229,76.61185,69,A00_069.fits,A,0,-1,none,60.0,58,250,15,3e-05,-10.0,2026-09-02T19:14:39.584,1024,27.95157,76.62731,0.01745,0,False
76.64384,76.65062,76.61284,76.61465,70,A00_070.fits,A,0,-1,none,60.0,58,250,15,3e-05,-10.0,2026-09-02T19:15:39.901,1024,28.95685,76.63049,0.02063,0,False
76.64003,76.63767,76.60527,76.60363,71,A00_071.fits,A,0,-1,none,2.0,58,250,15,3e-05,-10.0,2026-09-02T19:15:42.229,1024,28.99565,76.62165,0.01179,0,False
76.6474,76.63657,76.6075,76.60889,72,A00_072.fits,A,0,-1,none,2.0,58,250,15,3e-05,-10.0,2026-09-02T19:15:44.552,1024,29.03437,76.62509,0.01523,0,False
76.6486,76.6457,76.61423,76.62198,73,A00_073.fits,A,0,-1,none,60.0,58,250,15,3e-05,-10.0,2026-09-02T19:16:44.870,1024,30.03967,76.63263,0.02277,0,False
76.6326,76.64221,76.60715,76.61029,74,A00_074.fits,A,0,-1,none,15.0,58,250,15,3e-05,-10.0,2026-09-02T19:17:00.192,1024,30.29503,76.62306,0.0132,0,False
76.64549,76.64849,76.61648,76.61629,75,A00_075.fits,A,0,-1,none,60.0,58,250,15,3e-05,-10.0,2026-09-02T19:18:00.507,1024,31.30028,76.63169,0.02182,0,False
76.65429,76.64376,76.60968,76.62414,76,A00_076.fits,A,0,-1,none,60.0,58,250,15,3e-05,-10.0,2026-09-02T19:19:00.825,1024,32.30558,76.63297,0.02311,0,False
76.65344,76.65234,76.61015,76.61654,77,A00_077.fits,A,0,-1,none,15.0,58,250,15,3e-05,-10.0,2026-09-02T19:19:16.146,1024,32.56093,76.63312,0.02326,0,False
76.63368,76.63287,76.58882,76.60483,78,A00_078.fits,A,0,-1,none,2.0,58,250,15,3e-05,-10.0,2026-09-02T19:19:18.468,1024,32.59963,76.61505,0.00519,0,False
76.64489,76.64421,76.60914,76.6136,79,A00_079.fits,A,0,-1,none,15.0,58,250,15,3e-05,-10.0,2026-09-02T19:19:33.790,1024,32.855,76.62796,0.0181,0,False
76.64865,76.6406,76.61009,76.61339,80,A00_080.fits,A,0,-1,none,15.0,58,250,15,3e-05,-10.0,2026-09-02T19:19:49.110,1024,33.11033,76.62818,0.01832,0,False
76.64256,76.62876,76.60309,76.60411,81,A00_081.fits,A,0,-1,none,15.0,58,250,15,3e-05,-10.0,2026-09-02T19:20:04.433,1024,33.36572,76.61963,0.00977,0,False
76.65123,76.64418,76.6172,76.61842,82,A00_082.fits,A,0,-1,none,60.0,58,250,15,3e-05,-10.0,2026-09-02T19:21:04.747,1024,34.37095,76.63276,0.0229,0,False
76.65189,76.64322,76.61086,76.6144,83,A00_083.fits,A,0,-1,none,2.0,58,250,15,3e-05,-10.0,2026-09-02T19:21:07.070,1024,34.40967,76.63009,0.02023,0,False
76.6479,76.64156,76.60782,76.61507,84,A00_084.fits,A,0,-1,none,15.0,58,250,15,3e-05,-10.0,2026-09-02T19:21:22.391,1024,34.66502,76.62809,0.01823,0,False
76.63992,76.63995,76.60743,76.61757,85,A00_085.fits,A,0,-1,none,15.0,58,250,15,3e-05,-10.0,2026-09-02T19:21:37.712,1024,34.92037,76.62622,0.01636,0,False
76.64875,76.63727,76.60324,76.6131,86,A00_086.fits,A,0,-1,none,2.0,58,250,15,3e-05,-10.0,2026-09-02T19:21:40.034,1024,34.95907,76.62559,0.01573,0,False
76.63289,76.62834,76.59758,76.6068,87,A00_087.fits,A,0,-1,none,15.0,58,250,15,3e-05,-10.0,2026-09-02T19:21:55.355,1024,35.21442,76.6164,0.00654,0,False
76.64137,76.63871,76.60207,76.6125,88,A00_088.fits,A,0,-1,none,2.0,58,250,15,3e-05,-10.0,2026-09-02T19:21:57.680,1024,35.25317,76.62366,0.0138,0,False
76.64223,76.64264,76.60772,76.61121,89,A00_089.fits,A,0,-1,none,15.0,58,250,15,3e-05,-10.0,2026-09-02T19:22:13.001,1024,35.50852,76.62595,0.01609,0,False
76.6508,76.64476,76.61253,76.61303,90,A00_090.fits,A,0,-1,none,2.0,58,250,15,3e-05,-10.0,2026-09-02T19:22:15.320,1024,35.54717,76.63028,0.02042,0,False
76.64658,76.65044,76.60485,76.61178,91,A00_091.fits,A,0,-1,none,60.0,58,250,15,3e-05,-10.0,2026-09-02T19:23:15.643,1024,36.55255,76.62842,0.01855,0,False
76.64099,76.63436,76.60123,76.6091,92,A00_092.fits,A,0,-1,none,2.0,58,250,15,3e-05,-10.0,2026-09-02T19:23:17.965,1024,36.59125,76.62142,0.01156,0,False
76.64322,76.64138,76.60924,76.61098,93,A00_093.fits,A,0,-1,none,2.0,58,250,15,3e-05,-10.0,2026-09-02T19:23:20.283,1024,36.62988,76.62621,0.01635,0,False
76.64761,76.6446,76.61208,76.61427,94,A00_094.fits,A,0,-1,none,60.0,58,250,15,3e-05,-10.0,2026-09-02T19:24:20.601,1024,37.63518,76.62964,0.01978,0,False
76.63927,76.63678,76.60328,76.61211,95,A00_095.fits,A,0,-1,none,2.0,58,250,15,3e-05,-10.0,2026-09-02T19:24:22.923,1024,37.67388,76.62286,0.013,0,False
76.6404,76.63589,76.6104,76.61125,96,A00_096.fits,A,0,-1,none,15.0,58,250,15,3e-05,-10.0,2026-09-02T19:24:38.245,1024,37.92925,76.62449,0.01463,0,False
76.63956,76.63161,76.6086,76.60731,97,A00_097.fits,A,0,-1,none,2.0,58,250,15,3e-05,-10.0,2026-09-02T19:24:40.568,1024,37.96797,76.62177,0.01191,0,False
76.63825,76.63855,76.60168,76.6095,98,A00_098.fits,A,0,-1,none,60.0,58,250,15,3e-05,-10.0,2026-09-02T19:25:40.886,1024,38.97327,76.622,0.01214,0,False
76.6354,76.63675,76.60748,76.60859,99,A00_099.fits,A,0,-1,none,60.0,58,250,15,3e-05,-10.0,2026-09-02T19:26:41.204,1024,39.97857,76.62205,0.01219,0,False
76.646,76.64278,76.6098,76.61758,100,A00_100.fits,A,0,-1,none,2.0,58,250,15,3e-05,-10.0,2026-09-02T19:26:43.537,1024,40.01745,76.62904,0.01918,0,False
76.64631,76.63924,76.60615,76.60551,101,A00_101.fits,A,0,-1,none,60.0,58,250,15,3e-05,-10.0,2026-09-02T19:27:43.863,1024,41.02288,76.6243,0.01444,0,False
76.63624,76.63468,76.6032,76.6039,102,A00_102.fits,A,0,-1,none,60.0,58,250,15,3e-05,-10.0,2026-09-02T19:28:44.185,1024,42.02825,76.6195,0.00964,0,False
76.63498,76.63557,76.60556,76.61167,103,A00_103.fits,A,0,-1,none,2.0,58,250,15,3e-05,-10.0,2026-09-02T19:28:46.506,1024,42.06693,76.62195,0.01208,0,False
76.64177,76.63453,76.59904,76.61044,104,A00_104.fits,A,0,-1,none,2.0,58,250,15,3e-05,-10.0,2026-09-02T19:28:48.828,1024,42.10563,76.62144,0.01158,0,False
76.6482,76.64652,76.60576,76.62219,105,A00_105.fits,A,0,-1,none,60.0,58,250,15,3e-05,-10.0,2026-09-02T19:29:49.142,1024,43.11087,76.63067,0.02081,0,False
76.64869,76.64274,76.59926,76.61257,106,A00_106.fits,A,0,-1,none,60.0,58,250,15,3e-05,-10.0,2026-09-02T19:30:49.464,1024,44.11623,76.62582,0.01596,0,False
76.63818,76.63351,76.59275,76.60306,107,A00_107.fits,A,0,-1,none,15.0,58,250,15,3e-05,-10.0,2026-09-02T19:31:04.793,1024,44.37172,76.61687,0.00701,0,False
76.63728,76.63536,76.60088,76.61003,108,A00_108.fits,A,0,-1,none,15.0,58,250,15,3e-05,-10.0,2026-09-02T19:31:20.122,1024,44.6272,76.62089,0.01103,0,False
76.63586,76.63042,76.61247,76.60562,109,A00_109.fits,A,0,-1,none,15.0,58,250,15,3e-05,-10.0,2026-09-02T19:31:35.451,1024,44.88268,76.62109,0.01123,0,False
76.64376,76.64074,76.60558,76.60939,110,A00_110.fits,A,0,-1,none,60.0,58,250,15,3e-05,-10.0,2026-09-02T19:32:35.774,1024,45.88807,76.62487,0.01501,0,False
76.63015,76.62959,76.60172,76.60265,111,A00_111.fits,A,0,-1,none,15.0,58,250,15,3e-05,-10.0,2026-09-02T19:32:51.100,1024,46.1435,76.61603,0.00617,0,False
76.64114,76.63581,76.60735,76.60507,112,A00_112.fits,A,0,-1,none,2.0,58,250,15,3e-05,-10.0,2026-09-02T19:32:53.427,1024,46.18228,76.62234,0.01248,0,False
76.63585,76.633,76.60045,76.60417,113,A00_113.fits,A,0,-1,none,2.0,58,250,15,3e-05,-10.0,2026-09-02T19:32:55.753,1024,46.22105,76.61837,0.00851,0,False
76.63692,76.63386,76.60736,76.60495,114,A00_114.fits,A,0,-1,none,60.0,58,250,15,3e-05,-10.0,2026-09-02T19:33:56.072,1024,47.22637,76.62077,0.01091,0,False
76.6382,76.63847,76.60086,76.60794,115,A00_115.fits,A,0,-1,none,2.0,58,250,15,3e-05,-10.0,2026-09-02T19:33:58.396,1024,47.2651,76.62137,0.01151,0,False
76.63643,76.63556,76.60358,76.61126,116,A00_116.fits,A,0,-1,none,2.0,58,250,15,3e-05,-10.0,2026-09-02T19:34:00.725,1024,47.30392,76.62171,0.01185,0,False
76.64323,76.6382,76.5963,76.60875,117,A00_117.fits,A,0,-1,none,60.0,58,250,15,3e-05,-10.0,2026-09-02T19:35:01.046,1024,48.30927,76.62162,0.01176,0,False
76.64077,76.63555,76.60319,76.61451,118,A00_118.fits,A,0,-1,none,60.0,58,250,15,3e-05,-10.0,2026-09-02T19:36:01.369,1024,49.31465,76.6235,0.01364,0,False
76.64524,76.63158,76.60788,76.60696,119,A00_119.fits,A,0,-1,none,60.0,58,250,15,3e-05,-10.0,2026-09-02T19:37:01.691,1024,50.32002,76.62292,0.01305,0,False
76.64547,76.62714,76.60014,76.59876,120,A00_120.fits,A,0,-1,none,60.0,59,250,15,3e-05,-10.0,2026-09-02T19:38:02.013,1024,51.32538,76.61788,0.00801,0,False
76.63801,76.63533,76.5942,76.60617,121,A00_121.fits,A,0,-1,none,15.0,59,250,15,3e-05,-10.0,2026-09-02T19:38:17.335,1024,51.58075,76.61843,0.00857,0,False
76.62883,76.6279,76.59714,76.5997,122,A00_122.fits,A,0,-1,none,2.0,59,250,15,3e-05,-10.0,2026-09-02T19:38:19.659,1024,51.61948,76.61339,0.00353,0,False
76.64866,76.64201,76.61618,76.62228,123,A00_123.fits,A,0,-1,none,60.0,59,250,15,3e-05,-10.0,2026-09-02T19:39:19.976,1024,52.62477,76.63228,0.02242,0,False
76.64061,76.63544,76.60759,76.60432,124,A00_124.fits,A,0,-1,none,2.0,59,250,15,3e-05,-10.0,2026-09-02T19:39:22.302,1024,52.66353,76.62199,0.01213,0,False
76.64207,76.64362,76.60486,76.60911,125,A00_125.fits,A,0,-1,none,60.0,59,250,15,3e-05,-10.0,2026-09-02T19:40:22.625,1024,53.66892,76.62492,0.01505,0,False
76.64711,76.63409,76.59858,76.61184,126,A00_126.fits,A,0,-1,none,60.0,59,250,15,3e-05,-10.0,2026-09-02T19:41:22.943,1024,54.67422,76.62291,0.01305,0,False
76.63968,76.62978,76.60864,76.60312,127,A00_127.fits,A,0,-1,none,2.0,59,250,15,3e-05,-10.0,2026-09-02T19:41:25.265,1024,54.71292,76.6203,0.01044,0,False
76.6427,76.63698,76.6062,76.60502,128,A00_128.fits,A,0,-1,none,2.0,59,250,15,3e-05,-10.0,2026-09-02T19:41:27.588,1024,54.75163,76.62272,0.01286,0,False
76.63684,76.63876,76.59301,76.60188,129,A00_129.fits,A,0,-1,none,2.0,59,250,15,3e-05,-10.0,2026-09-02T19:41:29.917,1024,54.79045,76.61762,0.00776,0,False
76.63147,76.63371,76.60035,76.59978,130,A00_130.fits,A,0,-1,none,60.0,59,250,15,3e-05,-10.0,2026-09-02T19:42:30.239,1024,55.79582,76.61633,0.00647,0,False
76.64127,76.63371,76.60335,76.61226,131,A00_131.fits,A,0,-1,none,2.0,59,250,15,3e-05,-10.0,2026-09-02T19:42:32.563,1024,55.83455,76.62265,0.01278,0,False
76.64741,76.64044,76.61043,76.60884,132,A00_132.fits,A,0,-1,none,15.0,59,250,15,3e-05,-10.0,2026-09-02T19:42:47.884,1024,56.0899,76.62678,0.01692,0,False
76.63574,76.63665,76.60339,76.60482,133,A00_133.fits,A,0,-1,none,60.0,59,250,15,3e-05,-10.0,2026-09-02T19:43:48.203,1024,57.09522,76.62015,0.01029,0,False
76.63241,76.6255,76.59932,76.59623,134,A00_134.fits,A,0,-1,none,15.0,59,250,15,3e-05,-10.0,2026-09-02T19:44:03.529,1024,57.35065,76.61337,0.0035,0,False
76.62691,76.63523,76.59968,76.59846,135,A00_135.fits,A,0,-1,none,2.0,59,250,15,3e-05,-10.0,2026-09-02T19:44:05.851,1024,57.38935,76.61507,0.00521,0,False
76.63924,76.6406,76.60412,76.60388,136,A00_136.fits,A,0,-1,none,60.0,59,250,15,3e-05,-10.0,2026-09-02T19:45:06.172,1024,58.3947,76.62196,0.0121,0,False
76.63539,76.64078,76.60269,76.60744,137,A00_137.fits,A,0,-1,none,15.0,59,250,15,3e-05,-10.0,2026-09-02T19:45:21.490,1024,58.65,76.62158,0.01171,0,False
76.63843,76.63103,76.60191,76.60395,138,A00_138.fits,A,0,-1,none,15.0,59,250,15,3e-05,-10.0,2026-09-02T19:45:36.812,1024,58.90537,76.61883,0.00897,0,False
76.63851,76.63467,76.59832,76.59856,139,A00_139.fits,A,0,-1,none,15.0,59,250,15,3e-05,-10.0,2026-09-02T19:45:52.138,1024,59.1608,76.61752,0.00766,0,False
76.63804,76.631,76.59183,76.59863,140,A00_140.fits,A,0,-1,none,15.0,59,250,15,3e-05,-10.0,2026-09-02T19:46:07.459,1024,59.41615,76.61487,0.00501,0,False
76.63352,76.62937,76.59715,76.60046,141,A00_141.fits,A,0,-1,none,60.0,59,250,15,3e-05,-10.0,2026-09-02T19:47:07.776,1024,60.42143,76.61512,0.00526,0,False
76.64177,76.63946,76.60637,76.61473,142,A00_142.fits,A,0,-1,none,15.0,59,250,15,3e-05,-10.0,2026-09-02T19:47:23.099,1024,60.67682,76.62558,0.01572,0,False
76.64043,76.63833,76.60237,76.60998,143,A00_143.fits,A,0,-1,none,15.0,59,250,15,3e-05,-10.0,2026-09-02T19:47:38.421,1024,60.93218,76.62278,0.01291,0,False
76.62686,76.6257,76.59252,76.59675,144,A00_144.fits,A,0,-1,none,2.0,59,250,15,3e-05,-10.0,2026-09-02T19:47:40.741,1024,60.97085,76.61046,0.0006,0,False
76.6398,76.62767,76.60213,76.60402,145,A00_145.fits,A,0,-1,none,60.0,59,250,15,3e-05,-10.0,2026-09-02T19:48:41.059,1024,61.97615,76.6184,0.00854,0,False
76.63227,76.63184,76.59793,76.6041,146,A00_146.fits,A,0,-1,none,15.0,59,250,15,3e-05,-10.0,2026-09-02T19:48:56.381,1024,62.23152,76.61654,0.00667,0,False
76.63969,76.63507,76.59789,76.59697,147,A00_147.fits,A,0,-1,none,60.0,59,250,15,3e-05,-10.0,2026-09-02T19:49:56.696,1024,63.23677,76.6174,0.00754,0,False
76.65079,76.64416,76.60886,76.62145,148,A00_148.fits,A,0,-1,none,60.0,59,250,15,3e-05,-10.0,2026-09-02T19:50:57.016,1024,64.2421,76.63132,0.02146,0,False
76.63802,76.63544,76.60297,76.5976,149,A00_149.fits,A,0,-1,none,15.0,59,250,15,3e-05,-10.0,2026-09-02T19:51:12.341,1024,64.49752,76.61851,0.00865,0,False
76.63578,76.62721,76.60516,76.60116,150,A00_150.fits,A,0,-1,none,2.0,59,250,15,3e-05,-10.0,2026-09-02T19:51:14.666,1024,64.53627,76.61733,0.00747,0,False
76.6193,76.62381,76.58885,76.59207,151,A00_151.fits,A,0,-1,none,60.0,59,250,15,3e-05,-10.0,2026-09-02T19:52:14.987,1024,65.54162,76.60601,-0.00385,0,False
76.63258,76.62865,76.59775,76.59851,152,A00_152.fits,A,0,-1,none,2.0,59,250,15,3e-05,-10.0,2026-09-02T19:52:17.308,1024,65.5803,76.61438,0.00451,0,False
76.63789,76.63448,76.60899,76.61079,153,A00_153.fits,A,0,-1,none,60.0,59,250,15,3e-05,-10.0,2026-09-02T19:53:17.626,1024,66.5856,76.62304,0.01318,0,False
76.63603,76.63886,76.60959,76.61321,154,A00_154.fits,A,0,-1,none,15.0,59,250,15,3e-05,-10.0,2026-09-02T19:53:32.948,1024,66.84097,76.62442,0.01456,0,False
76.64167,76.63326,76.60331,76.60687,155,A00_155.fits,A,0,-1,none,2.0,59,250,15,3e-05,-10.0,2026-09-02T19:53:35.270,1024,66.87967,76.62128,0.01142,0,False
76.63193,76.63604,76.59933,76.59924,156,A00_156.fits,A,0,-1,none,2.0,59,250,15,3e-05,-10.0,2026-09-02T19:53:37.593,1024,66.91838,76.61664,0.00677,0,False
76.65002,76.64597,76.60589,76.61581,157,A00_157.fits,A,0,-1,none,2.0,59,250,15,3e-05,-10.0,2026-09-02T19:53:39.919,1024,66.95715,76.62942,0.01956,0,False
76.63512,76.62679,76.59422,76.5914,158,A00_158.fits,A,0,-1,none,2.0,59,250,15,3e-05,-10.0,2026-09-02T19:53:42.241,1024,66.99585,76.61188,0.00202,0,False
76.62791,76.62872,76.59298,76.59902,159,A00_159.fits,A,0,-1,none,15.0,59,250,15,3e-05,-10.0,2026-09-02T19:53:57.562,1024,67.2512,76.61216,0.0023,0,False
76.6402,76.63376,76.60056,76.60582,160,A00_160.fits,A,0,-1,none,15.0,59,250,15,3e-05,-10.0,2026-09-02T19:54:12.887,1024,67.50662,76.62009,0.01022,0,False
76.63455,76.63406,76.60376,76.59653,161,A00_161.fits,A,0,-1,none,15.0,59,250,15,3e-05,-10.0,2026-09-02T19:54:28.207,1024,67.76195,76.61723,0.00736,0,False
76.63022,76.63338,76.59654,76.60136,162,A00_162.fits,A,0,-1,none,2.0,59,250,15,3e-05,-10.0,2026-09-02T19:54:30.530,1024,67.80067,76.61537,0.00551,0,False
76.63744,76.63265,76.61009,76.60341,163,A00_163.fits,A,0,-1,none,15.0,59,250,15,3e-05,-10.0,2026-09-02T19:54:45.853,1024,68.05605,76.6209,0.01104,0,False
76.64414,76.63692,76.59646,76.61044,164,A00_164.fits,A,0,-1,none,15.0,59,250,15,3e-05,-10.0,2026-09-02T19:55:01.175,1024,68.31142,76.62199,0.01213,0,False
76.6352,76.63334,76.60552,76.60056,165,A00_165.fits,A,0,-1,none,60.0,59,250,15,3e-05,-10.0,2026-09-02T19:56:01.496,1024,69.31677,76.61866,0.00879,0,False
76.63061,76.62646,76.59045,76.5993,166,A00_166.fits,A,0,-1,none,60.0,59,250,15,3e-05,-10.0,2026-09-02T19:57:01.818,1024,70.32213,76.61171,0.00185,0,False
76.6389,76.63984,76.60262,76.60664,167,A00_167.fits,A,0,-1,none,15.0,59,250,15,3e-05,-10.0,2026-09-02T19:57:17.142,1024,70.57753,76.622,0.01214,0,False
76.63746,76.62843,76.60508,76.59972,168,A00_168.fits,A,0,-1,none,2.0,59,250,15,3e-05,-10.0,2026-09-02T19:57:19.467,1024,70.61628,76.61767,0.00781,0,False
76.63833,76.62864,76.59641,76.60464,169,A00_169.fits,A,0,-1,none,15.0,59,250,15,3e-05,-10.0,2026-09-02T19:57:34.793,1024,70.87172,76.617,0.00714,0,False
76.62075,76.61924,76.5806,76.5923,170,A00_170.fits,A,0,-1,none,60.0,59,250,15,3e-05,-10.0,2026-09-02T19:58:35.115,1024,71.87708,76.60322,-0.00664,0,False
76.63132,76.62953,76.59341,76.59511,171,A00_171.fits,A,0,-1,none,60.0,59,250,15,3e-05,-10.0,2026-09-02T19:59:35.449,1024,72.88265,76.61234,0.00248,0,False
76.62873,76.62915,76.58767,76.59682,172,A00_172.fits,A,0,-1,none,15.0,59,250,15,3e-05,-10.0,2026-09-02T19:59:50.771,1024,73.13802,76.61059,0.00073,0,False
76.62661,76.6154,76.58585,76.59757,173,A00_173.fits,A,0,-1,none,15.0,59,250,15,3e-05,-10.0,2026-09-02T20:00:06.091,1024,73.39335,76.60636,-0.00351,0,False
76.63734,76.63629,76.59734,76.60489,174,A00_174.fits,A,0,-1,none,2.0,59,250,15,3e-05,-10.0,2026-09-02T20:00:08.416,1024,73.4321,76.61897,0.0091,0,False
76.62477,76.63495,76.60337,76.59673,175,A00_175.fits,A,0,-1,none,60.0,59,250,15,3e-05,-10.0,2026-09-02T20:01:08.736,1024,74.43743,76.61496,0.00509,0,False
76.63547,76.62574,76.59216,76.59274,176,A00_176.fits,A,0,-1,none,2.0,59,250,15,3e-05,-10.0,2026-09-02T20:01:11.060,1024,74.47617,76.61153,0.00167,0,False
76.63697,76.63649,76.59587,76.60616,177,A00_177.fits,A,0,-1,none,60.0,59,250,15,3e-05,-10.0,2026-09-02T20:02:11.376,1024,75.48143,76.61887,0.00901,0,False
76.62238,76.62376,76.59056,76.59923,178,A00_178.fits,A,0,-1,none,60.0,59,250,15,3e-05,-10.0,2026-09-02T20:03:11.698,1024,76.4868,76.60898,-0.00088,0,False
76.63704,76.63232,76.60215,76.59609,179,A00_179.fits,A,0,-1,none,2.0,59,250,15,3e-05,-10.0,2026-09-02T20:03:14.020,1024,76.5255,76.6169,0.00704,0,False
76.62833,76.62489,76.59319,76.59097,180,A00_180.fits,A,0,-1,none,15.0,59,250,15,3e-05,-10.0,2026-09-02T20:03:29.348,1024,76.78097,76.60934,-0.00052,0,False
76.64226,76.63482,76.59804,76.60445,181,A00_181.fits,A,0,-1,none,60.0,59,250,15,3e-05,-10.0,2026-09-02T20:04:29.670,1024,77.78633,76.61989,0.01003,0,False
76.63195,76.62453,76.59171,76.59923,182,A00_182.fits,A,0,-1,none,2.0,59,250,15,3e-05,-10.0,2026-09-02T20:04:31.996,1024,77.8251,76.61185,0.00199,0,False
76.6392,76.62874,76.59468,76.60974,183,A00_183.fits,A,0,-1,none,15.0,59,250,15,3e-05,-10.0,2026-09-02T20:04:47.321,1024,78.08052,76.61809,0.00823,0,False
76.63547,76.62508,76.60526,76.59992,184,A00_184.fits,A,0,-1,none,60.0,59,250,15,3e-05,-10.0,2026-09-02T20:05:47.644,1024,79.0859,76.61644,0.00657,0,False
76.64331,76.63542,76.59896,76.60466,185,A00_185.fits,A,0,-1,none,15.0,59,250,15,3e-05,-10.0,2026-09-02T20:06:02.964,1024,79.34123,76.62058,0.01072,0,False
76.63458,76.62821,76.59488,76.59501,186,A00_186.fits,A,0,-1,none,2.0,59,250,15,3e-05,-10.0,2026-09-02T20:06:05.286,1024,79.37993,76.61317,0.00331,0,False
76.63236,76.63503,76.59779,76.6052,187,A00_187.fits,A,0,-1,none,60.0,59,250,15,3e-05,-10.0,2026-09-02T20:07:05.607,1024,80.38528,76.61759,0.00773,0,False
76.62286,76.6208,76.59333,76.59308,188,A00_188.fits,A,0,-1,none,15.0,59,250,15,3e-05,-10.0,2026-09-02T20:07:20.929,1024,80.64065,76.60752,-0.00234,0,False
76.62962,76.62698,76.58834,76.59226,189,A00_189.fits,A,0,-1,none,15.0,59,250,15,3e-05,-10.0,2026-09-02T20:07:36.251,1024,80.89602,76.6093,-0.00056,0,False
76.63377,76.63179,76.60358,76.6025,190,A00_190.fits,A,0,-1,none,15.0,59,250,15,3e-05,-10.0,2026-09-02T20:07:51.573,1024,81.15138,76.61791,0.00805,0,False
76.63932,76.63173,76.60046,76.60637,191,A00_191.fits,A,0,-1,none,15.0,59,250,15,3e-05,-10.0,2026-09-02T20:08:06.896,1024,81.40677,76.61947,0.00961,0,False
76.63696,76.62294,76.6002,76.59788,192,A00_192.fits,A,0,-1,none,2.0,59,250,15,3e-05,-10.0,2026-09-02T20:08:09.219,1024,81.44548,76.61449,0.00463,0,False
76.63878,76.62852,76.59186,76.59906,193,A00_193.fits,A,0,-1,none,2.0,59,250,15,3e-05,-10.0,2026-09-02T20:08:11.541,1024,81.48418,76.61456,0.00469,0,False
76.63708,76.62926,76.59041,76.6074,194,A00_194.fits,A,0,-1,none,2.0,59,250,15,3e-05,-10.0,2026-09-02T20:08:13.864,1024,81.5229,76.61604,0.00618,0,False
76.63725,76.63414,76.60223,76.60035,195,A00_195.fits,A,0,-1,none,60.0,59,250,15,3e-05,-10.0,2026-09-02T20:09:14.184,1024,82.52823,76.61849,0.00863,0,False
76.63535,76.63226,76.59715,76.59826,196,A00_196.fits,A,0,-1,none,2.0,59,250,15,3e-05,-10.0,2026-09-02T20:09:16.504,1024,82.5669,76.61575,0.00589,0,False
76.63645,76.63041,76.59607,76.60355,197,A00_197.fits,A,0,-1,none,60.0,59,250,15,3e-05,-10.0,2026-09-02T20:10:16.828,1024,83.5723,76.61662,0.00676,0,False
76.62147,76.61815,76.59273,76.59275,198,A00_198.fits,A,0,-1,none,15.0,59,250,15,3e-05,-10.0,2026-09-02T20:10:32.150,1024,83.82767,76.60627,-0.00359,0,False
76.63542,76.62534,76.60492,76.60416,199,A00_199.fits,A,0,-1,none,2.0,59,250,15,3e-05,-10.0,2026-09-02T20:10:34.478,1024,83.86647,76.61746,0.0076,0,False
76.63044,76.6238,76.5906,76.59552,200,A00_200.fits,A,0,-1,none,60.0,59,250,15,3e-05,-10.0,2026-09-02T20:11:34.799,1024,84.87182,76.61009,0.00023,0,False
76.6399,76.63745,76.59146,76.59831,201,A00_201.fits,A,0,-1,none,2.0,59,250,15,3e-05,-10.0,2026-09-02T20:11:37.123,1024,84.91055,76.61678,0.00692,0,False
76.62857,76.62299,76.58946,76.59779,202,A00_202.fits,A,0,-1,none,15.0,59,250,15,3e-05,-10.0,2026-09-02T20:11:52.446,1024,85.16593,76.6097,-0.00016,0,False
76.62856,76.62497,76.59392,76.59407,203,A00_203.fits,A,0,-1,none,60.0,59,250,15,3e-05,-10.0,2026-09-02T20:12:52.766,1024,86.17127,76.61038,0.00052,0,False
76.63476,76.63111,76.60521,76.60801,204,A00_204.fits,A,0,-1,none,2.0,59,250,15,3e-05,-10.0,2026-09-02T20:12:55.089,1024,86.20998,76.61977,0.00991,0,False
76.63416,76.638,76.60146,76.60114,205,A00_205.fits,A,0,-1,none,15.0,59,250,15,3e-05,-10.0,2026-09-02T20:13:10.411,1024,86.46535,76.61869,0.00883,0,False
76.63663,76.63409,76.59585,76.60551,206,A00_206.fits,A,0,-1,none,2.0,59,250,15,3e-05,-10.0,2026-09-02T20:13:12.733,1024,86.50405,76.61802,0.00816,0,False
76.62514,76.63007,76.59771,76.5902,207,A00_207.fits,A,0,-1,none,15.0,59,250,15,3e-05,-10.0,2026-09-02T20:13:28.057,1024,86.75945,76.61078,0.00092,0,False
76.62845,76.62987,76.59841,76.59872,208,A00_208.fits,A,0,-1,none,60.0,59,250,15,3e-05,-10.0,2026-09-02T20:14:28.381,1024,87.76485,76.61386,0.004,0,False
76.62308,76.61341,76.58499,76.59306,209,A00_209.fits,A,0,-1,none,60.0,59,250,15,3e-05,-10.0,2026-09-02T20:15:28.705,1024,88.77025,76.60363,-0.00623,0,False
76.63963,76.62978,76.58963,76.5984,210,A00_210.fits,A,0,-1,none,60.0,59,250,15,3e-05,-10.0,2026-09-02T20:16:29.027,1024,89.77562,76.61436,0.0045,0,False
76.64004,76.63591,76.60685,76.61122,211,A00_211.fits,A,0,-1,none,2.0,59,250,15,3e-05,-10.0,2026-09-02T20:16:31.349,1024,89.81432,76.6235,0.01364,0,False
76.62894,76.62507,76.59042,76.59265,212,A00_212.fits,A,0,-1,none,15.0,59,250,15,3e-05,-10.0,2026-09-02T20:16:46.673,1024,90.06972,76.60927,-0.00059,0,False
76.64188,76.62708,76.60183,76.60508,213,A00_213.fits,A,0,-1,none,2.0,59,250,15,3e-05,-10.0,2026-09-02T20:16:49.012,1024,90.1087,76.61897,0.00911,0,False
76.63391,76.6248,76.58857,76.59443,214,A00_214.fits,A,0,-1,none,2.0,59,250,15,3e-05,-10.0,2026-09-02T20:16:51.334,1024,90.1474,76.61042,0.00056,0,False
76.62547,76.61397,76.57657,76.58989,215,A00_215.fits,A,0,-1,none,15.0,59,250,15,3e-05,-10.0,2026-09-02T20:17:06.655,1024,90.40275,76.60148,-0.00839,0,False
76.62958,76.63065,76.60031,76.60303,216,A00_216.fits,A,0,-1,none,15.0,59,250,15,3e-05,-10.0,2026-09-02T20:17:21.977,1024,90.65812,76.61589,0.00603,0,False
76.62884,76.62157,76.59076,76.59839,217,A00_217.fits,A,0,-1,none,60.0,59,250,15,3e-05,-10.0,2026-09-02T20:18:22.309,1024,91.66365,76.60989,3e-05,0,False
76.63746,76.62923,76.59343,76.60331,218,A00_218.fits,A,0,-1,none,60.0,59,250,15,3e-05,-10.0,2026-09-02T20:19:22.629,1024,92.66898,76.61586,0.006,0,False
76.62337,76.62197,76.59109,76.5919,219,A00_219.fits,A,0,-1,none,60.0,59,250,15,3e-05,-10.0,2026-09-02T20:20:22.955,1024,93.67442,76.60708,-0.00278,0,False
76.63715,76.62341,76.60853,76.60193,220,A00_220.fits,A,0,-1,none,15.0,59,250,15,3e-05,-10.0,2026-09-02T20:20:38.278,1024,93.9298,76.61775,0.00789,0,False
76.62778,76.62902,76.59461,76.59481,221,A00_221.fits,A,0,-1,none,15.0,59,250,15,3e-05,-10.0,2026-09-02T20:20:53.602,1024,94.1852,76.61156,0.00169,0,False
76.64061,76.62172,76.59508,76.59632,222,A00_222.fits,A,0,-1,none,15.0,59,250,15,3e-05,-10.0,2026-09-02T20:21:08.922,1024,94.44053,76.61343,0.00357,0,False
76.63827,76.63136,76.59287,76.60019,223,A00_223.fits,A,0,-1,none,60.0,59,250,15,3e-05,-10.0,2026-09-02T20:22:09.243,1024,95.44588,76.61567,0.00581,0,False
76.63588,76.63079,76.5957,76.59474,224,A00_224.fits,A,0,-1,none,15.0,59,250,15,3e-05,-10.0,2026-09-02T20:22:24.562,1024,95.7012,76.61428,0.00442,0,False
76.62869,76.62369,76.58651,76.59578,225,A00_225.fits,A,0,-1,none,2.0,59,250,15,3e-05,-10.0,2026-09-02T20:22:26.889,1024,95.73998,76.60867,-0.00119,0,False
76.63248,76.6296,76.59643,76.60436,226,A00_226.fits,A,0,-1,none,15.0,59,250,15,3e-05,-10.0,2026-09-02T20:22:42.216,1024,95.99543,76.61572,0.00586,0,False
76.63332,76.62434,76.59099,76.59391,227,A00_227.fits,A,0,-1,none,15.0,59,250,15,3e-05,-10.0,2026-09-02T20:22:57.538,1024,96.2508,76.61064,0.00078,0,False
76.62403,76.62783,76.58441,76.59569,228,A00_228.fits,A,0,-1,none,2.0,59,250,15,3e-05,-10.0,2026-09-02T20:22:59.861,1024,96.28952,76.60799,-0.00187,0,False
76.62208,76.62633,76.59473,76.59265,229,A00_229.fits,A,0,-1,none,60.0,59,250,15,3e-05,-10.0,2026-09-02T20:24:00.182,1024,97.29487,76.60895,-0.00091,0,False
76.62624,76.63068,76.5907,76.60028,230,A00_230.fits,A,0,-1,none,2.0,59,250,15,3e-05,-10.0,2026-09-02T20:24:02.503,1024,97.33355,76.61197,0.00211,0,False
76.64055,76.63958,76.60445,76.60078,231,A00_231.fits,A,0,-1,none,15.0,59,250,15,3e-05,-10.0,2026-09-02T20:24:17.828,1024,97.58897,76.62134,0.01148,0,False
76.6256,76.62566,76.58474,76.59289,232,A00_232.fits,A,0,-1,none,60.0,59,250,15,3e-05,-10.0,2026-09-02T20:25:18.149,1024,98.59432,76.60722,-0.00264,0,False
76.62405,76.62357,76.58704,76.59325,233,A00_233.fits,A,0,-1,none,2.0,59,250,15,3e-05,-10.0,2026-09-02T20:25:20.472,1024,98.63303,76.60698,-0.00289,0,False
76.62804,76.62144,76.58796,76.59056,234,A00_234.fits,A,0,-1,none,15.0,59,250,15,3e-05,-10.0,2026-09-02T20:25:35.793,1024,98.88838,76.607,-0.00286,0,False
76.63419,76.63042,76.59511,76.59501,235,A00_235.fits,A,0,-1,none,15.0,59,250,15,3e-05,-10.0,2026-09-02T20:25:51.114,1024,99.14373,76.61368,0.00382,0,False
76.63503,76.63363,76.59449,76.59264,236,A00_236.fits,A,0,-1,none,15.0,59,250,15,3e-05,-10.0,2026-09-02T20:26:06.436,1024,99.3991,76.61395,0.00409,0,False
76.61383,76.61251,76.57701,76.58257,237,A00_237.fits,A,0,-1,none,60.0,59,250,15,3e-05,-10.0,2026-09-02T20:27:06.758,1024,100.40447,76.59648,-0.01338,0,False
76.63139,76.62528,76.59313,76.59543,238,A00_238.fits,A,0,-1,none,2.0,59,250,15,3e-05,-10.0,2026-09-02T20:27:09.077,1024,100.44312,76.61131,0.00144,0,False
76.62282,76.62033,76.58478,76.58612,239,A00_239.fits,A,0,-1,none,2.0,59,250,15,3e-05,-10.0,2026-09-02T20:27:11.403,1024,100.48188,76.60351,-0.00635,0,False
76.63421,76.62757,76.597,76.59644,240,A00_240.fits,A,0,-1,none,60.0,59,250,15,3e-05,-10.0,2026-09-02T20:28:11.726,1024,101.48727,76.61381,0.00394,0,False
76.62509,76.61675,76.58167,76.58776,241,A00_241.fits,A,0,-1,none,60.0,59,250,15,3e-05,-10.0,2026-09-02T20:29:12.061,1024,102.49285,76.60282,-0.00704,0,False
76.62912,76.62903,76.59385,76.5976,242,A00_242.fits,A,0,-1,none,60.0,59,250,15,3e-05,-10.0,2026-09-02T20:30:12.382,1024,103.4982,76.6124,0.00254,0,False
76.62814,76.6309,76.5932,76.58705,243,A00_243.fits,A,0,-1,none,60.0,59,250,15,3e-05,-10.0,2026-09-02T20:31:12.705,1024,104.50358,76.60982,-4e-05,0,False
76.62523,76.62213,76.59081,76.5927,244,A00_244.fits,A,0,-1,none,60.0,59,250,15,3e-05,-10.0,2026-09-02T20:32:13.025,1024,105.50892,76.60772,-0.00215,0,False
76.61925,76.6133,76.57281,76.58981,245,A00_245.fits,A,0,-1,none,60.0,59,250,15,3e-05,-10.0,2026-09-02T20:33:13.346,1024,106.51427,76.59879,-0.01107,0,False
76.62185,76.61776,76.58468,76.59317,246,A00_246.fits,A,0,-1,none,15.0,59,250,15,3e-05,-10.0,2026-09-02T20:33:28.671,1024,106.76968,76.60437,-0.0055,0,False
76.61967,76.62648,76.58905,76.59039,247,A00_247.fits,A,0,-1,none,2.0,59,250,15,3e-05,-10.0,2026-09-02T20:33:30.993,1024,106.80838,76.6064,-0.00346,0,False
76.63518,76.63447,76.5966,76.59731,248,A00_248.fits,A,0,-1,none,15.0,59,250,15,3e-05,-10.0,2026-09-02T20:33:46.316,1024,107.06377,76.61589,0.00603,0,False
76.63678,76.63171,76.59913,76.59758,249,A00_249.fits,A,0,-1,none,60.0,59,250,15,3e-05,-10.0,2026-09-02T20:34:46.638,1024,108.06913,76.6163,0.00644,0,False
76.63417,76.62729,76.59641,76.60433,250,A00_250.fits,A,0,-1,none,60.0,59,250,15,3e-05,-10.0,2026-09-02T20:35:46.962,1024,109.07453,76.61555,0.00569,0,False
76.62394,76.61791,76.5958,76.59716,251,A00_251.fits,A,0,-1,none,60.0,59,250,15,3e-05,-10.0,2026-09-02T20:36:47.286,1024,110.07993,76.6087,-0.00116,0,False
76.64201,76.63235,76.59279,76.60615,252,A00_252.fits,A,0,-1,none,2.0,59,250,15,3e-05,-10.0,2026-09-02T20:36:49.608,1024,110.11863,76.61832,0.00846,0,False
76.62678,76.62418,76.58735,76.59159,253,A00_253.fits,A,0,-1,none,2.0,59,250,15,3e-05,-10.0,2026-09-02T20:36:51.930,1024,110.15733,76.60748,-0.00239,0,False
76.62813,76.61889,76.58721,76.58941,254,A00_254.fits,A,0,-1,none,15.0,59,250,15,3e-05,-10.0,2026-09-02T20:37:07.254,1024,110.41273,76.60591,-0.00395,0,False
76.63016,76.62949,76.59399,76.60192,255,A00_255.fits,A,0,-1,none,60.0,59,250,15,3e-05,-10.0,2026-09-02T20:38:07.574,1024,111.41807,76.61389,0.00403,0,False
76.62579,76.62086,76.58784,76.59439,256,A00_256.fits,A,0,-1,none,2.0,59,250,15,3e-05,-10.0,2026-09-02T20:38:09.893,1024,111.45672,76.60722,-0.00264,0,False
76.619,76.61775,76.58376,76.58496,257,A00_257.fits,A,0,-1,none,2.0,59,250,15,3e-05,-10.0,2026-09-02T20:38:12.215,1024,111.49542,76.60137,-0.00849,0,False
76.62075,76.62767,76.58621,76.58793,258,A00_258.fits,A,0,-1,none,2.0,59,250,15,3e-05,-10.0,2026-09-02T20:38:14.537,1024,111.53412,76.60564,-0.00422,0,False
76.62197,76.62084,76.58393,76.59219,259,A00_259.fits,A,0,-1,none,15.0,59,250,15,3e-05,-10.0,2026-09-02T20:38:29.859,1024,111.78948,76.60473,-0.00513,0,False
76.62527,76.61656,76.5885,76.59195,260,A00_260.fits,A,0,-1,none,60.0,59,250,15,3e-05,-10.0,2026-09-02T20:39:30.180,1024,112.79483,76.60557,-0.00429,0,False
76.6286,76.62332,76.58561,76.59214,261,A00_261.fits,A,0,-1,none,15.0,59,250,15,3e-05,-10.0,2026-09-02T20:39:45.504,1024,113.05023,76.60742,-0.00244,0,False
76.62392,76.62616,76.58348,76.59094,262,A00_262.fits,A,0,-1,none,2.0,59,250,15,3e-05,-10.0,2026-09-02T20:39:47.831,1024,113.08902,76.60613,-0.00373,0,False
76.62491,76.62762,76.58916,76.59243,263,A00_263.fits,A,0,-1,none,15.0,59,250,15,3e-05,-10.0,2026-09-02T20:40:03.157,1024,113.34445,76.60853,-0.00133,0,False
76.621,76.61732,76.58775,76.58893,264,A00_264.fits,A,0,-1,none,60.0,59,250,15,3e-05,-10.0,2026-09-02T20:41:03.476,1024,114.34977,76.60375,-0.00611,0,False
76.62253,76.62156,76.59266,76.59349,265,A00_265.fits,A,0,-1,none,15.0,59,250,15,3e-05,-10.0,2026-09-02T20:41:18.799,1024,114.60515,76.60756,-0.0023,0,False
76.62795,76.62268,76.58853,76.59012,266,A00_266.fits,A,0,-1,none,2.0,59,250,15,3e-05,-10.0,2026-09-02T20:41:21.118,1024,114.6438,76.60732,-0.00254,0,False
76.63266,76.6246,76.59167,76.59225,267,A00_267.fits,A,0,-1,none,2.0,59,250,15,3e-05,-10.0,2026-09-02T20:41:23.441,1024,114.68252,76.61029,0.00043,0,False
76.62567,76.62241,76.58784,76.59388,268,A00_268.fits,A,0,-1,none,2.0,59,250,15,3e-05,-10.0,2026-09-02T20:41:25.764,1024,114.72123,76.60745,-0.00241,0,False
76.62101,76.6233,76.59033,76.58956,269,A00_269.fits,A,0,-1,none,15.0,59,250,15,3e-05,-10.0,2026-09-02T20:41:41.087,1024,114.97662,76.60605,-0.00381,0,False
76.60958,76.6092,76.57899,76.57715,270,A00_270.fits,A,0,-1,none,2.0,59,250,15,3e-05,-10.0,2026-09-02T20:41:43.407,1024,115.01528,76.59373,-0.01613,0,False
76.63602,76.63032,76.60139,76.60468,271,A00_271.fits,A,0,-1,none,2.0,59,250,15,3e-05,-10.0,2026-09-02T20:41:45.731,1024,115.05402,76.6181,0.00824,0,False
76.62618,76.6135,76.58345,76.58748,272,A00_272.fits,A,0,-1,none,2.0,59,250,15,3e-05,-10.0,2026-09-02T20:41:48.053,1024,115.09272,76.60266,-0.00721,0,False
76.62849,76.61763,76.58664,76.59469,273,A00_273.fits,A,0,-1,none,2.0,59,250,15,3e-05,-10.0,2026-09-02T20:41:50.375,1024,115.13142,76.60686,-0.003,0,False
76.62072,76.61745,76.58186,76.58607,274,A00_274.fits,A,0,-1,none,2.0,59,250,15,3e-05,-10.0,2026-09-02T20:41:52.698,1024,115.17013,76.60153,-0.00834,0,False
76.61867,76.62395,76.58524,76.58835,275,A00_275.fits,A,0,-1,none,2.0,59,250,15,3e-05,-10.0,2026-09-02T20:41:55.022,1024,115.20887,76.60405,-0.00581,0,False
76.62677,76.62253,76.58585,76.5952,276,A00_276.fits,A,0,-1,none,15.0,59,250,15,3e-05,-10.0,2026-09-02T20:42:10.345,1024,115.46425,76.60759,-0.00227,0,False
76.62197,76.62613,76.58952,76.59346,277,A00_277.fits,A,0,-1,none,2.0,59,250,15,3e-05,-10.0,2026-09-02T20:42:12.668,1024,115.50297,76.60777,-0.00209,0,False
76.61398,76.61158,76.58747,76.58502,278,A00_278.fits,A,0,-1,none,2.0,59,250,15,3e-05,-10.0,2026-09-02T20:42:14.990,1024,115.54167,76.59951,-0.01035,0,False
76.62659,76.61738,76.58398,76.59765,279,A00_279.fits,A,0,-1,none,15.0,59,250,15,3e-05,-10.0,2026-09-02T20:42:30.309,1024,115.79698,76.6064,-0.00346,0,False
76.63087,76.61907,76.58022,76.59122,280,A00_280.fits,A,0,-1,none,60.0,59,250,15,3e-05,-10.0,2026-09-02T20:43:30.631,1024,116.80235,76.60534,-0.00452,0,False
76.63932,76.63141,76.60199,76.60168,281,A00_281.fits,A,0,-1,none,60.0,59,250,15,3e-05,-10.0,2026-09-02T20:44:30.956,1024,117.80777,76.6186,0.00874,0,False
76.6378,76.63012,76.59222,76.59697,282,A00_282.fits,A,0,-1,none,60.0,59,250,15,3e-05,-10.0,2026-09-02T20:45:31.278,1024,118.81313,76.61428,0.00442,0,False
76.63617,76.62925,76.58979,76.60378,283,A00_283.fits,A,0,-1,none,15.0,59,250,15,3e-05,-10.0,2026-09-02T20:45:46.601,1024,119.06852,76.61475,0.00489,0,False
76.61629,76.61649,76.59255,76.58771,284,A00_284.fits,A,0,-1,none,2.0,59,250,15,3e-05,-10.0,2026-09-02T20:45:48.928,1024,119.1073,76.60326,-0.0066,0,False
76.62341,76.62298,76.58768,76.59009,285,A00_285.fits,A,0,-1,none,15.0,59,250,15,3e-05,-10.0,2026-09-02T20:46:04.248,1024,119.36263,76.60604,-0.00382,0,False
76.62682,76.62036,76.59918,76.60109,286,A00_286.fits,A,0,-1,none,2.0,59,250,15,3e-05,-10.0,2026-09-02T20:46:06.571,1024,119.40135,76.61186,0.002,0,False
76.6325,76.62044,76.58991,76.59575,287,A00_287.fits,A,0,-1,none,2.0,59,250,15,3e-05,-10.0,2026-09-02T20:46:08.891,1024,119.44002,76.60965,-0.00021,0,False
76.6275,76.62268,76.59491,76.5987,288,A00_288.fits,A,0,-1,none,2.0,59,250,15,3e-05,-10.0,2026-09-02T20:46:11.213,1024,119.47872,76.61095,0.00109,0,False
76.62263,76.61602,76.587,76.5927,289,A00_289.fits,A,0,-1,none,2.0,59,250,15,3e-05,-10.0,2026-09-02T20:46:13.536,1024,119.51743,76.60459,-0.00527,0,False
68.77367,68.76278,68.80785,68.80715,0,Bg10_000.fits,Bg,10,0,none,0.0,59,100,15,3e-05,-10.0,2026-09-02T20:46:14.137,1024,119.52745,68.78786,0.25598,0,False
68.26271,68.26014,68.29084,68.2944,1,Bg10_001.fits,Bg,10,0,none,0.0,59,100,15,3e-05,-10.0,2026-09-02T20:46:14.470,1024,119.533,68.27702,-0.25486,0,False
68.26639,68.25986,68.29219,68.30189,2,Bg10_002.fits,Bg,10,0,none,0.0,59,100,15,3e-05,-10.0,2026-09-02T20:46:14.796,1024,119.53843,68.28008,-0.2518,0,False
68.77582,68.77613,68.81087,68.8152,3,Bg10_003.fits,Bg,10,0,none,0.0,59,100,15,3e-05,-10.0,2026-09-02T20:46:15.135,1024,119.54408,68.79451,0.26262,0,False
68.26326,68.26349,68.30402,68.30423,4,Bg10_004.fits,Bg,10,0,none,0.0,59,100,15,3e-05,-10.0,2026-09-02T20:46:15.458,1024,119.54947,68.28375,-0.24814,0,False
68.78151,68.77004,68.81191,68.81927,5,Bg10_005.fits,Bg,10,0,none,0.0,59,100,15,3e-05,-10.0,2026-09-02T20:46:15.780,1024,119.55483,68.79568,0.2638,0,False
68.26883,68.25682,68.29891,68.30949,6,Bg10_006.fits,Bg,10,0,none,0.0,59,100,15,3e-05,-10.0,2026-09-02T20:46:16.110,1024,119.56033,68.28351,-0.24837,0,False
68.776,68.76551,68.80261,68.80891,7,Bg10_007.fits,Bg,10,0,none,0.0,59,100,15,3e-05,-10.0,2026-09-02T20:46:16.435,1024,119.56575,68.78826,0.25637,0,False
68.26601,68.26259,68.29922,68.30644,8,Bg10_008.fits,Bg,10,0,none,0.0,59,100,15,3e-05,-10.0,2026-09-02T20:46:16.761,1024,119.57118,68.28356,-0.24832,0,False
68.77722,68.76557,68.80366,68.81276,9,Bg10_009.fits,Bg,10,0,none,0.0,59,100,15,3e-05,-10.0,2026-09-02T20:46:17.082,1024,119.57653,68.7898,0.25791,0,False
68.2598,68.25875,68.29504,68.30459,10,Bg10_010.fits,Bg,10,0,none,0.0,59,100,15,3e-05,-10.0,2026-09-02T20:46:17.405,1024,119.58192,68.27955,-0.25234,0,False
68.26427,68.25994,68.30153,68.30968,11,Bg10_011.fits,Bg,10,0,none,0.0,59,100,15,3e-05,-10.0,2026-09-02T20:46:17.727,1024,119.58728,68.28385,-0.24803,0,False
68.77605,68.77918,68.81312,68.82007,12,Bg10_012.fits,Bg,10,0,none,0.0,59,100,15,3e-05,-10.0,2026-09-02T20:46:18.051,1024,119.59268,68.7971,0.26522,0,False
68.25986,68.25511,68.29596,68.29785,13,Bg10_013.fits,Bg,10,0,none,0.0,59,100,15,3e-05,-10.0,2026-09-02T20:46:18.374,1024,119.59807,68.27719,-0.25469,0,False
68.26602,68.26005,68.30179,68.31286,14,Bg10_014.fits,Bg,10,0,none,0.0,59,100,15,3e-05,-10.0,2026-09-02T20:46:18.696,1024,119.60343,68.28518,-0.24671,0,False
68.77761,68.77174,68.80294,68.81807,15,Bg10_015.fits,Bg,10,0,none,0.0,59,100,15,3e-05,-10.0,2026-09-02T20:46:19.021,1024,119.60885,68.79259,0.2607,0,False
68.26761,68.25788,68.2999,68.29797,16,Bg10_016.fits,Bg,10,0,none,0.0,59,100,15,3e-05,-10.0,2026-09-02T20:46:19.344,1024,119.61423,68.28084,-0.25105,0,False
68.7849,68.78063,68.81666,68.82495,17,Bg10_017.fits,Bg,10,0,none,0.0,59,100,15,3e-05,-10.0,2026-09-02T20:46:19.666,1024,119.6196,68.80179,0.2699,0,False
68.78023,68.77374,68.80927,68.81514,18,Bg10_018.fits,Bg,10,0,none,0.0,59,100,15,3e-05,-10.0,2026-09-02T20:46:19.989,1024,119.62498,68.7946,0.26271,0,False
68.78088,68.77326,68.81403,68.81702,19,Bg10_019.fits,Bg,10,0,none,0.0,59,100,15,3e-05,-10.0,2026-09-02T20:46:20.314,1024,119.6304,68.7963,0.26441,0,False
76.61522,76.61213,76.57715,76.58505,0,Bg11_000.fits,Bg,11,0,none,0.0,59,250,15,3e-05,-10.0,2026-09-02T20:46:20.854,1024,119.6394,76.59739,-0.01248,0,False
76.63398,76.6263,76.58625,76.59748,1,Bg11_001.fits,Bg,11,0,none,0.0,59,250,15,3e-05,-9.5,2026-09-02T20:46:21.188,1024,119.64497,76.611,0.00114,0,False
76.61567,76.62091,76.58892,76.57957,2,Bg11_002.fits,Bg,11,0,none,0.0,59,250,15,3e-05,-9.5,2026-09-02T20:46:21.517,1024,119.65045,76.60127,-0.00859,0,False
76.62306,76.6157,76.57679,76.58685,3,Bg11_003.fits,Bg,11,0,none,0.0,59,250,15,3e-05,-9.5,2026-09-02T20:46:21.839,1024,119.65582,76.6006,-0.00926,0,False
76.62202,76.61839,76.58751,76.59739,4,Bg11_004.fits,Bg,11,0,none,0.0,59,250,15,3e-05,-9.5,2026-09-02T20:46:22.162,1024,119.6612,76.60633,-0.00353,0,False
76.63252,76.61652,76.59631,76.59212,5,Bg11_005.fits,Bg,11,0,none,0.0,59,250,15,3e-05,-9.5,2026-09-02T20:46:22.492,1024,119.6667,76.60937,-0.00049,0,False
76.62423,76.62116,76.58715,76.59291,6,Bg11_006.fits,Bg,11,0,none,0.0,59,250,15,3e-05,-9.5,2026-09-02T20:46:22.815,1024,119.67208,76.60636,-0.0035,0,False
76.62724,76.61158,76.58349,76.59536,7,Bg11_007.fits,Bg,11,0,none,0.0,59,250,15,3e-05,-9.5,2026-09-02T20:46:23.146,1024,119.6776,76.60442,-0.00544,0,False
76.6165,76.61766,76.58752,76.58843,8,Bg11_008.fits,Bg,11,0,none,0.0,60,250,15,3e-05,-9.5,2026-09-02T20:46:23.468,1024,119.68297,76.60253,-0.00733,0,False
76.63574,76.63437,76.59409,76.60019,9,Bg11_009.fits,Bg,11,0,none,0.0,60,250,15,3e-05,-9.5,2026-09-02T20:46:23.894,1024,119.69007,76.6161,0.00624,0,False
76.62324,76.61983,76.58406,76.59473,10,Bg11_010.fits,Bg,11,0,none,0.0,60,250,15,3e-05,-9.5,2026-09-02T20:46:24.221,1024,119.69552,76.60547,-0.00439,0,False
76.62093,76.61743,76.58883,76.57988,11,Bg11_011.fits,Bg,11,0,none,0.0,60,250,15,3e-05,-9.5,2026-09-02T20:46:24.543,1024,119.70088,76.60177,-0.00809,0,False
76.6161,76.61598,76.57887,76.58794,12,Bg11_012.fits,Bg,11,0,none,0.0,60,250,15,3e-05,-9.5,2026-09-02T20:46:24.862,1024,119.7062,76.59972,-0.01014,0,False
76.61455,76.61272,76.57939,76.58329,13,Bg11_013.fits,Bg,11,0,none,0.0,60,250,15,3e-05,-9.5,2026-09-02T20:46:25.185,1024,119.71158,76.59749,-0.01237,0,False
76.62104,76.62157,76.5859,76.58976,14,Bg11_014.fits,Bg,11,0,none,0.0,60,250,15,3e-05,-9.5,2026-09-02T20:46:25.509,1024,119.71698,76.60456,-0.0053,0,False
76.6227,76.61854,76.58601,76.58129,15,Bg11_015.fits,Bg,11,0,none,0.0,60,250,15,3e-05,-9.5,2026-09-02T20:46:25.840,1024,119.7225,76.60213,-0.00773,0,False
76.62616,76.62639,76.58762,76.591,16,Bg11_016.fits,Bg,11,0,none,0.0,60,250,15,3e-05,-9.5,2026-09-02T20:46:26.169,1024,119.72798,76.60779,-0.00207,0,False
76.6239,76.62464,76.58217,76.58874,17,Bg11_017.fits,Bg,11,0,none,0.0,60,250,15,3e-05,-9.5,2026-09-02T20:46:26.491,1024,119.73335,76.60486,-0.005,0,False
76.61957,76.61618,76.58532,76.59069,18,Bg11_018.fits,Bg,11,0,none,0.0,60,250,15,3e-05,-9.5,2026-09-02T20:46:26.813,1024,119.73872,76.60294,-0.00692,0,False
76.62835,76.62119,76.59402,76.59063,19,Bg11_019.fits,Bg,11,0,none,0.0,60,250,15,3e-05,-9.5,2026-09-02T20:46:27.135,1024,119.74408,76.60855,-0.00131,0,False
226.23024,226.24781,225.91927,225.89688,0,Bg12_000.fits,Bg,12,0,none,0.0,60,450,15,3e-05,-9.5,2026-09-02T20:46:27.675,1024,119.75308,226.07355,-10.24402,-1,True
226.13663,226.21883,225.88646,225.83257,1,Bg12_001.fits,Bg,12,0,none,0.0,60,450,15,3e-05,-9.5,2026-09-02T20:46:28.081,1024,119.75985,226.01862,-10.29895,-1,True
236.55572,236.55117,236.22715,236.16518,2,Bg12_002.fits,Bg,12,0,none,0.0,60,450,15,3e-05,-9.5,2026-09-02T20:46:28.401,1024,119.76518,236.3748,0.05723,0,False
226.23718,226.23168,225.92696,225.89132,3,Bg12_003.fits,Bg,12,0,none,0.0,60,450,15,3e-05,-9.5,2026-09-02T20:46:28.734,1024,119.77073,226.07178,-10.24579,-1,True
236.4878,236.52372,236.1934,236.22729,4,Bg12_004.fits,Bg,12,0,none,0.0,60,450,15,3e-05,-9.5,2026-09-02T20:46:29.058,1024,119.77613,236.35805,0.04048,0,False
236.50343,236.5599,236.23063,236.15984,5,Bg12_005.fits,Bg,12,0,none,0.0,60,450,15,3e-05,-9.5,2026-09-02T20:46:29.382,1024,119.78153,236.36345,0.04588,0,False
236.58987,236.60748,236.23236,236.24522,6,Bg12_006.fits,Bg,12,0,none,0.0,60,450,15,3e-05,-9.5,2026-09-02T20:46:29.809,1024,119.78865,236.41873,0.10116,0,False
236.52894,236.57836,236.20859,236.1667,7,Bg12_007.fits,Bg,12,0,none,0.0,60,450,15,3e-05,-9.5,2026-09-02T20:46:30.131,1024,119.79402,236.37065,0.05308,0,False
236.52214,236.51574,236.15004,236.14166,8,Bg12_008.fits,Bg,12,0,none,0.0,60,450,15,3e-05,-9.5,2026-09-02T20:46:30.454,1024,119.7994,236.3324,0.01482,0,False
236.57115,236.61845,236.24243,236.24046,9,Bg12_009.fits,Bg,12,0,none,0.0,60,450,15,3e-05,-9.5,2026-09-02T20:46:30.776,1024,119.80477,236.41812,0.10055,0,False
226.14634,226.20824,225.88057,225.87383,10,Bg12_010.fits,Bg,12,0,none,0.0,60,450,15,3e-05,-9.5,2026-09-02T20:46:31.099,1024,119.81015,226.02724,-10.29033,-1,True
226.20654,226.23634,225.84051,225.89116,11,Bg12_011.fits,Bg,12,0,none,0.0,60,450,15,3e-05,-9.5,2026-09-02T20:46:31.425,1024,119.81558,226.04364,-10.27393,-1,True
236.52901,236.60171,236.1937,236.19276,12,Bg12_012.fits,Bg,12,0,none,0.0,60,450,15,3e-05,-9.5,2026-09-02T20:46:31.751,1024,119.82102,236.37929,0.06172,0,False
236.55437,236.52449,236.217,236.18781,13,Bg12_013.fits,Bg,12,0,none,0.0,60,450,15,3e-05,-9.5,2026-09-02T20:46:32.072,1024,119.82637,236.37092,0.05335,0,False
226.18662,226.25047,225.90734,225.86049,14,Bg12_014.fits,Bg,12,0,none,0.0,60,450,15,3e-05,-9.5,2026-09-02T20:46:32.394,1024,119.83173,226.05123,-10.26634,-1,True
236.45729,236.49083,236.14065,236.12984,15,Bg12_015.fits,Bg,12,0,none,0.0,60,450,15,3e-05,-9.5,2026-09-02T20:46:32.716,1024,119.8371,236.30465,-0.01292,0,False
236.51355,236.50521,236.20247,236.16089,16,Bg12_016.fits,Bg,12,0,none,0.0,60,450,15,3e-05,-9.5,2026-09-02T20:46:33.037,1024,119.84245,236.34553,0.02796,0,False
226.15351,226.23146,225.93176,225.86843,17,Bg12_017.fits,Bg,12,0,none,0.0,60,450,15,3e-05,-9.5,2026-09-02T20:46:33.360,1024,119.84783,226.04629,-10.27128,-1,True
236.49237,236.53535,236.20633,236.19874,18,Bg12_018.fits,Bg,12,0,none,0.0,60,450,15,3e-05,-9.5,2026-09-02T20:46:33.685,1024,119.85325,236.3582,0.04063,0,False
236.46961,236.56315,236.17823,236.16123,19,Bg12_019.fits,Bg,12,0,none,0.0,60,450,15,3e-05,-9.5,2026-09-02T20:46:34.008,1024,119.85863,236.34305,0.02548,0,False
62.67121,62.66689,62.67823,62.68653,0,Bg13_000.fits,Bg,13,0,none,0.0,60,0,15,3e-05,-9.5,2026-09-02T20:46:34.545,1024,119.86758,62.67572,-0.00336,0,False
62.67167,62.66408,62.67777,62.68188,1,Bg13_001.fits,Bg,13,0,none,0.0,60,0,15,3e-05,-9.5,2026-09-02T20:46:34.882,1024,119.8732,62.67385,-0.00523,0,False
62.66959,62.66404,62.6735,62.68209,2,Bg13_002.fits,Bg,13,0,none,0.0,60,0,15,3e-05,-9.5,2026-09-02T20:46:35.305,1024,119.88025,62.6723,-0.00678,0,False
62.82878,62.82458,62.83463,62.84094,3,Bg13_003.fits,Bg,13,0,none,0.0,60,0,15,3e-05,-9.5,2026-09-02T20:46:35.632,1024,119.8857,62.83223,0.15315,1,True
62.83419,62.82949,62.84113,62.84609,4,Bg13_004.fits,Bg,13,0,none,0.0,60,0,15,3e-05,-9.5,2026-09-02T20:46:35.954,1024,119.89107,62.83773,0.15865,1,True
62.83305,62.82586,62.84016,62.84586,5,Bg13_005.fits,Bg,13,0,none,0.0,60,0,15,3e-05,-9.5,2026-09-02T20:46:36.276,1024,119.89643,62.83623,0.15715,1,True
62.67744,62.66998,62.68132,62.6866,6,Bg13_006.fits,Bg,13,0,none,0.0,60,0,15,3e-05,-9.5,2026-09-02T20:46:36.608,1024,119.90197,62.67884,-0.00025,0,False
62.83336,62.82881,62.8419,62.84487,7,Bg13_007.fits,Bg,13,0,none,0.0,60,0,15,3e-05,-9.5,2026-09-02T20:46:36.931,1024,119.90735,62.83723,0.15815,1,True
62.67594,62.67184,62.68511,62.6894,8,Bg13_008.fits,Bg,13,0,none,0.0,60,0,15,3e-05,-9.5,2026-09-02T20:46:37.253,1024,119.91272,62.68057,0.00149,0,False
62.83095,62.82605,62.83999,62.84571,9,Bg13_009.fits,Bg,13,0,none,0.0,60,0,15,3e-05,-9.5,2026-09-02T20:46:37.576,1024,119.9181,62.83567,0.15659,1,True
62.6768,62.67064,62.6855,62.69109,10,Bg13_010.fits,Bg,13,0,none,0.0,60,0,15,3e-05,-9.5,2026-09-02T20:46:37.897,1024,119.92345,62.68101,0.00193,0,False
62.67397,62.6672,62.68346,62.6888,11,Bg13_011.fits,Bg,13,0,none,0.0,60,0,15,3e-05,-9.5,2026-09-02T20:46:38.219,1024,119.92882,62.67836,-0.00072,0,False
62.83258,62.8252,62.84085,62.84602,12,Bg13_012.fits,Bg,13,0,none,0.0,60,0,15,3e-05,-9.5,2026-09-02T20:46:38.551,1024,119.93435,62.83616,0.15708,1,True
62.67097,62.66521,62.67856,62.68274,13,Bg13_013.fits,Bg,13,0,none,0.0,60,0,15,3e-05,-9.5,2026-09-02T20:46:38.876,1024,119.93977,62.67437,-0.00471,0,False
62.67764,62.67092,62.68217,62.69062,14,Bg13_014.fits,Bg,13,0,none,0.0,60,0,15,3e-05,-9.5,2026-09-02T20:46:39.193,1024,119.94505,62.68034,0.00126,0,False
62.67503,62.66463,62.67956,62.68676,15,Bg13_015.fits,Bg,13,0,none,0.0,60,0,15,3e-05,-9.5,2026-09-02T20:46:39.511,1024,119.95035,62.67649,-0.00259,0,False
62.67629,62.66968,62.68373,62.68726,16,Bg13_016.fits,Bg,13,0,none,0.0,60,0,15,3e-05,-9.5,2026-09-02T20:46:39.829,1024,119.95565,62.67924,0.00016,0,False
62.66922,62.66685,62.68032,62.68528,17,Bg13_017.fits,Bg,13,0,none,0.0,60,0,15,3e-05,-9.5,2026-09-02T20:46:40.153,1024,119.96105,62.67542,-0.00366,0,False
62.83441,62.82877,62.84114,62.8475,18,Bg13_018.fits,Bg,13,0,none,0.0,61,0,15,3e-05,-9.5,2026-09-02T20:46:40.474,1024,119.9664,62.83795,0.15887,1,True
62.83311,62.82623,62.83957,62.84491,19,Bg13_019.fits,Bg,13,0,none,0.0,61,0,15,3e-05,-9.5,2026-09-02T20:46:40.897,1024,119.97345,62.83595,0.15687,1,True
62.8315,62.82474,62.8376,62.84266,0,Bg14_000.fits,Bg,14,1,none,0.0,61,0,15,3e-05,-9.5,2026-09-02T20:46:41.219,1024,119.97882,62.83413,0.15505,1,True
62.83382,62.83119,62.84303,62.84813,1,Bg14_001.fits,Bg,14,1,none,0.0,61,0,15,3e-05,-9.5,2026-09-02T20:46:41.550,1024,119.98433,62.83904,0.15996,1,True
62.67731,62.66856,62.68337,62.69006,2,Bg14_002.fits,Bg,14,1,none,0.0,61,0,15,3e-05,-9.5,2026-09-02T20:46:41.871,1024,119.98968,62.67982,0.00074,0,False
62.83334,62.82673,62.84036,62.84851,3,Bg14_003.fits,Bg,14,1,none,0.0,61,0,15,3e-05,-9.5,2026-09-02T20:46:42.193,1024,119.99505,62.83723,0.15815,1,True
62.67413,62.66789,62.67942,62.68428,4,Bg14_004.fits,Bg,14,1,none,0.0,61,0,15,3e-05,-9.5,2026-09-02T20:46:42.520,1024,120.0005,62.67643,-0.00265,0,False
62.67162,62.66517,62.67977,62.6881,5,Bg14_005.fits,Bg,14,1,none,0.0,61,0,15,3e-05,-9.5,2026-09-02T20:46:42.841,1024,120.00585,62.67617,-0.00291,0,False
62.67669,62.66842,62.68167,62.68877,6,Bg14_006.fits,Bg,14,1,none,0.0,61,0,15,3e-05,-9.5,2026-09-02T20:46:43.168,1024,120.0113,62.67889,-0.00019,0,False
62.67552,62.66893,62.68243,62.6883,7,Bg14_007.fits,Bg,14,1,none,0.0,61,0,15,3e-05,-9.5,2026-09-02T20:46:43.488,1024,120.01663,62.6788,-0.00029,0,False
62.6768,62.66937,62.68251,62.68953,8,Bg14_008.fits,Bg,14,1,none,0.0,61,0,15,3e-05,-9.5,2026-09-02T20:46:43.810,1024,120.022,62.67955,0.00047,0,False
62.67729,62.67081,62.68087,62.6853,9,Bg14_009.fits,Bg,14,1,none,0.0,61,0,15,3e-05,-9.5,2026-09-02T20:46:44.136,1024,120.02743,62.67857,-0.00051,0,False
62.83052,62.82211,62.83731,62.84008,10,Bg14_010.fits,Bg,14,1,none,0.0,61,0,15,3e-05,-9.5,2026-09-02T20:46:44.460,1024,120.03283,62.8325,0.15342,1,True
62.83395,62.8274,62.83874,62.84433,11,Bg14_011.fits,Bg,14,1,none,0.0,61,0,15,3e-05,-9.5,2026-09-02T20:46:44.778,1024,120.03813,62.8361,0.15702,1,True
62.67641,62.67065,62.68183,62.68894,12,Bg14_012.fits,Bg,14,1,none,0.0,61,0,15,3e-05,-9.5,2026-09-02T20:46:45.099,1024,120.04348,62.67945,0.00037,0,False
62.83456,62.82708,62.83906,62.84812,13,Bg14_013.fits,Bg,14,1,none,0.0,61,0,15,3e-05,-9.5,2026-09-02T20:46:45.421,1024,120.04885,62.8372,0.15812,1,True
62.67649,62.67045,62.68247,62.68831,14,Bg14_014.fits,Bg,14,1,none,0.0,61,0,15,3e-05,-9.5,2026-09-02T20:46:45.746,1024,120.05427,62.67943,0.00035,0,False
62.6736,62.66607,62.68069,62.68527,15,Bg14_015.fits,Bg,14,1,none,0.0,61,0,15,3e-05,-9.5,2026-09-02T20:46:46.068,1024,120.05963,62.67641,-0.00267,0,False
62.67349,62.67123,62.67907,62.6861,16,Bg14_016.fits,Bg,14,1,none,0.0,61,0,15,3e-05,-9.5,2026-09-02T20:46:46.491,1024,120.06668,62.67747,-0.00161,0,False
62.83421,62.82868,62.83916,62.8453,17,Bg14_017.fits,Bg,14,1,none,0.0,61,0,15,3e-05,-9.5,2026-09-02T20:46:46.812,1024,120.07203,62.83684,0.15776,1,True
62.6776,62.67136,62.6847,62.69143,18,Bg14_018.fits,Bg,14,1,none,0.0,61,0,15,3e-05,-9.5,2026-09-02T20:46:47.135,1024,120.07742,62.68127,0.00219,0,False
62.67494,62.66663,62.68053,62.68591,19,Bg14_019.fits,Bg,14,1,none,0.0,61,0,15,3e-05,-9.5,2026-09-02T20:46:47.456,1024,120.08277,62.677,-0.00208,0,False
236.43531,236.51915,236.17159,236.15254,0,Bg15_000.fits,Bg,15,1,none,0.0,61,450,15,3e-05,-9.5,2026-09-02T20:46:47.994,1024,120.09173,236.31965,0.00207,0,False
236.44595,236.48946,236.14335,236.09261,1,Bg15_001.fits,Bg,15,1,none,0.0,61,450,15,3e-05,-9.5,2026-09-02T20:46:48.325,1024,120.09725,236.29284,-0.02473,0,False
236.53804,236.5741,236.20378,236.17674,2,Bg15_002.fits,Bg,15,1,none,0.0,61,450,15,3e-05,-9.5,2026-09-02T20:46:48.649,1024,120.10265,236.37317,0.0556,0,False
226.19584,226.16953,225.86276,225.83031,3,Bg15_003.fits,Bg,15,1,none,0.0,61,450,15,3e-05,-9.5,2026-09-02T20:46:48.976,1024,120.1081,226.01461,-10.30296,-1,True
236.49877,236.51109,236.21545,236.18285,4,Bg15_004.fits,Bg,15,1,none,0.0,61,450,15,3e-05,-9.5,2026-09-02T20:46:49.297,1024,120.11345,236.35204,0.03447,0,False
236.54982,236.57932,236.2517,236.18969,5,Bg15_005.fits,Bg,15,1,none,0.0,61,450,15,3e-05,-9.5,2026-09-02T20:46:49.618,1024,120.1188,236.39263,0.07506,0,False
226.11258,226.12374,225.84009,225.85434,6,Bg15_006.fits,Bg,15,1,none,0.0,61,450,15,3e-05,-9.5,2026-09-02T20:46:49.942,1024,120.1242,225.98269,-10.33488,-1,True
226.21432,226.1933,225.85046,225.86677,7,Bg15_007.fits,Bg,15,1,none,0.0,61,450,15,3e-05,-9.5,2026-09-02T20:46:50.264,1024,120.12957,226.03121,-10.28636,-1,True
236.47603,236.53332,236.16356,236.14705,8,Bg15_008.fits,Bg,15,1,none,0.0,61,450,15,3e-05,-9.5,2026-09-02T20:46:50.583,1024,120.13488,236.32999,0.01242,0,False
236.50641,236.51916,236.19261,236.18867,9,Bg15_009.fits,Bg,15,1,none,0.0,61,450,15,3e-05,-9.5,2026-09-02T20:46:50.901,1024,120.14018,236.35171,0.03414,0,False
226.19877,226.2212,225.84225,225.79578,10,Bg15_010.fits,Bg,15,1,none,0.0,61,450,15,3e-05,-9.5,2026-09-02T20:46:51.235,1024,120.14575,226.0145,-10.30307,-1,True
236.49037,236.52729,236.15786,236.10285,11,Bg15_011.fits,Bg,15,1,none,0.0,61,450,15,3e-05,-9.5,2026-09-02T20:46:51.557,1024,120.15112,236.31959,0.00202,0,False
236.4658,236.51383,236.19101,236.17207,12,Bg15_012.fits,Bg,15,1,none,0.0,62,450,15,3e-05,-9.5,2026-09-02T20:46:51.880,1024,120.1565,236.33568,0.01811,0,False
236.47594,236.53369,236.16331,236.12377,13,Bg15_013.fits,Bg,15,1,none,0.0,62,450,15,3e-05,-9.5,2026-09-02T20:46:52.303,1024,120.16355,236.32418,0.00661,0,False
236.42729,236.511,236.15271,236.20959,14,Bg15_014.fits,Bg,15,1,none,0.0,62,450,15,3e-05,-9.5,2026-09-02T20:46:52.628,1024,120.16897,236.32515,0.00758,0,False
236.48231,236.54875,236.17199,236.17542,15,Bg15_015.fits,Bg,15,1,none,0.0,62,450,15,3e-05,-9.5,2026-09-02T20:46:52.950,1024,120.17433,236.34462,0.02704,0,False
226.19084,226.18776,225.82015,225.83417,16,Bg15_016.fits,Bg,15,1,none,0.0,62,450,15,3e-05,-9.5,2026-09-02T20:46:53.274,1024,120.17973,226.00823,-10.30934,-1,True
236.50369,236.53785,236.17989,236.14186,17,Bg15_017.fits,Bg,15,1,none,0.0,62,450,15,3e-05,-9.5,2026-09-02T20:46:53.593,1024,120.18505,236.34082,0.02325,0,False
236.4395,236.51476,236.1256,236.1281,18,Bg15_018.fits,Bg,15,1,none,0.0,62,450,15,3e-05,-9.5,2026-09-02T20:46:53.916,1024,120.19043,236.30199,-0.01559,0,False
236.49512,236.53365,236.18557,236.10609,19,Bg15_019.fits,Bg,15,1,none,0.0,62,450,15,3e-05,-9.5,2026-09-02T20:46:54.239,1024,120.19582,236.3301,0.01253,0,False
68.77422,68.76884,68.80927,68.81388,0,Bg16_000.fits,Bg,16,1,none,0.0,62,100,15,3e-05,-9.5,2026-09-02T20:46:54.777,1024,120.20478,68.79155,0.25967,0,False
68.26399,68.26013,68.30146,68.31068,1,Bg16_001.fits,Bg,16,1,none,0.0,62,100,15,3e-05,-9.5,2026-09-02T20:46:55.103,1024,120.21022,68.28407,-0.24782,0,False
68.26754,68.26167,68.29784,68.30226,2,Bg16_002.fits,Bg,16,1,none,0.0,62,100,15,3e-05,-9.5,2026-09-02T20:46:55.428,1024,120.21563,68.28233,-0.24956,0,False
68.26551,68.25482,68.29688,68.30265,3,Bg16_003.fits,Bg,16,1,none,0.0,62,100,15,3e-05,-9.5,2026-09-02T20:46:55.754,1024,120.22107,68.27996,-0.25192,0,False
68.25541,68.24622,68.29236,68.29802,4,Bg16_004.fits,Bg,16,1,none,0.0,62,100,15,3e-05,-9.5,2026-09-02T20:46:56.076,1024,120.22643,68.273,-0.25888,0,False
68.25846,68.25195,68.28931,68.2967,5,Bg16_005.fits,Bg,16,1,none,0.0,62,100,15,3e-05,-9.5,2026-09-02T20:46:56.399,1024,120.23182,68.2741,-0.25778,0,False
68.25862,68.2537,68.29441,68.29608,6,Bg16_006.fits,Bg,16,1,none,0.0,62,100,15,3e-05,-9.5,2026-09-02T20:46:56.729,1024,120.23732,68.2757,-0.25618,0,False
68.77912,68.768,68.80912,68.81565,7,Bg16_007.fits,Bg,16,1,none,0.0,62,100,15,3e-05,-9.5,2026-09-02T20:46:57.053,1024,120.24272,68.79297,0.26109,0,False
68.78422,68.77306,68.80964,68.81615,8,Bg16_008.fits,Bg,16,1,none,0.0,62,100,15,3e-05,-9.5,2026-09-02T20:46:57.383,1024,120.24822,68.79577,0.26388,0,False
68.7759,68.76809,68.80816,68.81551,9,Bg16_009.fits,Bg,16,1,none,0.0,62,100,15,3e-05,-9.5,2026-09-02T20:46:57.811,1024,120.25535,68.79191,0.26003,0,False
68.7796,68.77575,68.81156,68.81821,10,Bg16_010.fits,Bg,16,1,none,0.0,62,100,15,3e-05,-9.5,2026-09-02T20:46:58.129,1024,120.26065,68.79628,0.26439,0,False
68.77789,68.77621,68.80943,68.81954,11,Bg16_011.fits,Bg,16,1,none,0.0,62,100,15,3e-05,-9.5,2026-09-02T20:46:58.450,1024,120.266,68.79577,0.26388,0,False
68.77918,68.77045,68.81618,68.81517,12,Bg16_012.fits,Bg,16,1,none,0.0,62,100,15,3e-05,-9.5,2026-09-02T20:46:58.772,1024,120.27137,68.79525,0.26336,0,False
68.2634,68.25764,68.30224,68.30841,13,Bg16_013.fits,Bg,16,1,none,0.0,62,100,15,3e-05,-9.5,2026-09-02T20:46:59.098,1024,120.2768,68.28292,-0.24896,0,False
68.77624,68.77204,68.81627,68.81757,14,Bg16_014.fits,Bg,16,1,none,0.0,62,100,15,3e-05,-9.5,2026-09-02T20:46:59.424,1024,120.28223,68.79553,0.26364,0,False
68.77427,68.7701,68.80836,68.81668,15,Bg16_015.fits,Bg,16,1,none,0.0,62,100,15,3e-05,-9.5,2026-09-02T20:46:59.750,1024,120.28767,68.79235,0.26047,0,False
68.779,68.77436,68.8105,68.81513,16,Bg16_016.fits,Bg,16,1,none,0.0,62,100,15,3e-05,-9.5,2026-09-02T20:47:00.072,1024,120.29303,68.79475,0.26286,0,False
68.26399,68.25556,68.29168,68.29646,17,Bg16_017.fits,Bg,16,1,none,0.0,62,100,15,3e-05,-10.0,2026-09-02T20:47:00.399,1024,120.29848,68.27693,-0.25496,0,False
68.78298,68.77578,68.80946,68.81549,18,Bg16_018.fits,Bg,16,1,none,0.0,62,100,15,3e-05,-10.0,2026-09-02T20:47:00.726,1024,120.30393,68.79593,0.26404,0,False
68.25819,68.25164,68.29185,68.29427,19,Bg16_019.fits,Bg,16,1,none,0.0,62,100,15,3e-05,-10.0,2026-09-02T20:47:01.049,1024,120.30932,68.27399,-0.2579,0,False
76.61502,76.61065,76.58131,76.58029,0,Bg17_000.fits,Bg,17,1,none,0.0,62,250,15,3e-05,-10.0,2026-09-02T20:47:01.586,1024,120.31827,76.59682,-0.01304,0,False
76.6315,76.62795,76.60032,76.60078,1,Bg17_001.fits,Bg,17,1,none,0.0,62,250,15,3e-05,-10.0,2026-09-02T20:47:01.918,1024,120.3238,76.61514,0.00528,0,False
76.61221,76.61173,76.5732,76.58006,2,Bg17_002.fits,Bg,17,1,none,0.0,62,250,15,3e-05,-10.0,2026-09-02T20:47:02.241,1024,120.32918,76.5943,-0.01556,0,False
76.60245,76.59969,76.57074,76.57334,3,Bg17_003.fits,Bg,17,1,none,0.0,62,250,15,3e-05,-10.0,2026-09-02T20:47:02.564,1024,120.33457,76.58655,-0.02331,0,False
76.62292,76.61798,76.58804,76.58762,4,Bg17_004.fits,Bg,17,1,none,0.0,62,250,15,3e-05,-10.0,2026-09-02T20:47:02.883,1024,120.33988,76.60414,-0.00572,0,False
76.61593,76.61045,76.57121,76.58729,5,Bg17_005.fits,Bg,17,1,none,0.0,62,250,15,3e-05,-10.0,2026-09-02T20:47:03.206,1024,120.34527,76.59622,-0.01364,0,False
76.62372,76.61436,76.57872,76.5863,6,Bg17_006.fits,Bg,17,1,none,0.0,62,250,15,3e-05,-10.0,2026-09-02T20:47:03.630,1024,120.35233,76.60077,-0.00909,0,False
76.61678,76.60922,76.58057,76.58077,7,Bg17_007.fits,Bg,17,1,none,0.0,62,250,15,3e-05,-10.0,2026-09-02T20:47:03.951,1024,120.35768,76.59684,-0.01303,0,False
76.61959,76.61928,76.58161,76.59082,8,Bg17_008.fits,Bg,17,1,none,0.0,62,250,15,3e-05,-10.0,2026-09-02T20:47:04.279,1024,120.36315,76.60282,-0.00704,0,False
76.61959,76.61507,76.57769,76.57933,9,Bg17_009.fits,Bg,17,1,none,0.0,62,250,15,3e-05,-10.0,2026-09-02T20:47:04.606,1024,120.3686,76.59792,-0.01194,0,False
76.62269,76.62151,76.58923,76.59504,10,Bg17_010.fits,Bg,17,1,none,0.0,62,250,15,3e-05,-10.0,2026-09-02T20:47:04.928,1024,120.37397,76.60712,-0.00274,0,False
76.61371,76.60941,76.57511,76.5747,11,Bg17_011.fits,Bg,17,1,none,0.0,62,250,15,3e-05,-10.0,2026-09-02T20:47:05.247,1024,120.37928,76.59323,-0.01663,0,False
76.60701,76.60366,76.57083,76.57098,12,Bg17_012.fits,Bg,17,1,none,0.0,62,250,15,3e-05,-10.0,2026-09-02T20:47:05.570,1024,120.38467,76.58812,-0.02174,0,False
76.6223,76.61771,76.59193,76.59204,13,Bg17_013.fits,Bg,17,1,none,0.0,62,250,15,3e-05,-10.0,2026-09-02T20:47:05.892,1024,120.39003,76.60599,-0.00387,0,False
76.61406,76.61049,76.58856,76.58554,14,Bg17_014.fits,Bg,17,1,none,0.0,62,250,15,3e-05,-10.0,2026-09-02T20:47:06.215,1024,120.39542,76.59966,-0.0102,0,False
76.61847,76.6185,76.58252,76.58458,15,Bg17_015.fits,Bg,17,1,none,0.0,62,250,15,3e-05,-10.0,2026-09-02T20:47:06.542,1024,120.40087,76.60102,-0.00885,0,False
76.62049,76.61353,76.57832,76.58858,16,Bg17_016.fits,Bg,17,1,none,0.0,62,250,15,3e-05,-10.0,2026-09-02T20:47:06.868,1024,120.4063,76.60023,-0.00963,0,False
76.62007,76.61618,76.577,76.58377,17,Bg17_017.fits,Bg,17,1,none,0.0,62,250,15,3e-05,-10.0,2026-09-02T20:47:07.193,1024,120.41172,76.59926,-0.0106,0,False
76.60962,76.60352,76.56986,76.57479,18,Bg17_018.fits,Bg,17,1,none,0.0,62,250,15,3e-05,-10.0,2026-09-02T20:47:07.523,1024,120.41722,76.58945,-0.02041,0,False
76.62046,76.62121,76.57991,76.57931,19,Bg17_019.fits,Bg,17,1,none,0.0,62,250,15,3e-05,-10.0,2026-09-02T20:47:07.842,1024,120.42253,76.60022,-0.00964,0,False
62.67154,62.66658,62.67799,62.68327,0,Bg18_000.fits,Bg,18,2,none,0.0,62,0,15,3e-05,-10.0,2026-09-02T20:47:08.382,1024,120.43153,62.67484,-0.00424,0,False
62.67495,62.66911,62.68225,62.68662,1,Bg18_001.fits,Bg,18,2,none,0.0,62,0,15,3e-05,-10.0,2026-09-02T20:47:08.712,1024,120.43703,62.67823,-0.00085,0,False
62.67361,62.66758,62.68052,62.68452,2,Bg18_002.fits,Bg,18,2,none,0.0,62,0,15,3e-05,-10.0,2026-09-02T20:47:09.037,1024,120.44245,62.67656,-0.00252,0,False
62.67824,62.67004,62.68135,62.68978,3,Bg18_003.fits,Bg,18,2,none,0.0,62,0,15,3e-05,-10.0,2026-09-02T20:47:09.365,1024,120.44792,62.67985,0.00077,0,False
62.83551,62.82738,62.83928,62.84854,4,Bg18_004.fits,Bg,18,2,none,0.0,62,0,15,3e-05,-10.0,2026-09-02T20:47:09.689,1024,120.45332,62.83768,0.1586,1,True
62.67449,62.6673,62.67812,62.68713,5,Bg18_005.fits,Bg,18,2,none,0.0,62,0,15,3e-05,-10.0,2026-09-02T20:47:10.009,1024,120.45865,62.67676,-0.00232,0,False
62.67476,62.6709,62.68238,62.68765,6,Bg18_006.fits,Bg,18,2,none,0.0,62,0,15,3e-05,-10.0,2026-09-02T20:47:10.341,1024,120.46418,62.67892,-0.00016,0,False
62.67461,62.66872,62.68167,62.68588,7,Bg18_007.fits,Bg,18,2,none,0.0,62,0,15,3e-05,-10.0,2026-09-02T20:47:10.672,1024,120.4697,62.67772,-0.00136,0,False
62.6734,62.66441,62.68107,62.68402,8,Bg18_008.fits,Bg,18,2,none,0.0,62,0,15,3e-05,-10.0,2026-09-02T20:47:10.993,1024,120.47505,62.67573,-0.00335,0,False
62.67429,62.66689,62.67881,62.68644,9,Bg18_009.fits,Bg,18,2,none,0.0,62,0,15,3e-05,-10.0,2026-09-02T20:47:11.319,1024,120.48048,62.67661,-0.00247,0,False
62.67356,62.66847,62.68355,62.68501,10,Bg18_010.fits,Bg,18,2,none,0.0,62,0,15,3e-05,-10.0,2026-09-02T20:47:11.642,1024,120.48587,62.67765,-0.00143,0,False
62.83201,62.82336,62.83902,62.84312,11,Bg18_011.fits,Bg,18,2,none,0.0,62,0,15,3e-05,-10.0,2026-09-02T20:47:11.966,1024,120.49127,62.83438,0.15529,1,True
62.6725,62.66685,62.67902,62.68525,12,Bg18_012.fits,Bg,18,2,none,0.0,62,0,15,3e-05,-10.0,2026-09-02T20:47:12.291,1024,120.49668,62.6759,-0.00318,0,False
62.67462,62.66867,62.68196,62.68711,13,Bg18_013.fits,Bg,18,2,none,0.0,62,0,15,3e-05,-10.0,2026-09-02T20:47:12.617,1024,120.50212,62.67809,-0.00099,0,False
62.82731,62.82398,62.83284,62.83982,14,Bg18_014.fits,Bg,18,2,none,0.0,62,0,15,3e-05,-10.0,2026-09-02T20:47:12.943,1024,120.50755,62.83099,0.15191,1,True
62.67364,62.66988,62.68134,62.6877,15,Bg18_015.fits,Bg,18,2,none,0.0,62,0,15,3e-05,-10.0,2026-09-02T20:47:13.269,1024,120.51298,62.67814,-0.00094,0,False
62.83143,62.82708,62.83889,62.84562,16,Bg18_016.fits,Bg,18,2,none,0.0,62,0,15,3e-05,-10.0,2026-09-02T20:47:13.591,1024,120.51835,62.83575,0.15667,1,True
62.6745,62.66815,62.68085,62.68626,17,Bg18_017.fits,Bg,18,2,none,0.0,62,0,15,3e-05,-10.0,2026-09-02T20:47:13.918,1024,120.5238,62.67744,-0.00164,0,False
62.8286,62.82766,62.83788,62.84288,18,Bg18_018.fits,Bg,18,2,none,0.0,62,0,15,3e-05,-10.0,2026-09-02T20:47:14.240,1024,120.52917,62.83425,0.15517,1,True
62.67607,62.66692,62.68274,62.68798,19,Bg18_019.fits,Bg,18,2,none,0.0,62,0,15,3e-05,-10.0,2026-09-02T20:47:14.573,1024,120.53472,62.67843,-0.00065,0,False
76.61462,76.60563,76.5838,76.58247,0,Bg19_000.fits,Bg,19,2,none,0.0,62,250,15,3e-05,-10.0,2026-09-02T20:47:15.351,1024,120.54768,76.59663,-0.01323,0,False
76.61758,76.62362,76.58862,76.58784,1,Bg19_001.fits,Bg,19,2,none,0.0,62,250,15,3e-05,-10.0,2026-09-02T20:47:15.679,1024,120.55315,76.60441,-0.00545,0,False
76.62537,76.61936,76.59071,76.58087,2,Bg19_002.fits,Bg,19,2,none,0.0,62,250,15,3e-05,-10.0,2026-09-02T20:47:16.003,1024,120.55855,76.60408,-0.00578,0,False
76.60737,76.60432,76.5775,76.58668,3,Bg19_003.fits,Bg,19,2,none,0.0,62,250,15,3e-05,-10.0,2026-09-02T20:47:16.329,1024,120.56398,76.59397,-0.01589,0,False
76.61671,76.61885,76.58308,76.58516,4,Bg19_004.fits,Bg,19,2,none,0.0,62,250,15,3e-05,-10.0,2026-09-02T20:47:16.650,1024,120.56933,76.60095,-0.00891,0,False
76.61155,76.61326,76.57696,76.57761,5,Bg19_005.fits,Bg,19,2,none,0.0,62,250,15,3e-05,-10.0,2026-09-02T20:47:16.967,1024,120.57462,76.59484,-0.01502,0,False
76.61861,76.61852,76.57997,76.58704,6,Bg19_006.fits,Bg,19,2,none,0.0,62,250,15,3e-05,-10.0,2026-09-02T20:47:17.286,1024,120.57993,76.60104,-0.00883,0,False
76.60948,76.60822,76.57405,76.58405,7,Bg19_007.fits,Bg,19,2,none,0.0,62,250,15,3e-05,-10.0,2026-09-02T20:47:17.615,1024,120.58542,76.59395,-0.01591,0,False
76.60492,76.60047,76.56922,76.57503,8,Bg19_008.fits,Bg,19,2,none,0.0,62,250,15,3e-05,-10.0,2026-09-02T20:47:17.937,1024,120.59078,76.58741,-0.02245,0,False
76.61462,76.61105,76.57857,76.58193,9,Bg19_009.fits,Bg,19,2,none,0.0,62,250,15,3e-05,-10.0,2026-09-02T20:47:18.258,1024,120.59613,76.59654,-0.01332,0,False
76.6193,76.61385,76.58013,76.58121,10,Bg19_010.fits,Bg,19,2,none,0.0,62,250,15,3e-05,-10.0,2026-09-02T20:47:18.607,1024,120.60195,76.59862,-0.01124,0,False
76.61684,76.60866,76.57461,76.5868,11,Bg19_011.fits,Bg,19,2,none,0.0,62,250,15,3e-05,-10.0,2026-09-02T20:47:18.932,1024,120.60737,76.59673,-0.01313,0,False
76.62257,76.61835,76.58195,76.59098,12,Bg19_012.fits,Bg,19,2,none,0.0,62,250,15,3e-05,-10.0,2026-09-02T20:47:19.258,1024,120.6128,76.60346,-0.0064,0,False
76.61153,76.61468,76.58318,76.58119,13,Bg19_013.fits,Bg,19,2,none,0.0,62,250,15,3e-05,-10.0,2026-09-02T20:47:19.587,1024,120.61828,76.59764,-0.01222,0,False
76.61188,76.61456,76.57281,76.57895,14,Bg19_014.fits,Bg,19,2,none,0.0,62,250,15,3e-05,-10.0,2026-09-02T20:47:19.945,1024,120.62425,76.59455,-0.01531,0,False
76.60678,76.61589,76.56886,76.58494,15,Bg19_015.fits,Bg,19,2,none,0.0,62,250,15,3e-05,-10.0,2026-09-02T20:47:20.268,1024,120.62963,76.59412,-0.01575,0,False
76.60941,76.60255,76.56861,76.57446,16,Bg19_016.fits,Bg,19,2,none,0.0,62,250,15,3e-05,-10.0,2026-09-02T20:47:20.597,1024,120.63512,76.58876,-0.02111,0,False
76.60681,76.6136,76.57136,76.57897,17,Bg19_017.fits,Bg,19,2,none,0.0,62,250,15,3e-05,-10.0,2026-09-02T20:47:20.920,1024,120.6405,76.59269,-0.01718,0,False
76.61247,76.60501,76.57965,76.57911,18,Bg19_018.fits,Bg,19,2,none,0.0,62,250,15,3e-05,-10.0,2026-09-02T20:47:21.271,1024,120.64635,76.59406,-0.0158,0,False
76.61378,76.61116,76.57405,76.57814,19,Bg19_019.fits,Bg,19,2,none,0.0,62,250,15,3e-05,-10.0,2026-09-02T20:47:21.598,1024,120.6518,76.59428,-0.01558,0,False
68.75943,68.75511,68.79836,68.80148,0,Bg20_000.fits,Bg,20,2,none,0.0,62,100,15,3e-05,-10.0,2026-09-02T20:47:22.133,1024,120.66072,68.77859,0.24671,0,False
68.77449,68.76783,68.81011,68.81541,1,Bg20_001.fits,Bg,20,2,none,0.0,62,100,15,3e-05,-10.0,2026-09-02T20:47:22.463,1024,120.66622,68.79196,0.26008,0,False
68.77568,68.76023,68.80899,68.81339,2,Bg20_002.fits,Bg,20,2,none,0.0,62,100,15,3e-05,-10.0,2026-09-02T20:47:22.789,1024,120.67165,68.78957,0.25769,0,False
68.77176,68.7736,68.81167,68.81354,3,Bg20_003.fits,Bg,20,2,none,0.0,62,100,15,3e-05,-10.0,2026-09-02T20:47:23.111,1024,120.67702,68.79264,0.26075,0,False
68.25869,68.24671,68.29499,68.29852,4,Bg20_004.fits,Bg,20,2,none,0.0,62,100,15,3e-05,-10.0,2026-09-02T20:47:23.433,1024,120.68238,68.27473,-0.25716,0,False
68.26816,68.26226,68.29589,68.30446,5,Bg20_005.fits,Bg,20,2,none,0.0,62,100,15,3e-05,-10.0,2026-09-02T20:47:23.758,1024,120.6878,68.28269,-0.24919,0,False
68.78091,68.77868,68.81682,68.81613,6,Bg20_006.fits,Bg,20,2,none,0.0,62,100,15,3e-05,-10.0,2026-09-02T20:47:24.081,1024,120.69318,68.79813,0.26625,0,False
68.26107,68.25982,68.30528,68.30531,7,Bg20_007.fits,Bg,20,2,none,0.0,62,100,15,3e-05,-10.0,2026-09-02T20:47:24.405,1024,120.69858,68.28287,-0.24902,0,False
68.77297,68.77258,68.81232,68.8129,8,Bg20_008.fits,Bg,20,2,none,0.0,62,100,15,3e-05,-10.0,2026-09-02T20:47:24.730,1024,120.704,68.79269,0.26081,0,False
68.77776,68.76916,68.80772,68.81597,9,Bg20_009.fits,Bg,20,2,none,0.0,62,100,15,3e-05,-10.0,2026-09-02T20:47:25.052,1024,120.70937,68.79265,0.26077,0,False
68.26657,68.2539,68.29936,68.30692,10,Bg20_010.fits,Bg,20,2,none,0.0,62,100,15,3e-05,-10.0,2026-09-02T20:47:25.374,1024,120.71473,68.28169,-0.2502,0,False
68.25958,68.25392,68.29483,68.29515,11,Bg20_011.fits,Bg,20,2,none,0.0,62,100,15,3e-05,-10.0,2026-09-02T20:47:25.697,1024,120.72012,68.27587,-0.25602,0,False
68.26369,68.25389,68.29604,68.30244,12,Bg20_012.fits,Bg,20,2,none,0.0,62,100,15,3e-05,-10.0,2026-09-02T20:47:26.020,1024,120.7255,68.27902,-0.25287,0,False
68.26469,68.25584,68.29292,68.30405,13,Bg20_013.fits,Bg,20,2,none,0.0,62,100,15,3e-05,-10.0,2026-09-02T20:47:26.344,1024,120.7309,68.27938,-0.25251,0,False
68.76543,68.76144,68.80412,68.80864,14,Bg20_014.fits,Bg,20,2,none,0.0,62,100,15,3e-05,-10.0,2026-09-02T20:47:26.669,1024,120.73632,68.78491,0.25302,0,False
68.26427,68.25949,68.29325,68.29865,15,Bg20_015.fits,Bg,20,2,none,0.0,62,100,15,3e-05,-10.0,2026-09-02T20:47:26.994,1024,120.74173,68.27892,-0.25297,0,False
68.76414,68.76543,68.80346,68.80496,16,Bg20_016.fits,Bg,20,2,none,0.0,62,100,15,3e-05,-10.0,2026-09-02T20:47:27.319,1024,120.74715,68.7845,0.25261,0,False
68.26719,68.26238,68.29775,68.30603,17,Bg20_017.fits,Bg,20,2,none,0.0,62,100,15,3e-05,-10.0,2026-09-02T20:47:27.642,1024,120.75253,68.28334,-0.24855,0,False
68.26382,68.26172,68.30395,68.30816,18,Bg20_018.fits,Bg,20,2,none,0.0,62,100,15,3e-05,-10.0,2026-09-02T20:47:27.960,1024,120.75783,68.28441,-0.24747,0,False
68.2548,68.25122,68.28963,68.29871,19,Bg20_019.fits,Bg,20,2,none,0.0,62,100,15,3e-05,-10.0,2026-09-02T20:47:28.284,1024,120.76323,68.27359,-0.2583,0,False
236.35387,236.47993,236.12907,236.07252,0,Bg21_000.fits,Bg,21,2,none,0.0,62,450,15,3e-05,-10.0,2026-09-02T20:47:28.834,1024,120.7724,236.25885,-0.05872,0,False
226.18454,226.20173,225.84061,225.79832,1,Bg21_001.fits,Bg,21,2,none,0.0,62,450,15,3e-05,-10.0,2026-09-02T20:47:29.173,1024,120.77805,226.0063,-10.31127,-1,True
236.4081,236.43647,236.09092,236.07517,2,Bg21_002.fits,Bg,21,2,none,0.0,62,450,15,3e-05,-10.0,2026-09-02T20:47:29.507,1024,120.78362,236.25267,-0.06491,0,False
236.40792,236.51473,236.11813,236.11054,3,Bg21_003.fits,Bg,21,2,none,0.0,62,450,15,3e-05,-10.0,2026-09-02T20:47:29.827,1024,120.78895,236.28783,-0.02974,0,False
236.45512,236.50361,236.18108,236.13845,4,Bg21_004.fits,Bg,21,2,none,0.0,62,450,15,3e-05,-10.0,2026-09-02T20:47:30.146,1024,120.79427,236.31957,0.00199,0,False
226.11832,226.2114,225.83229,225.76761,5,Bg21_005.fits,Bg,21,2,none,0.0,62,450,15,3e-05,-10.0,2026-09-02T20:47:30.468,1024,120.79963,225.98241,-10.33516,-1,True
236.38458,236.45349,236.1159,236.09768,6,Bg21_006.fits,Bg,21,2,none,0.0,62,450,15,3e-05,-10.0,2026-09-02T20:47:30.799,1024,120.80515,236.26291,-0.05466,0,False
236.47582,236.48798,236.11936,236.04428,7,Bg21_007.fits,Bg,21,2,none,0.0,62,450,15,3e-05,-10.0,2026-09-02T20:47:31.124,1024,120.81057,236.28186,-0.03571,0,False
236.46017,236.45764,236.10495,236.12288,8,Bg21_008.fits,Bg,21,2,none,0.0,62,450,15,3e-05,-10.0,2026-09-02T20:47:31.448,1024,120.81597,236.28641,-0.03116,0,False
236.47285,236.50814,236.15813,236.07991,9,Bg21_009.fits,Bg,21,2,none,0.0,62,450,15,3e-05,-10.0,2026-09-02T20:47:31.770,1024,120.82133,236.30476,-0.01281,0,False
226.08811,226.18816,225.80469,225.83063,10,Bg21_010.fits,Bg,21,2,none,0.0,62,450,15,3e-05,-10.0,2026-09-02T20:47:32.091,1024,120.82668,225.9779,-10.33967,-1,True
236.52036,236.52241,236.1983,236.16696,11,Bg21_011.fits,Bg,21,2,none,0.0,62,450,15,3e-05,-10.0,2026-09-02T20:47:32.413,1024,120.83205,236.35201,0.03444,0,False
236.44886,236.47521,236.16565,236.17258,12,Bg21_012.fits,Bg,21,2,none,0.0,62,450,15,3e-05,-10.0,2026-09-02T20:47:32.741,1024,120.83752,236.31558,-0.00199,0,False
236.49683,236.56407,236.18755,236.15551,13,Bg21_013.fits,Bg,21,2,none,0.0,62,450,15,3e-05,-10.0,2026-09-02T20:47:33.066,1024,120.84293,236.35099,0.03342,0,False
236.44423,236.45171,236.10118,236.10551,14,Bg21_014.fits,Bg,21,2,none,0.0,62,450,15,3e-05,-10.0,2026-09-02T20:47:33.394,1024,120.8484,236.27565,-0.04192,0,False
236.43465,236.54179,236.09333,236.10563,15,Bg21_015.fits,Bg,21,2,none,0.0,62,450,15,3e-05,-10.0,2026-09-02T20:47:33.723,1024,120.85388,236.29385,-0.02372,0,False
236.51599,236.56153,236.22021,236.14467,16,Bg21_016.fits,Bg,21,2,none,0.0,62,450,15,3e-05,-10.0,2026-09-02T20:47:34.045,1024,120.85925,236.3606,0.04303,0,False
236.47136,236.45823,236.14799,236.16528,17,Bg21_017.fits,Bg,21,2,none,0.0,62,450,15,3e-05,-10.0,2026-09-02T20:47:34.370,1024,120.86467,236.31072,-0.00686,0,False
236.44264,236.49728,236.14442,236.09011,18,Bg21_018.fits,Bg,21,2,none,0.0,62,450,15,3e-05,-10.0,2026-09-02T20:47:34.693,1024,120.87005,236.29361,-0.02396,0,False
236.47932,236.50524,236.18708,236.12889,19,Bg21_019.fits,Bg,21,2,none,0.0,62,450,15,3e-05,-10.0,2026-09-02T20:47:35.015,1024,120.87542,236.32513,0.00756,0,False
76.62238,76.61509,76.57984,76.58889,0,Bo22_000.fits,Bo,22,0,none,0.0,62,250,15,3e-05,-10.0,2026-09-02T20:47:35.554,1024,120.8844,76.60155,-0.00831,0,False
76.61295,76.61098,76.57696,76.58246,1,Bo22_001.fits,Bo,22,0,none,0.0,62,250,15,3e-05,-10.0,2026-09-02T20:47:35.887,1024,120.88995,76.59584,-0.01402,0,False
76.6228,76.6216,76.57849,76.58142,2,Bo22_002.fits,Bo,22,0,none,0.0,62,250,15,3e-05,-10.0,2026-09-02T20:47:36.207,1024,120.89528,76.60108,-0.00878,0,False
76.61145,76.60909,76.57626,76.57655,3,Bo22_003.fits,Bo,22,0,none,0.0,62,250,15,3e-05,-10.0,2026-09-02T20:47:36.541,1024,120.90085,76.59334,-0.01652,0,False
76.61721,76.6199,76.58088,76.59409,4,Bo22_004.fits,Bo,22,0,none,0.0,62,250,15,3e-05,-10.0,2026-09-02T20:47:36.863,1024,120.90622,76.60302,-0.00684,0,False
76.6202,76.60622,76.58406,76.58455,5,Bo22_005.fits,Bo,22,0,none,0.0,62,250,15,3e-05,-10.0,2026-09-02T20:47:37.188,1024,120.91163,76.59876,-0.0111,0,False
76.60567,76.60221,76.57595,76.57522,6,Bo22_006.fits,Bo,22,0,none,0.0,62,250,15,3e-05,-10.0,2026-09-02T20:47:37.511,1024,120.91702,76.58976,-0.0201,0,False
76.59536,76.59629,76.56128,76.57155,7,Bo22_007.fits,Bo,22,0,none,0.0,62,250,15,3e-05,-10.0,2026-09-02T20:47:37.832,1024,120.92237,76.58112,-0.02874,0,False
76.61754,76.61271,76.58142,76.59134,8,Bo22_008.fits,Bo,22,0,none,0.0,62,250,15,3e-05,-10.0,2026-09-02T20:47:38.161,1024,120.92785,76.60075,-0.00911,0,False
76.62125,76.61596,76.57876,76.58165,9,Bo22_009.fits,Bo,22,0,none,0.0,62,250,15,3e-05,-10.0,2026-09-02T20:47:38.481,1024,120.93318,76.59941,-0.01046,0,False
76.60452,76.60769,76.56569,76.57511,10,Bo22_010.fits,Bo,22,0,none,0.0,62,250,15,3e-05,-10.0,2026-09-02T20:47:38.801,1024,120.93852,76.58825,-0.02161,0,False
76.6162,76.6143,76.58646,76.58585,11,Bo22_011.fits,Bo,22,0,none,0.0,62,250,15,3e-05,-10.0,2026-09-02T20:47:39.125,1024,120.94392,76.60071,-0.00916,0,False
76.61397,76.61623,76.58022,76.58309,12,Bo22_012.fits,Bo,22,0,none,0.0,62,250,15,3e-05,-10.0,2026-09-02T20:47:39.449,1024,120.94932,76.59838,-0.01148,0,False
76.61189,76.60119,76.57185,76.57573,13,Bo22_013.fits,Bo,22,0,none,0.0,62,250,15,3e-05,-10.0,2026-09-02T20:47:39.771,1024,120.95468,76.59016,-0.0197,0,False
76.60051,76.60286,76.57108,76.57589,14,Bo22_014.fits,Bo,22,0,none,0.0,62,250,15,3e-05,-10.0,2026-09-02T20:47:40.097,1024,120.96012,76.58758,-0.02228,0,False
76.60299,76.60109,76.56437,76.57446,15,Bo22_015.fits,Bo,22,0,none,0.0,62,250,15,3e-05,-10.0,2026-09-02T20:47:40.420,1024,120.9655,76.58573,-0.02414,0,False
76.61305,76.60376,76.57745,76.57627,16,Bo22_016.fits,Bo,22,0,none,0.0,62,250,15,3e-05,-10.0,2026-09-02T20:47:40.739,1024,120.97082,76.59263,-0.01723,0,False
76.61939,76.60889,76.57646,76.58377,17,Bo22_017.fits,Bo,22,0,none,0.0,62,250,15,3e-05,-10.0,2026-09-02T20:47:41.062,1024,120.9762,76.59713,-0.01273,0,False
76.61751,76.60438,76.57803,76.57852,18,Bo22_018.fits,Bo,22,0,none,0.0,62,250,15,3e-05,-10.0,2026-09-02T20:47:41.383,1024,120.98155,76.59461,-0.01525,0,False
76.60853,76.60397,76.58708,76.57853,19,Bo22_019.fits,Bo,22,0,none,0.0,62,250,15,3e-05,-10.0,2026-09-02T20:47:41.711,1024,120.98702,76.59453,-0.01533,0,False
256.61187,256.60758,256.56917,256.5808,0,Bo23_000.fits,Bo,23,0,none,0.0,62,250,60,3e-05,-10.0,2026-09-02T20:47:42.247,1024,120.99595,256.59235,-0.00361,0,False
256.61879,256.61569,256.58392,256.5862,1,Bo23_001.fits,Bo,23,0,none,0.0,62,250,60,3e-05,-10.0,2026-09-02T20:47:42.576,1024,121.00143,256.60115,0.00518,0,False
256.61855,256.6133,256.57927,256.58948,2,Bo23_002.fits,Bo,23,0,none,0.0,62,250,60,3e-05,-10.0,2026-09-02T20:47:42.895,1024,121.00675,256.60015,0.00418,0,False
256.61409,256.60824,256.57625,256.58251,3,Bo23_003.fits,Bo,23,0,none,0.0,62,250,60,3e-05,-10.0,2026-09-02T20:47:43.222,1024,121.0122,256.59527,-0.0007,0,False
256.61637,256.61237,256.5827,256.5876,4,Bo23_004.fits,Bo,23,0,none,0.0,62,250,60,3e-05,-10.0,2026-09-02T20:47:43.545,1024,121.01758,256.59976,0.00379,0,False
256.61435,256.60953,256.57652,256.58204,5,Bo23_005.fits,Bo,23,0,none,0.0,62,250,60,3e-05,-10.0,2026-09-02T20:47:43.874,1024,121.02307,256.59561,-0.00036,0,False
256.61581,256.61159,256.57704,256.58086,6,Bo23_006.fits,Bo,23,0,none,0.0,62,250,60,3e-05,-10.0,2026-09-02T20:47:44.198,1024,121.02847,256.59632,0.00035,0,False
256.60685,256.60461,256.56856,256.57521,7,Bo23_007.fits,Bo,23,0,none,0.0,62,250,60,3e-05,-10.0,2026-09-02T20:47:44.528,1024,121.03397,256.58881,-0.00716,0,False
256.60992,256.61576,256.57692,256.58291,8,Bo23_008.fits,Bo,23,0,none,0.0,62,250,60,3e-05,-10.0,2026-09-02T20:47:44.850,1024,121.03933,256.59638,0.00041,0,False
256.616,256.61221,256.57714,256.58295,9,Bo23_009.fits,Bo,23,0,none,0.0,62,250,60,3e-05,-10.0,2026-09-02T20:47:45.175,1024,121.04475,256.59708,0.00111,0,False
256.62371,256.61803,256.58076,256.58784,10,Bo23_010.fits,Bo,23,0,none,0.0,62,250,60,3e-05,-10.0,2026-09-02T20:47:45.497,1024,121.05012,256.60259,0.00662,0,False
256.61716,256.61706,256.58268,256.58714,11,Bo23_011.fits,Bo,23,0,none,0.0,62,250,60,3e-05,-10.0,2026-09-02T20:47:45.829,1024,121.05565,256.60101,0.00504,0,False
256.61175,256.61333,256.57153,256.57176,12,Bo23_012.fits,Bo,23,0,none,0.0,62,250,60,3e-05,-10.0,2026-09-02T20:47:46.153,1024,121.06105,256.59209,-0.00388,0,False
256.61272,256.6128,256.57119,256.58658,13,Bo23_013.fits,Bo,23,0,none,0.0,62,250,60,3e-05,-10.0,2026-09-02T20:47:46.479,1024,121.06648,256.59582,-0.00015,0,False
256.61974,256.61766,256.57977,256.58689,14,Bo23_014.fits,Bo,23,0,none,0.0,62,250,60,3e-05,-10.0,2026-09-02T20:47:46.801,1024,121.07185,256.60102,0.00505,0,False
256.61143,256.61349,256.58194,256.57771,15,Bo23_015.fits,Bo,23,0,none,0.0,62,250,60,3e-05,-10.0,2026-09-02T20:47:47.130,1024,121.07733,256.59614,0.00017,0,False
256.62382,256.61071,256.58676,256.58882,16,Bo23_016.fits,Bo,23,0,none,0.0,62,250,60,3e-05,-10.0,2026-09-02T20:47:47.457,1024,121.08278,256.60253,0.00656,0,False
256.61745,256.61055,256.5809,256.58024,17,Bo23_017.fits,Bo,23,0,none,0.0,62,250,60,3e-05,-10.0,2026-09-02T20:47:47.780,1024,121.08817,256.59728,0.00132,0,False
256.6228,256.61403,256.58154,256.58331,18,Bo23_018.fits,Bo,23,0,none,0.0,62,250,60,3e-05,-10.0,2026-09-02T20:47:48.105,1024,121.09358,256.60042,0.00445,0,False
256.61045,256.61983,256.57337,256.58033,19,Bo23_019.fits,Bo,23,0,none,0.0,62,250,60,3e-05,-10.0,2026-09-02T20:47:48.427,1024,121.09895,256.59599,3e-05,0,False
136.60939,136.60808,136.57124,136.57357,0,Bo24_000.fits,Bo,24,0,none,0.0,62,250,30,3e-05,-10.0,2026-09-02T20:47:48.967,1024,121.10795,136.59057,-0.00433,0,False
136.61034,136.60779,136.57725,136.58359,1,Bo24_001.fits,Bo,24,0,none,0.0,62,250,30,3e-05,-10.0,2026-09-02T20:47:49.299,1024,121.11348,136.59474,-0.00015,0,False
136.60939,136.60727,136.56348,136.57577,2,Bo24_002.fits,Bo,24,0,none,0.0,62,250,30,3e-05,-10.0,2026-09-02T20:47:49.625,1024,121.11892,136.58898,-0.00592,0,False
136.60934,136.60245,136.57004,136.57584,3,Bo24_003.fits,Bo,24,0,none,0.0,62,250,30,3e-05,-10.0,2026-09-02T20:47:49.950,1024,121.12433,136.58942,-0.00548,0,False
136.61727,136.61201,136.56835,136.5848,4,Bo24_004.fits,Bo,24,0,none,0.0,62,250,30,3e-05,-10.0,2026-09-02T20:47:50.272,1024,121.1297,136.59561,0.00071,0,False
136.61187,136.61331,136.57169,136.57985,5,Bo24_005.fits,Bo,24,0,none,0.0,62,250,30,3e-05,-10.0,2026-09-02T20:47:50.596,1024,121.1351,136.59418,-0.00071,0,False
136.61618,136.6179,136.58806,136.58941,6,Bo24_006.fits,Bo,24,0,none,0.0,62,250,30,3e-05,-10.0,2026-09-02T20:47:50.920,1024,121.1405,136.60289,0.00799,0,False
136.61763,136.61768,136.5816,136.58156,7,Bo24_007.fits,Bo,24,0,none,0.0,62,250,30,3e-05,-10.0,2026-09-02T20:47:51.283,1024,121.14655,136.59962,0.00472,0,False
136.61932,136.60806,136.58249,136.58418,8,Bo24_008.fits,Bo,24,0,none,0.0,62,250,30,3e-05,-10.0,2026-09-02T20:47:51.611,1024,121.15202,136.59851,0.00361,0,False
136.60846,136.60935,136.57633,136.57426,9,Bo24_009.fits,Bo,24,0,none,0.0,62,250,30,3e-05,-10.0,2026-09-02T20:47:51.937,1024,121.15745,136.5921,-0.00279,0,False
136.62821,136.62152,136.59187,136.59424,10,Bo24_010.fits,Bo,24,0,none,0.0,62,250,30,3e-05,-10.0,2026-09-02T20:47:52.259,1024,121.16282,136.60896,0.01407,0,False
136.60598,136.6131,136.57346,136.57811,11,Bo24_011.fits,Bo,24,0,none,0.0,62,250,30,3e-05,-10.0,2026-09-02T20:47:52.582,1024,121.1682,136.59266,-0.00223,0,False
136.62354,136.61875,136.58346,136.58125,12,Bo24_012.fits,Bo,24,0,none,0.0,62,250,30,3e-05,-10.0,2026-09-02T20:47:52.901,1024,121.17352,136.60175,0.00685,0,False
136.63026,136.61469,136.58136,136.59399,13,Bo24_013.fits,Bo,24,0,none,0.0,62,250,30,3e-05,-10.0,2026-09-02T20:47:53.244,1024,121.17923,136.60507,0.01018,0,False
136.61229,136.60473,136.57814,136.57689,14,Bo24_014.fits,Bo,24,0,none,0.0,62,250,30,3e-05,-10.0,2026-09-02T20:47:53.567,1024,121.18462,136.59301,-0.00188,0,False
136.61224,136.61287,136.58327,136.57962,15,Bo24_015.fits,Bo,24,0,none,0.0,62,250,30,3e-05,-10.0,2026-09-02T20:47:53.889,1024,121.18998,136.597,0.00211,0,False
136.61973,136.62699,136.58503,136.59099,16,Bo24_016.fits,Bo,24,0,none,0.0,62,250,30,3e-05,-10.0,2026-09-02T20:47:54.211,1024,121.19535,136.60568,0.01079,0,False
136.60963,136.60701,136.57275,136.57733,17,Bo24_017.fits,Bo,24,0,none,0.0,62,250,30,3e-05,-10.0,2026-09-02T20:47:54.538,1024,121.2008,136.59168,-0.00321,0,False
136.61805,136.61485,136.57883,136.5795,18,Bo24_018.fits,Bo,24,0,none,0.0,62,250,30,3e-05,-10.0,2026-09-02T20:47:54.861,1024,121.20618,136.59781,0.00291,0,False
136.60869,136.61898,136.5751,136.57965,19,Bo24_019.fits,Bo,24,0,none,0.0,62,250,30,3e-05,-10.0,2026-09-02T20:47:55.188,1024,121.21163,136.59561,0.00071,0,False
76.61733,76.61315,76.57391,76.58028,0,Bo25_000.fits,Bo,25,1,none,0.0,62,250,15,3e-05,-10.0,2026-09-02T20:47:55.730,1024,121.22067,76.59617,-0.01369,0,False
76.61456,76.60418,76.57875,76.58158,1,Bo25_001.fits,Bo,25,1,none,0.0,62,250,15,3e-05,-10.0,2026-09-02T20:47:56.057,1024,121.22612,76.59477,-0.01509,0,False
76.61049,76.60831,76.5744,76.58033,2,Bo25_002.fits,Bo,25,1,none,0.0,62,250,15,3e-05,-10.0,2026-09-02T20:47:56.383,1024,121.23155,76.59338,-0.01648,0,False
76.62003,76.61081,76.57953,76.58211,3,Bo25_003.fits,Bo,25,1,none,0.0,62,250,15,3e-05,-10.0,2026-09-02T20:47:56.708,1024,121.23697,76.59812,-0.01174,0,False
76.61387,76.60323,76.56963,76.57372,4,Bo25_004.fits,Bo,25,1,none,0.0,62,250,15,3e-05,-10.0,2026-09-02T20:47:57.035,1024,121.24242,76.59011,-0.01975,0,False
76.61921,76.61136,76.58496,76.5859,5,Bo25_005.fits,Bo,25,1,none,0.0,62,250,15,3e-05,-10.0,2026-09-02T20:47:57.368,1024,121.24797,76.60036,-0.0095,0,False
76.62142,76.61914,76.58739,76.5866,6,Bo25_006.fits,Bo,25,1,none,0.0,62,250,15,3e-05,-10.0,2026-09-02T20:47:57.693,1024,121.25338,76.60364,-0.00622,0,False
76.62067,76.61509,76.58088,76.5829,7,Bo25_007.fits,Bo,25,1,none,0.0,62,250,15,3e-05,-10.0,2026-09-02T20:47:58.024,1024,121.2589,76.59989,-0.00997,0,False
76.61243,76.61092,76.57479,76.57556,8,Bo25_008.fits,Bo,25,1,none,0.0,62,250,15,3e-05,-10.0,2026-09-02T20:47:58.343,1024,121.26422,76.59342,-0.01644,0,False
76.61912,76.61104,76.57905,76.57829,9,Bo25_009.fits,Bo,25,1,none,0.0,62,250,15,3e-05,-10.0,2026-09-02T20:47:58.676,1024,121.26977,76.59687,-0.01299,0,False
76.61061,76.60897,76.58381,76.58329,10,Bo25_010.fits,Bo,25,1,none,0.0,62,250,15,3e-05,-10.0,2026-09-02T20:47:58.998,1024,121.27513,76.59667,-0.01319,0,False
76.61499,76.61132,76.57742,76.57359,11,Bo25_011.fits,Bo,25,1,none,0.0,62,250,15,3e-05,-10.0,2026-09-02T20:47:59.328,1024,121.28063,76.59433,-0.01553,0,False
76.61067,76.60675,76.57601,76.57719,12,Bo25_012.fits,Bo,25,1,none,0.0,62,250,15,3e-05,-10.0,2026-09-02T20:47:59.650,1024,121.286,76.59266,-0.01721,0,False
76.61268,76.6117,76.56993,76.57928,13,Bo25_013.fits,Bo,25,1,none,0.0,62,250,15,3e-05,-10.0,2026-09-02T20:47:59.971,1024,121.29135,76.5934,-0.01646,0,False
76.61075,76.61141,76.57352,76.5757,14,Bo25_014.fits,Bo,25,1,none,0.0,62,250,15,3e-05,-10.0,2026-09-02T20:48:00.293,1024,121.29672,76.59285,-0.01701,0,False
76.61167,76.60792,76.57445,76.5755,15,Bo25_015.fits,Bo,25,1,none,0.0,62,250,15,3e-05,-10.0,2026-09-02T20:48:00.624,1024,121.30223,76.59239,-0.01748,0,False
76.61656,76.61046,76.57782,76.58038,16,Bo25_016.fits,Bo,25,1,none,0.0,62,250,15,3e-05,-10.0,2026-09-02T20:48:00.943,1024,121.30755,76.5963,-0.01356,0,False
76.61274,76.6156,76.58395,76.58403,17,Bo25_017.fits,Bo,25,1,none,0.0,62,250,15,3e-05,-10.0,2026-09-02T20:48:01.273,1024,121.31305,76.59908,-0.01078,0,False
76.60973,76.60442,76.57313,76.57795,18,Bo25_018.fits,Bo,25,1,none,0.0,62,250,15,3e-05,-10.0,2026-09-02T20:48:01.595,1024,121.31842,76.59131,-0.01855,0,False
76.61758,76.61324,76.57144,76.5764,19,Bo25_019.fits,Bo,25,1,none,0.0,62,250,15,3e-05,-10.0,2026-09-02T20:48:01.919,1024,121.32382,76.59466,-0.0152,0,False
256.62091,256.62146,256.58123,256.58311,0,Bo26_000.fits,Bo,26,1,none,0.0,62,250,60,3e-05,-10.0,2026-09-02T20:48:02.467,1024,121.33295,256.60168,0.00571,0,False
256.608,256.60467,256.56983,256.56987,1,Bo26_001.fits,Bo,26,1,none,0.0,62,250,60,3e-05,-10.0,2026-09-02T20:48:02.804,1024,121.33857,256.58809,-0.00788,0,False
256.61078,256.61026,256.56112,256.57394,2,Bo26_002.fits,Bo,26,1,none,0.0,62,250,60,3e-05,-10.0,2026-09-02T20:48:03.131,1024,121.34402,256.58902,-0.00695,0,False
256.61543,256.61445,256.57774,256.58104,3,Bo26_003.fits,Bo,26,1,none,0.0,62,250,60,3e-05,-10.0,2026-09-02T20:48:03.453,1024,121.34938,256.59716,0.0012,0,False
256.61676,256.61874,256.58175,256.59029,4,Bo26_004.fits,Bo,26,1,none,0.0,62,250,60,3e-05,-10.0,2026-09-02T20:48:03.783,1024,121.35488,256.60188,0.00591,0,False
256.60911,256.61234,256.58004,256.58024,5,Bo26_005.fits,Bo,26,1,none,0.0,62,250,60,3e-05,-10.0,2026-09-02T20:48:04.110,1024,121.36033,256.59543,-0.00054,0,False
256.61608,256.61014,256.57638,256.58145,6,Bo26_006.fits,Bo,26,1,none,0.0,62,250,60,3e-05,-10.0,2026-09-02T20:48:04.437,1024,121.36578,256.59601,4e-05,0,False
256.62026,256.61053,256.58154,256.58694,7,Bo26_007.fits,Bo,26,1,none,0.0,62,250,60,3e-05,-10.0,2026-09-02T20:48:04.759,1024,121.37115,256.59982,0.00385,0,False
256.61905,256.61325,256.58068,256.58204,8,Bo26_008.fits,Bo,26,1,none,0.0,62,250,60,3e-05,-10.0,2026-09-02T20:48:05.085,1024,121.37658,256.59875,0.00279,0,False
256.60696,256.61226,256.57562,256.58893,9,Bo26_009.fits,Bo,26,1,none,0.0,62,250,60,3e-05,-10.0,2026-09-02T20:48:05.411,1024,121.38202,256.59594,-3e-05,0,False
256.60417,256.59845,256.56503,256.56822,10,Bo26_010.fits,Bo,26,1,none,0.0,62,250,60,3e-05,-10.0,2026-09-02T20:48:05.733,1024,121.38738,256.58397,-0.012,0,False
256.60888,256.61214,256.57062,256.58516,11,Bo26_011.fits,Bo,26,1,none,0.0,62,250,60,3e-05,-10.0,2026-09-02T20:48:06.057,1024,121.39278,256.5942,-0.00177,0,False
256.61481,256.61734,256.57577,256.57425,12,Bo26_012.fits,Bo,26,1,none,0.0,62,250,60,3e-05,-10.0,2026-09-02T20:48:06.380,1024,121.39817,256.59554,-0.00042,0,False
256.60237,256.60821,256.56855,256.57129,13,Bo26_013.fits,Bo,26,1,none,0.0,62,250,60,3e-05,-10.0,2026-09-02T20:48:06.710,1024,121.40367,256.5876,-0.00836,0,False
256.61765,256.61119,256.56562,256.582,14,Bo26_014.fits,Bo,26,1,none,0.0,62,250,60,3e-05,-10.0,2026-09-02T20:48:07.036,1024,121.4091,256.59412,-0.00185,0,False
256.61942,256.61145,256.57642,256.57843,15,Bo26_015.fits,Bo,26,1,none,0.0,62,250,60,3e-05,-10.0,2026-09-02T20:48:07.362,1024,121.41453,256.59643,0.00046,0,False
256.61151,256.61163,256.56861,256.56958,16,Bo26_016.fits,Bo,26,1,none,0.0,62,250,60,3e-05,-10.0,2026-09-02T20:48:07.686,1024,121.41993,256.59033,-0.00564,0,False
256.60847,256.60447,256.5778,256.57578,17,Bo26_017.fits,Bo,26,1,none,0.0,62,250,60,3e-05,-10.0,2026-09-02T20:48:08.014,1024,121.4254,256.59163,-0.00434,0,False
256.61031,256.61216,256.57249,256.58268,18,Bo26_018.fits,Bo,26,1,none,0.0,62,250,60,3e-05,-10.0,2026-09-02T20:48:08.341,1024,121.43085,256.59441,-0.00156,0,False
256.61197,256.60811,256.57526,256.57911,19,Bo26_019.fits,Bo,26,1,none,0.0,62,250,60,3e-05,-10.0,2026-09-02T20:48:08.667,1024,121.43628,256.59361,-0.00236,0,False
136.60934,136.6081,136.57372,136.57869,0,Bo27_000.fits,Bo,27,1,none,0.0,62,250,30,3e-05,-10.0,2026-09-02T20:48:09.209,1024,121.44532,136.59246,-0.00243,0,False
136.61612,136.61156,136.56906,136.57628,1,Bo27_001.fits,Bo,27,1,none,0.0,62,250,30,3e-05,-10.0,2026-09-02T20:48:09.543,1024,121.45088,136.59325,-0.00164,0,False
136.61656,136.61326,136.5779,136.57317,2,Bo27_002.fits,Bo,27,1,none,0.0,62,250,30,3e-05,-10.0,2026-09-02T20:48:09.866,1024,121.45627,136.59522,0.00033,0,False
136.61704,136.61514,136.58348,136.58485,3,Bo27_003.fits,Bo,27,1,none,0.0,62,250,30,3e-05,-10.0,2026-09-02T20:48:10.185,1024,121.46158,136.60013,0.00523,0,False
136.62448,136.61797,136.5778,136.58764,4,Bo27_004.fits,Bo,27,1,none,0.0,62,250,30,3e-05,-10.0,2026-09-02T20:48:10.503,1024,121.46688,136.60197,0.00708,0,False
136.61375,136.61051,136.56999,136.58076,5,Bo27_005.fits,Bo,27,1,none,0.0,62,250,30,3e-05,-10.0,2026-09-02T20:48:10.831,1024,121.47235,136.59375,-0.00114,0,False
136.60851,136.60334,136.57516,136.58197,6,Bo27_006.fits,Bo,27,1,none,0.0,62,250,30,3e-05,-10.0,2026-09-02T20:48:11.152,1024,121.4777,136.59225,-0.00265,0,False
136.61839,136.6138,136.5743,136.58308,7,Bo27_007.fits,Bo,27,1,none,0.0,62,250,30,3e-05,-10.0,2026-09-02T20:48:11.477,1024,121.48312,136.59739,0.0025,0,False
136.61082,136.60669,136.57829,136.57946,8,Bo27_008.fits,Bo,27,1,none,0.0,62,250,30,3e-05,-10.0,2026-09-02T20:48:11.808,1024,121.48863,136.59381,-0.00108,0,False
136.62038,136.60736,136.57482,136.57434,9,Bo27_009.fits,Bo,27,1,none,0.0,62,250,30,3e-05,-10.0,2026-09-02T20:48:12.132,1024,121.49403,136.59422,-0.00067,0,False
136.61702,136.61024,136.57382,136.5851,10,Bo27_010.fits,Bo,27,1,none,0.0,62,250,30,3e-05,-10.0,2026-09-02T20:48:12.454,1024,121.4994,136.59655,0.00165,0,False
136.60908,136.61137,136.57534,136.57388,11,Bo27_011.fits,Bo,27,1,none,0.0,62,250,30,3e-05,-10.0,2026-09-02T20:48:12.777,1024,121.50478,136.59242,-0.00248,0,False
136.62397,136.61769,136.58458,136.59211,12,Bo27_012.fits,Bo,27,1,none,0.0,62,250,30,3e-05,-10.0,2026-09-02T20:48:13.106,1024,121.51027,136.60459,0.00969,0,False
136.62112,136.61742,136.58298,136.58048,13,Bo27_013.fits,Bo,27,1,none,0.0,62,250,30,3e-05,-10.0,2026-09-02T20:48:13.444,1024,121.5159,136.6005,0.0056,0,False
136.6122,136.61168,136.57374,136.58587,14,Bo27_014.fits,Bo,27,1,none,0.0,62,250,30,3e-05,-10.0,2026-09-02T20:48:13.766,1024,121.52127,136.59587,0.00098,0,False
136.60744,136.59888,136.56576,136.57175,15,Bo27_015.fits,Bo,27,1,none,0.0,62,250,30,3e-05,-10.0,2026-09-02T20:48:14.085,1024,121.52658,136.58596,-0.00894,0,False
136.61366,136.60493,136.57251,136.57369,16,Bo27_016.fits,Bo,27,1,none,0.0,62,250,30,3e-05,-10.0,2026-09-02T20:48:14.435,1024,121.53242,136.5912,-0.0037,0,False
136.60318,136.6041,136.57154,136.57394,17,Bo27_017.fits,Bo,27,1,none,0.0,62,250,30,3e-05,-10.0,2026-09-02T20:48:14.757,1024,121.53778,136.58819,-0.0067,0,False
136.60757,136.61087,136.57696,136.57512,18,Bo27_018.fits,Bo,27,1,none,0.0,62,250,30,3e-05,-10.0,2026-09-02T20:48:15.083,1024,121.54322,136.59263,-0.00227,0,False
136.59821,136.59822,136.56572,136.56545,19,Bo27_019.fits,Bo,27,1,none,0.0,62,250,30,3e-05,-10.0,2026-09-02T20:48:15.406,1024,121.5486,136.5819,-0.01299,0,False
76.61042,76.60884,76.5723,76.56953,0,Bo28_000.fits,Bo,28,2,none,0.0,62,250,15,3e-05,-10.0,2026-09-02T20:48:15.948,1024,121.55763,76.59027,-0.01959,0,False
76.61044,76.60799,76.57255,76.57451,1,Bo28_001.fits,Bo,28,2,none,0.0,62,250,15,3e-05,-10.0,2026-09-02T20:48:16.277,1024,121.56312,76.59137,-0.01849,0,False
76.61118,76.60715,76.57436,76.57396,2,Bo28_002.fits,Bo,28,2,none,0.0,62,250,15,3e-05,-10.0,2026-09-02T20:48:16.603,1024,121.56855,76.59166,-0.0182,0,False
76.6146,76.6134,76.57706,76.58733,3,Bo28_003.fits,Bo,28,2,none,0.0,62,250,15,3e-05,-10.0,2026-09-02T20:48:16.925,1024,121.57392,76.5981,-0.01176,0,False
76.61418,76.61155,76.57631,76.58211,4,Bo28_004.fits,Bo,28,2,none,0.0,62,250,15,3e-05,-10.0,2026-09-02T20:48:17.339,1024,121.58082,76.59604,-0.01382,0,False
76.61846,76.62216,76.58687,76.58403,5,Bo28_005.fits,Bo,28,2,none,0.0,62,250,15,3e-05,-10.0,2026-09-02T20:48:17.664,1024,121.58623,76.60288,-0.00698,0,False
76.60312,76.60046,76.56775,76.57315,6,Bo28_006.fits,Bo,28,2,none,0.0,62,250,15,3e-05,-10.0,2026-09-02T20:48:17.987,1024,121.59162,76.58612,-0.02374,0,False
76.61092,76.60735,76.57901,76.57349,7,Bo28_007.fits,Bo,28,2,none,0.0,62,250,15,3e-05,-10.0,2026-09-02T20:48:18.306,1024,121.59693,76.59269,-0.01717,0,False
76.61042,76.61089,76.57341,76.57624,8,Bo28_008.fits,Bo,28,2,none,0.0,62,250,15,3e-05,-10.0,2026-09-02T20:48:18.650,1024,121.60267,76.59274,-0.01712,0,False
76.61551,76.61558,76.5837,76.58797,9,Bo28_009.fits,Bo,28,2,none,0.0,62,250,15,3e-05,-10.0,2026-09-02T20:48:18.972,1024,121.60803,76.60069,-0.00917,0,False
76.60736,76.6121,76.57103,76.57804,10,Bo28_010.fits,Bo,28,2,none,0.0,62,250,15,3e-05,-10.0,2026-09-02T20:48:19.295,1024,121.61342,76.59213,-0.01773,0,False
76.61644,76.60925,76.57072,76.58435,11,Bo28_011.fits,Bo,28,2,none,0.0,62,250,15,3e-05,-10.0,2026-09-02T20:48:19.622,1024,121.61887,76.59519,-0.01467,0,False
76.61185,76.60938,76.57354,76.57731,12,Bo28_012.fits,Bo,28,2,none,0.0,62,250,15,3e-05,-10.0,2026-09-02T20:48:19.965,1024,121.62458,76.59302,-0.01684,0,False
76.61892,76.61494,76.57253,76.58455,13,Bo28_013.fits,Bo,28,2,none,0.0,62,250,15,3e-05,-10.0,2026-09-02T20:48:20.291,1024,121.63002,76.59774,-0.01213,0,False
76.59935,76.60281,76.562,76.57446,14,Bo28_014.fits,Bo,28,2,none,0.0,62,250,15,3e-05,-10.0,2026-09-02T20:48:20.618,1024,121.63547,76.58466,-0.02521,0,False
76.61535,76.60881,76.58148,76.58382,15,Bo28_015.fits,Bo,28,2,none,0.0,62,250,15,3e-05,-10.0,2026-09-02T20:48:20.941,1024,121.64085,76.59736,-0.0125,0,False
76.61092,76.61409,76.58391,76.57691,16,Bo28_016.fits,Bo,28,2,none,0.0,62,250,15,3e-05,-10.0,2026-09-02T20:48:21.266,1024,121.64627,76.59646,-0.01341,0,False
76.60751,76.61709,76.58256,76.58504,17,Bo28_017.fits,Bo,28,2,none,0.0,62,250,15,3e-05,-10.0,2026-09-02T20:48:21.592,1024,121.6517,76.59805,-0.01181,0,False
76.60996,76.60835,76.57514,76.57965,18,Bo28_018.fits,Bo,28,2,none,0.0,62,250,15,3e-05,-10.0,2026-09-02T20:48:21.915,1024,121.65708,76.59328,-0.01659,0,False
76.60856,76.60917,76.5718,76.5745,19,Bo28_019.fits,Bo,28,2,none,0.0,62,250,15,3e-05,-10.0,2026-09-02T20:48:22.244,1024,121.66257,76.59101,-0.01885,0,False
256.62058,256.60708,256.57051,256.58299,0,Bo29_000.fits,Bo,29,2,none,0.0,62,250,60,3e-05,-10.0,2026-09-02T20:48:22.793,1024,121.67172,256.59529,-0.00068,0,False
256.6197,256.61003,256.58372,256.58602,1,Bo29_001.fits,Bo,29,2,none,0.0,62,250,60,3e-05,-10.0,2026-09-02T20:48:23.124,1024,121.67723,256.59987,0.0039,0,False
256.61847,256.61573,256.57905,256.58015,2,Bo29_002.fits,Bo,29,2,none,0.0,62,250,60,3e-05,-10.0,2026-09-02T20:48:23.449,1024,121.68265,256.59835,0.00238,0,False
256.62503,256.61589,256.58391,256.59261,3,Bo29_003.fits,Bo,29,2,none,0.0,62,250,60,3e-05,-10.0,2026-09-02T20:48:23.776,1024,121.6881,256.60436,0.00839,0,False
256.61858,256.61713,256.58504,256.57923,4,Bo29_004.fits,Bo,29,2,none,0.0,62,250,60,3e-05,-10.0,2026-09-02T20:48:24.099,1024,121.69348,256.59999,0.00403,0,False
256.60568,256.61104,256.57514,256.57994,5,Bo29_005.fits,Bo,29,2,none,0.0,62,250,60,3e-05,-10.0,2026-09-02T20:48:24.424,1024,121.6989,256.59295,-0.00302,0,False
256.6189,256.60843,256.57121,256.58273,6,Bo29_006.fits,Bo,29,2,none,0.0,62,250,60,3e-05,-10.0,2026-09-02T20:48:24.749,1024,121.70432,256.59532,-0.00065,0,False
256.60929,256.61154,256.57401,256.58958,7,Bo29_007.fits,Bo,29,2,none,0.0,62,250,60,3e-05,-10.0,2026-09-02T20:48:25.071,1024,121.70968,256.59611,0.00014,0,False
256.61872,256.61205,256.57885,256.5863,8,Bo29_008.fits,Bo,29,2,none,0.0,62,250,60,3e-05,-10.0,2026-09-02T20:48:25.392,1024,121.71503,256.59898,0.00301,0,False
256.61321,256.60941,256.5769,256.58122,9,Bo29_009.fits,Bo,29,2,none,0.0,62,250,60,3e-05,-10.0,2026-09-02T20:48:25.722,1024,121.72053,256.59519,-0.00078,0,False
256.61255,256.61398,256.57796,256.57685,10,Bo29_010.fits,Bo,29,2,none,0.0,62,250,60,3e-05,-10.0,2026-09-02T20:48:26.042,1024,121.72587,256.59534,-0.00063,0,False
256.61472,256.61441,256.57516,256.58018,11,Bo29_011.fits,Bo,29,2,none,0.0,62,250,60,3e-05,-10.0,2026-09-02T20:48:26.372,1024,121.73137,256.59612,0.00015,0,False
256.62027,256.61133,256.58084,256.5824,12,Bo29_012.fits,Bo,29,2,none,0.0,62,250,60,3e-05,-10.0,2026-09-02T20:48:26.694,1024,121.73673,256.59871,0.00274,0,False
256.60644,256.6038,256.56485,256.57993,13,Bo29_013.fits,Bo,29,2,none,0.0,62,250,60,3e-05,-10.0,2026-09-02T20:48:27.017,1024,121.74212,256.58875,-0.00721,0,False
256.60794,256.60582,256.57012,256.57013,14,Bo29_014.fits,Bo,29,2,none,0.0,62,250,60,3e-05,-10.0,2026-09-02T20:48:27.342,1024,121.74753,256.5885,-0.00746,0,False
256.61386,256.61298,256.57312,256.57998,15,Bo29_015.fits,Bo,29,2,none,0.0,62,250,60,3e-05,-10.0,2026-09-02T20:48:27.669,1024,121.75298,256.59498,-0.00099,0,False
256.6063,256.60047,256.56851,256.57449,16,Bo29_016.fits,Bo,29,2,none,0.0,62,250,60,3e-05,-10.0,2026-09-02T20:48:27.995,1024,121.75842,256.58744,-0.00852,0,False
256.61069,256.60872,256.57409,256.57219,17,Bo29_017.fits,Bo,29,2,none,0.0,62,250,60,3e-05,-10.0,2026-09-02T20:48:28.314,1024,121.76373,256.59142,-0.00454,0,False
256.60677,256.60471,256.5623,256.5695,18,Bo29_018.fits,Bo,29,2,none,0.0,62,250,60,3e-05,-10.0,2026-09-02T20:48:28.637,1024,121.76912,256.58582,-0.01015,0,False
256.6234,256.61423,256.57996,256.58451,19,Bo29_019.fits,Bo,29,2,none,0.0,62,250,60,3e-05,-10.0,2026-09-02T20:48:28.961,1024,121.77452,256.60053,0.00456,0,False
136.6142,136.61211,136.57445,136.57912,0,Bo30_000.fits,Bo,30,2,none,0.0,62,250,30,3e-05,-10.0,2026-09-02T20:48:29.499,1024,121.78348,136.59497,8e-05,0,False
136.61008,136.60696,136.56809,136.57271,1,Bo30_001.fits,Bo,30,2,none,0.0,62,250,30,3e-05,-10.0,2026-09-02T20:48:29.832,1024,121.78903,136.58946,-0.00543,0,False
136.61752,136.61074,136.57511,136.57589,2,Bo30_002.fits,Bo,30,2,none,0.0,62,250,30,3e-05,-10.0,2026-09-02T20:48:30.154,1024,121.7944,136.59482,-8e-05,0,False
136.61429,136.61177,136.57768,136.58204,3,Bo30_003.fits,Bo,30,2,none,0.0,62,250,30,3e-05,-10.0,2026-09-02T20:48:30.477,1024,121.79978,136.59645,0.00155,0,False
136.61157,136.61948,136.58181,136.58455,4,Bo30_004.fits,Bo,30,2,none,0.0,62,250,30,3e-05,-10.0,2026-09-02T20:48:30.800,1024,121.80517,136.59935,0.00446,0,False
136.6172,136.61276,136.57595,136.58218,5,Bo30_005.fits,Bo,30,2,none,0.0,62,250,30,3e-05,-10.0,2026-09-02T20:48:31.125,1024,121.81058,136.59702,0.00213,0,False
136.6235,136.61796,136.57634,136.58479,6,Bo30_006.fits,Bo,30,2,none,0.0,62,250,30,3e-05,-10.0,2026-09-02T20:48:31.447,1024,121.81595,136.60065,0.00575,0,False
136.6092,136.60641,136.57679,136.58532,7,Bo30_007.fits,Bo,30,2,none,0.0,62,250,30,3e-05,-10.0,2026-09-02T20:48:31.771,1024,121.82135,136.59443,-0.00046,0,False
136.62133,136.61697,136.58725,136.58714,8,Bo30_008.fits,Bo,30,2,none,0.0,62,250,30,3e-05,-10.0,2026-09-02T20:48:32.104,1024,121.8269,136.60317,0.00828,0,False
136.62605,136.62593,136.58824,136.59376,9,Bo30_009.fits,Bo,30,2,none,0.0,62,250,30,3e-05,-10.0,2026-09-02T20:48:32.427,1024,121.83228,136.60849,0.0136,0,False
136.6196,136.61818,136.57928,136.58278,10,Bo30_010.fits,Bo,30,2,none,0.0,62,250,30,3e-05,-10.0,2026-09-02T20:48:32.752,1024,121.8377,136.59996,0.00506,0,False
136.61086,136.60581,136.57711,136.5765,11,Bo30_011.fits,Bo,30,2,none,0.0,62,250,30,3e-05,-10.0,2026-09-02T20:48:33.079,1024,121.84315,136.59257,-0.00232,0,False
136.60578,136.60889,136.56766,136.57188,12,Bo30_012.fits,Bo,30,2,none,0.0,62,250,30,3e-05,-10.0,2026-09-02T20:48:33.407,1024,121.84862,136.58855,-0.00634,0,False
136.61878,136.61752,136.57701,136.58351,13,Bo30_013.fits,Bo,30,2,none,0.0,62,250,30,3e-05,-10.0,2026-09-02T20:48:33.729,1024,121.85398,136.59921,0.00431,0,False
136.61376,136.61,136.57885,136.57919,14,Bo30_014.fits,Bo,30,2,none,0.0,62,250,30,3e-05,-10.0,2026-09-02T20:48:34.055,1024,121.85942,136.59545,0.00056,0,False
136.61729,136.61433,136.57707,136.58659,15,Bo30_015.fits,Bo,30,2,none,0.0,62,250,30,3e-05,-10.0,2026-09-02T20:48:34.382,1024,121.86487,136.59882,0.00393,0,False
136.61162,136.61135,136.57391,136.57649,16,Bo30_016.fits,Bo,30,2,none,0.0,62,250,30,3e-05,-10.0,2026-09-02T20:48:34.706,1024,121.87027,136.59334,-0.00155,0,False
136.60841,136.60657,136.57307,136.58228,17,Bo30_017.fits,Bo,30,2,none,0.0,62,250,30,3e-05,-10.0,2026-09-02T20:48:35.030,1024,121.87567,136.59258,-0.00231,0,False
136.60435,136.60545,136.57143,136.58234,18,Bo30_018.fits,Bo,30,2,none,0.0,62,250,30,3e-05,-10.0,2026-09-02T20:48:35.349,1024,121.88098,136.59089,-0.004,0,False
136.6042,136.6001,136.56402,136.572,19,Bo30_019.fits,Bo,30,2,none,0.0,62,250,30,3e-05,-10.0,2026-09-02T20:48:35.676,1024,121.88643,136.58508,-0.00981,0,False
76.60187,76.61074,76.57362,76.57525,0,Cs30_000_pre.fits,Cs,30,-1,pre,0.0,62,250,15,3e-05,-10.0,2026-09-02T20:48:36.243,1024,121.89588,76.59037,-0.01949,0,False
76.61932,76.60938,76.57624,76.58431,0,Cs30_000_post.fits,Cs,30,-1,post,0.0,62,250,15,3e-05,-10.0,2026-09-02T20:48:36.600,1024,121.90183,76.59731,-0.01255,0,False
76.61658,76.60624,76.58355,76.58474,1,Cs30_001_pre.fits,Cs,30,-1,pre,0.0,62,250,15,3e-05,-10.0,2026-09-02T20:48:36.922,1024,121.9072,76.59778,-0.01208,0,False
76.61665,76.61199,76.57705,76.58246,1,Cs30_001_post.fits,Cs,30,-1,post,0.0,62,250,15,3e-05,-10.0,2026-09-02T20:48:37.253,1024,121.91272,76.59704,-0.01283,0,False
76.62125,76.61933,76.5846,76.59254,2,Cs30_002_pre.fits,Cs,30,-1,pre,0.0,62,250,15,3e-05,-10.0,2026-09-02T20:48:37.579,1024,121.91815,76.60443,-0.00543,0,False
76.61238,76.6097,76.57972,76.58346,2,Cs30_002_post.fits,Cs,30,-1,post,0.0,62,250,15,3e-05,-10.0,2026-09-02T20:48:37.910,1024,121.92367,76.59632,-0.01355,0,False
76.61054,76.61547,76.57524,76.57575,3,Cs30_003_pre.fits,Cs,30,-1,pre,0.0,62,250,15,3e-05,-10.0,2026-09-02T20:48:38.237,1024,121.92912,76.59425,-0.01561,0,False
76.6222,76.60727,76.57151,76.5829,3,Cs30_003_post.fits,Cs,30,-1,post,0.0,62,250,15,3e-05,-10.0,2026-09-02T20:48:38.578,1024,121.9348,76.59597,-0.01389,0,False
76.60746,76.60727,76.57824,76.58903,4,Cs30_004_pre.fits,Cs,30,-1,pre,0.0,62,250,15,3e-05,-10.0,2026-09-02T20:48:38.908,1024,121.9403,76.5955,-0.01436,0,False
76.61147,76.60705,76.57359,76.57805,4,Cs30_004_post.fits,Cs,30,-1,post,0.0,62,250,15,3e-05,-10.0,2026-09-02T20:48:39.242,1024,121.94587,76.59254,-0.01732,0,False
76.61717,76.60862,76.57869,76.58225,5,Cs30_005_pre.fits,Cs,30,-1,pre,0.0,62,250,15,3e-05,-10.0,2026-09-02T20:48:39.570,1024,121.95133,76.59668,-0.01318,0,False
76.61309,76.61465,76.58228,76.59632,5,Cs30_005_post.fits,Cs,30,-1,post,0.0,62,250,15,3e-05,-10.0,2026-09-02T20:48:39.911,1024,121.95702,76.60159,-0.00828,0,False
76.61792,76.61006,76.57972,76.58469,6,Cs30_006_pre.fits,Cs,30,-1,pre,0.0,62,250,15,3e-05,-10.0,2026-09-02T20:48:40.242,1024,121.96253,76.5981,-0.01177,0,False
76.61006,76.61003,76.57048,76.57568,6,Cs30_006_post.fits,Cs,30,-1,post,0.0,62,250,15,3e-05,-10.0,2026-09-02T20:48:40.589,1024,121.96832,76.59156,-0.0183,0,False
76.60322,76.60132,76.56375,76.57853,7,Cs30_007_pre.fits,Cs,30,-1,pre,0.0,62,250,15,3e-05,-10.0,2026-09-02T20:48:40.913,1024,121.97372,76.5867,-0.02316,0,False
76.60817,76.6052,76.57459,76.57475,7,Cs30_007_post.fits,Cs,30,-1,post,0.0,62,250,15,3e-05,-10.0,2026-09-02T20:48:41.247,1024,121.97928,76.59068,-0.01919,0,False
76.61403,76.61243,76.58294,76.58573,8,Cs30_008_pre.fits,Cs,30,-1,pre,0.0,62,250,15,3e-05,-10.0,2026-09-02T20:48:41.574,1024,121.98473,76.59878,-0.01108,0,False
76.61201,76.60408,76.57457,76.57652,8,Cs30_008_post.fits,Cs,30,-1,post,0.0,62,250,15,3e-05,-10.0,2026-09-02T20:48:41.919,1024,121.99048,76.59179,-0.01807,0,False
76.61522,76.617,76.57846,76.58178,9,Cs30_009_pre.fits,Cs,30,-1,pre,0.0,62,250,15,3e-05,-10.0,2026-09-02T20:48:42.245,1024,121.99592,76.59811,-0.01175,0,False
76.61826,76.62467,76.58746,76.59142,9,Cs30_009_post.fits,Cs,30,-1,post,0.0,62,250,15,3e-05,-10.0,2026-09-02T20:48:42.574,1024,122.0014,76.60545,-0.00441,0,False
76.61939,76.61214,76.57458,76.58147,10,Cs30_010_pre.fits,Cs,30,-1,pre,0.0,62,250,15,3e-05,-10.0,2026-09-02T20:48:42.902,1024,122.00687,76.5969,-0.01297,0,False
76.62938,76.60776,76.58094,76.59077,10,Cs30_010_post.fits,Cs,30,-1,post,0.0,62,250,15,3e-05,-10.0,2026-09-02T20:48:43.239,1024,122.01248,76.60221,-0.00765,0,False
76.61266,76.60734,76.57545,76.58633,11,Cs30_011_pre.fits,Cs,30,-1,pre,0.0,62,250,15,3e-05,-10.0,2026-09-02T20:48:43.574,1024,122.01807,76.59544,-0.01442,0,False
76.61908,76.6109,76.58579,76.58551,11,Cs30_011_post.fits,Cs,30,-1,post,0.0,62,250,15,3e-05,-10.0,2026-09-02T20:48:43.911,1024,122.02368,76.60032,-0.00954,0,False
76.62154,76.60747,76.57349,76.58229,12,Cs30_012_pre.fits,Cs,30,-1,pre,0.0,62,250,15,3e-05,-10.0,2026-09-02T20:48:44.237,1024,122.02912,76.5962,-0.01366,0,False
76.61551,76.61318,76.5803,76.58239,12,Cs30_012_post.fits,Cs,30,-1,post,0.0,62,250,15,3e-05,-10.0,2026-09-02T20:48:44.569,1024,122.03465,76.59784,-0.01202,0,False
76.60809,76.60576,76.57318,76.57349,13,Cs30_013_pre.fits,Cs,30,-1,pre,0.0,62,250,15,3e-05,-10.0,2026-09-02T20:48:44.900,1024,122.04017,76.59013,-0.01973,0,False
76.60622,76.60015,76.57655,76.58049,13,Cs30_013_post.fits,Cs,30,-1,post,0.0,62,250,15,3e-05,-10.0,2026-09-02T20:48:45.233,1024,122.04572,76.59085,-0.01901,0,False
76.60582,76.60421,76.57324,76.57815,14,Cs30_014_pre.fits,Cs,30,-1,pre,0.0,62,250,15,3e-05,-10.0,2026-09-02T20:48:45.592,1024,122.0517,76.59035,-0.01951,0,False
76.61318,76.61222,76.58237,76.59296,14,Cs30_014_post.fits,Cs,30,-1,post,0.0,62,250,15,3e-05,-10.0,2026-09-02T20:48:45.953,1024,122.05772,76.60019,-0.00968,0,False
76.61557,76.61457,76.57869,76.58148,15,Cs30_015_pre.fits,Cs,30,-1,pre,0.0,62,250,15,3e-05,-10.0,2026-09-02T20:48:46.280,1024,122.06317,76.59758,-0.01229,0,False
76.614,76.61703,76.58198,76.58831,15,Cs30_015_post.fits,Cs,30,-1,post,0.0,62,250,15,3e-05,-10.0,2026-09-02T20:48:46.611,1024,122.06868,76.60033,-0.00953,0,False
76.6137,76.60494,76.57213,76.57767,16,Cs30_016_pre.fits,Cs,30,-1,pre,0.0,62,250,15,3e-05,-10.0,2026-09-02T20:48:46.961,1024,122.07452,76.59211,-0.01775,0,False
76.60432,76.60378,76.56684,76.57531,16,Cs30_016_post.fits,Cs,30,-1,post,0.0,62,250,15,3e-05,-10.0,2026-09-02T20:48:47.291,1024,122.08002,76.58756,-0.0223,0,False
76.62125,76.60817,76.58488,76.58926,17,Cs30_017_pre.fits,Cs,30,-1,pre,0.0,62,250,15,3e-05,-10.0,2026-09-02T20:48:47.618,1024,122.08547,76.60089,-0.00897,0,False
76.60639,76.59431,76.56725,76.57497,17,Cs30_017_post.fits,Cs,30,-1,post,0.0,62,250,15,3e-05,-10.0,2026-09-02T20:48:47.956,1024,122.0911,76.58573,-0.02413,0,False
76.60393,76.60184,76.56812,76.57092,18,Cs30_018_pre.fits,Cs,30,-1,pre,0.0,62,250,15,3e-05,-10.0,2026-09-02T20:48:48.280,1024,122.0965,76.5862,-0.02366,0,False
76.60405,76.60006,76.5677,76.56968,18,Cs30_018_post.fits,Cs,30,-1,post,0.0,62,250,15,3e-05,-10.0,2026-09-02T20:48:48.613,1024,122.10205,76.58537,-0.02449,0,False
76.61434,76.61232,76.58846,76.5841,19,Cs30_019_pre.fits,Cs,30,-1,pre,0.0,62,250,15,3e-05,-10.0,2026-09-02T20:48:48.939,1024,122.10748,76.5998,-0.01006,0,False
76.62214,76.61939,76.57795,76.58072,19,Cs30_019_post.fits,Cs,30,-1,post,0.0,62,250,15,3e-05,-10.0,2026-09-02T20:48:49.276,1024,122.1131,76.60005,-0.00981,0,False
76.61178,76.61098,76.5805,76.57891,20,Cs30_020_pre.fits,Cs,30,-1,pre,0.0,62,250,15,3e-05,-10.0,2026-09-02T20:48:49.599,1024,122.11848,76.59554,-0.01432,0,False
76.60639,76.61338,76.57584,76.58605,20,Cs30_020_post.fits,Cs,30,-1,post,0.0,62,250,15,3e-05,-10.0,2026-09-02T20:48:49.930,1024,122.124,76.59542,-0.01445,0,False
76.613,76.60992,76.57566,76.57532,21,Cs30_021_pre.fits,Cs,30,-1,pre,0.0,62,250,15,3e-05,-10.0,2026-09-02T20:48:50.280,1024,122.12983,76.59348,-0.01639,0,False
76.62104,76.61891,76.58224,76.59081,21,Cs30_021_post.fits,Cs,30,-1,post,0.0,62,250,15,3e-05,-10.0,2026-09-02T20:48:50.613,1024,122.13538,76.60325,-0.00661,0,False
76.61634,76.61081,76.58063,76.57975,22,Cs30_022_pre.fits,Cs,30,-1,pre,0.0,62,250,15,3e-05,-10.0,2026-09-02T20:48:50.961,1024,122.14118,76.59688,-0.01298,0,False
76.61683,76.6142,76.58254,76.58895,22,Cs30_022_post.fits,Cs,30,-1,post,0.0,62,250,15,3e-05,-10.0,2026-09-02T20:48:51.291,1024,122.14668,76.60063,-0.00923,0,False
76.61171,76.60686,76.57963,76.57421,23,Cs30_023_pre.fits,Cs,30,-1,pre,0.0,62,250,15,3e-05,-10.0,2026-09-02T20:48:51.614,1024,122.15207,76.5931,-0.01676,0,False
76.62777,76.6268,76.59096,76.5938,23,Cs30_023_post.fits,Cs,30,-1,post,0.0,62,250,15,3e-05,-10.0,2026-09-02T20:48:51.948,1024,122.15763,76.60983,-3e-05,0,False
76.61438,76.61182,76.57547,76.58506,24,Cs30_024_pre.fits,Cs,30,-1,pre,0.0,62,250,15,3e-05,-10.0,2026-09-02T20:48:52.270,1024,122.163,76.59668,-0.01318,0,False
76.60725,76.60626,76.58004,76.57782,24,Cs30_024_post.fits,Cs,30,-1,post,0.0,62,250,15,3e-05,-10.0,2026-09-02T20:48:52.601,1024,122.16852,76.59284,-0.01702,0,False
76.6137,76.61626,76.57647,76.57941,25,Cs30_025_pre.fits,Cs,30,-1,pre,0.0,62,250,15,3e-05,-10.0,2026-09-02T20:48:52.927,1024,122.17395,76.59646,-0.0134,0,False
76.61094,76.60812,76.56967,76.57886,25,Cs30_025_post.fits,Cs,30,-1,post,0.0,62,250,15,3e-05,-10.0,2026-09-02T20:48:53.258,1024,122.17947,76.5919,-0.01796,0,False
76.60574,76.59626,76.57308,76.56576,26,Cs30_026_pre.fits,Cs,30,-1,pre,0.0,62,250,15,3e-05,-10.0,2026-09-02T20:48:53.581,1024,122.18485,76.58521,-0.02465,0,False
76.61178,76.60939,76.57661,76.57842,26,Cs30_026_post.fits,Cs,30,-1,post,0.0,62,250,15,3e-05,-10.0,2026-09-02T20:48:53.912,1024,122.19037,76.59405,-0.01581,0,False
76.61298,76.61209,76.57671,76.57447,27,Cs30_027_pre.fits,Cs,30,-1,pre,0.0,62,250,15,3e-05,-10.0,2026-09-02T20:48:54.231,1024,122.19568,76.59406,-0.0158,0,False
76.62878,76.62431,76.59163,76.59631,27,Cs30_027_post.fits,Cs,30,-1,post,0.0,62,250,15,3e-05,-10.0,2026-09-02T20:48:54.560,1024,122.20117,76.61026,0.0004,0,False
76.61553,76.60227,76.57374,76.57817,28,Cs30_028_pre.fits,Cs,30,-1,pre,0.0,62,250,15,3e-05,-10.0,2026-09-02T20:48:54.890,1024,122.20667,76.59243,-0.01743,0,False
76.61316,76.61199,76.57846,76.58278,28,Cs30_028_post.fits,Cs,30,-1,post,0.0,62,250,15,3e-05,-10.0,2026-09-02T20:48:55.219,1024,122.21215,76.5966,-0.01326,0,False
76.61983,76.61926,76.58849,76.58813,29,Cs30_029_pre.fits,Cs,30,-1,pre,0.0,62,250,15,3e-05,-10.0,2026-09-02T20:48:55.537,1024,122.21745,76.60393,-0.00593,0,False
76.61414,76.61277,76.57747,76.57769,29,Cs30_029_post.fits,Cs,30,-1,post,0.0,62,250,15,3e-05,-10.0,2026-09-02T20:48:55.871,1024,122.22302,76.59551,-0.01435,0,False
76.60858,76.6097,76.57323,76.58289,30,Cs30_030_pre.fits,Cs,30,-1,pre,0.0,62,250,15,3e-05,-10.0,2026-09-02T20:48:56.198,1024,122.22847,76.5936,-0.01626,0,False
76.61788,76.61536,76.58703,76.59782,30,Cs30_030_post.fits,Cs,30,-1,post,0.0,62,250,15,3e-05,-10.0,2026-09-02T20:48:56.530,1024,122.234,76.60452,-0.00534,0,False
76.61599,76.61368,76.58179,76.5889,31,Cs30_031_pre.fits,Cs,30,-1,pre,0.0,62,250,15,3e-05,-10.0,2026-09-02T20:48:56.853,1024,122.23938,76.60009,-0.00977,0,False
76.62125,76.61533,76.58146,76.5895,31,Cs30_031_post.fits,Cs,30,-1,post,0.0,62,250,15,3e-05,-10.0,2026-09-02T20:48:57.190,1024,122.245,76.60188,-0.00798,0,False
76.61782,76.61768,76.57553,76.58217,32,Cs30_032_pre.fits,Cs,30,-1,pre,0.0,62,250,15,3e-05,-10.0,2026-09-02T20:48:57.513,1024,122.25038,76.5983,-0.01156,0,False
76.60491,76.60627,76.56683,76.57234,32,Cs30_032_post.fits,Cs,30,-1,post,0.0,62,250,15,3e-05,-10.0,2026-09-02T20:48:57.842,1024,122.25587,76.58759,-0.02227,0,False
76.61791,76.62446,76.58794,76.59084,33,Cs30_033_pre.fits,Cs,30,-1,pre,0.0,62,250,15,3e-05,-10.0,2026-09-02T20:48:58.165,1024,122.26125,76.60529,-0.00457,0,False
76.61228,76.60725,76.57135,76.57793,33,Cs30_033_post.fits,Cs,30,-1,post,0.0,62,250,15,3e-05,-10.0,2026-09-02T20:48:58.498,1024,122.2668,76.5922,-0.01766,0,False
76.61539,76.60817,76.58097,76.58191,34,Cs30_034_pre.fits,Cs,30,-1,pre,0.0,62,250,15,3e-05,-10.0,2026-09-02T20:48:58.817,1024,122.27212,76.59661,-0.01325,0,False
76.6098,76.61396,76.58063,76.58663,34,Cs30_034_post.fits,Cs,30,-1,post,0.0,62,250,15,3e-05,-10.0,2026-09-02T20:48:59.148,1024,122.27763,76.59776,-0.01211,0,False
76.61736,76.609,76.5775,76.57676,35,Cs30_035_pre.fits,Cs,30,-1,pre,0.0,62,250,15,3e-05,-10.0,2026-09-02T20:48:59.469,1024,122.28298,76.59516,-0.01471,0,False
76.62503,76.61537,76.58228,76.59499,35,Cs30_035_post.fits,Cs,30,-1,post,0.0,62,250,15,3e-05,-10.0,2026-09-02T20:48:59.816,1024,122.28877,76.60442,-0.00545,0,False
76.61625,76.60098,76.57479,76.5812,36,Cs30_036_pre.fits,Cs,30,-1,pre,0.0,62,250,15,3e-05,-10.0,2026-09-02T20:49:00.140,1024,122.29417,76.59331,-0.01656,0,False
76.62249,76.61177,76.57667,76.58395,36,Cs30_036_post.fits,Cs,30,-1,post,0.0,62,250,15,3e-05,-10.0,2026-09-02T20:49:00.469,1024,122.29965,76.59872,-0.01114,0,False
76.61938,76.61405,76.57928,76.5858,37,Cs30_037_pre.fits,Cs,30,-1,pre,0.0,62,250,15,3e-05,-10.0,2026-09-02T20:49:00.792,1024,122.30503,76.59963,-0.01023,0,False
76.61241,76.60698,76.56239,76.57962,37,Cs30_037_post.fits,Cs,30,-1,post,0.0,62,250,15,3e-05,-10.0,2026-09-02T20:49:01.121,1024,122.31052,76.59035,-0.01951,0,False
76.62071,76.61627,76.5832,76.58758,38,Cs30_038_pre.fits,Cs,30,-1,pre,0.0,62,250,15,3e-05,-10.0,2026-09-02T20:49:01.445,1024,122.31592,76.60194,-0.00792,0,False
76.62133,76.61414,76.57779,76.58288,38,Cs30_038_post.fits,Cs,30,-1,post,0.0,62,250,15,3e-05,-10.0,2026-09-02T20:49:01.775,1024,122.32142,76.59903,-0.01083,0,False
76.60696,76.60954,76.56935,76.56741,39,Cs30_039_pre.fits,Cs,30,-1,pre,0.0,62,250,15,3e-05,-10.0,2026-09-02T20:49:02.110,1024,122.327,76.58832,-0.02155,0,False
76.62135,76.60739,76.58409,76.58122,39,Cs30_039_post.fits,Cs,30,-1,post,0.0,62,250,15,3e-05,-10.0,2026-09-02T20:49:02.442,1024,122.33253,76.59851,-0.01135,0,False
76.61037,76.61091,76.57198,76.57806,0,Co40_000_pre.fits,Co,40,-1,pre,0.0,62,250,15,3e-05,-10.0,2026-09-02T20:49:02.768,1024,122.33797,76.59283,-0.01703,0,False
76.63737,76.63702,76.60257,76.60338,0,Co40_000_post.fits,Co,40,-1,post,0.0,62,250,15,3e-05,-9.5,2026-09-02T20:53:27.374,1024,126.74807,76.62008,0.01022,0,False
76.64567,76.63453,76.60631,76.60299,1,Co40_001_pre.fits,Co,40,-1,pre,0.0,62,250,15,3e-05,-9.5,2026-09-02T20:53:27.700,1024,126.7535,76.62237,0.01251,0,False
76.64237,76.64168,76.61034,76.61386,1,Co40_001_post.fits,Co,40,-1,post,0.0,61,250,15,3e-05,-9.5,2026-09-02T20:57:52.381,1024,131.16485,76.62706,0.0172,0,False
76.63532,76.63221,76.59995,76.60436,2,Co40_002_pre.fits,Co,40,-1,pre,0.0,62,250,15,3e-05,-9.5,2026-09-02T20:57:52.704,1024,131.17023,76.61796,0.0081,0,False
76.63241,76.63462,76.59935,76.6027,2,Co40_002_post.fits,Co,40,-1,post,0.0,61,250,15,3e-05,-9.5,2026-09-02T21:02:16.386,1024,135.56493,76.61727,0.00741,0,False
76.63811,76.63316,76.60128,76.61004,3,Co40_003_pre.fits,Co,40,-1,pre,0.0,61,250,15,3e-05,-9.5,2026-09-02T21:02:16.711,1024,135.57035,76.62065,0.01079,0,False
76.64898,76.64007,76.6092,76.61449,3,Co40_003_post.fits,Co,40,-1,post,0.0,61,250,15,3e-05,-9.5,2026-09-02T21:06:41.398,1024,139.9818,76.62819,0.01832,0,False
76.64198,76.63153,76.6016,76.60304,4,Co40_004_pre.fits,Co,40,-1,pre,0.0,61,250,15,3e-05,-9.5,2026-09-02T21:06:41.823,1024,139.98888,76.61954,0.00968,0,False
76.63569,76.63021,76.59699,76.60635,4,Co40_004_post.fits,Co,40,-1,post,0.0,61,250,15,3e-05,-9.5,2026-09-02T21:11:06.415,1024,144.39875,76.61731,0.00745,0,False
76.64764,76.64202,76.6119,76.60971,5,Co40_005_pre.fits,Co,40,-1,pre,0.0,61,250,15,3e-05,-9.5,2026-09-02T21:11:06.743,1024,144.40422,76.62782,0.01796,0,False
76.63216,76.62775,76.59221,76.59428,5,Co40_005_post.fits,Co,40,-1,post,0.0,61,250,15,3e-05,-9.5,2026-09-02T21:15:31.459,1024,148.81615,76.6116,0.00174,0,False
76.6266,76.62678,76.58856,76.59655,6,Co40_006_pre.fits,Co,40,-1,pre,0.0,61,250,15,3e-05,-9.5,2026-09-02T21:15:31.778,1024,148.82147,76.60962,-0.00024,0,False
76.64022,76.63201,76.59763,76.60462,6,Co40_006_post.fits,Co,40,-1,post,0.0,61,250,15,3e-05,-9.5,2026-09-02T21:19:56.489,1024,153.23332,76.61862,0.00876,0,False
76.65371,76.64547,76.60641,76.61618,7,Co40_007_pre.fits,Co,40,-1,pre,0.0,61,250,15,3e-05,-9.5,2026-09-02T21:19:56.811,1024,153.23868,76.63044,0.02058,0,False
76.63911,76.63629,76.6041,76.611,7,Co40_007_post.fits,Co,40,-1,post,0.0,61,250,15,3e-05,-9.5,2026-09-02T21:24:21.521,1024,157.65052,76.62263,0.01277,0,False
76.63527,76.63201,76.59671,76.60584,8,Co40_008_pre.fits,Co,40,-1,pre,0.0,61,250,15,3e-05,-9.5,2026-09-02T21:24:21.844,1024,157.6559,76.61746,0.0076,0,False
76.63897,76.63376,76.60443,76.60377,8,Co40_008_post.fits,Co,40,-1,post,0.0,61,250,15,3e-05,-9.5,2026-09-02T21:28:46.602,1024,162.06853,76.62023,0.01037,0,False
76.63921,76.63358,76.60165,76.60872,9,Co40_009_pre.fits,Co,40,-1,pre,0.0,61,250,15,3e-05,-9.5,2026-09-02T21:28:46.925,1024,162.07392,76.62079,0.01093,0,False
76.64274,76.63322,76.59794,76.61048,9,Co40_009_post.fits,Co,40,-1,post,0.0,61,250,15,3e-05,-9.5,2026-09-02T21:33:11.637,1024,166.48578,76.6211,0.01123,0,False
