file,gain,exptime,offset,set_temp,ccd_temp,date_obs,rotator,focuspos,object,t,cell,minutes,flipped,temp_off,temp_flag,sky_mode_R,sky_mean_R,sky_med_R,sky_clip_R,sky_p999_R,sky_mode_G1,sky_mean_G1,sky_med_G1,sky_clip_G1,sky_p999_G1,sky_mode_G2,sky_mean_G2,sky_med_G2,sky_clip_G2,sky_p999_G2,sky_mode_B,sky_mean_B,sky_med_B,sky_clip_B,sky_p999_B,sig_mean_R,sig_med_R,sig_clip_R,sig_p999_R,sig_mean_G1,sig_med_G1,sig_clip_G1,sig_p999_G1,sig_mean_G2,sig_med_G2,sig_clip_G2,sig_p999_G2,sig_mean_B,sig_med_B,sig_clip_B,sig_p999_B,sky_mode_green,sky_dev,rejected,reject_reason,F_sky_R,F_sky_err_R,F_sky_G1,F_sky_err_G1,F_sky_G2,F_sky_err_G2,F_sky_B,F_sky_err_B,F_sky_green
Light_NGC 7000_120.0s_Bin1_20260905-231856_181deg_0004.fit,50,120.0,15,-20.0,-20.0,2026-09-05T21:16:55.422942,181.0,6829,NGC 7000,2026-09-05 21:16:55.422942,B,26.87135591666667,False,0.0,False,108.89772727272727,114.07463073730469,110.0,0.0001068115234375,647.8600000000151,110.03117206982543,114.56962585449219,111.0,9.1552734375e-05,637.7200000000303,110.02813852813853,114.56303405761719,111.0,9.1552734375e-05,585.4650000000038,91.33714075165807,94.0264892578125,92.0,3.0517578125e-05,372.93000000000757,116.18919372558594,112.0,0.000194549560546875,752.5700000001816,116.33798599243164,113.0,0.000179290771484375,697.5710000000545,116.36542510986328,113.0,0.00018310546875,719.5710000000545,95.50333786010742,93.0,0.000141143798828125,473.5710000000545,110.02965529898198,0.7804205869848806,False,,1.9873654817555269,0.04512356666666666,2.0280439847077947,0.044891883333333334,2.0236092015926257,0.044796724999999996,1.1956060809399702,0.04514761666666667,2.02582659315021
Light_NGC 7000_30.0s_Bin1_20260905-231942_181deg_0004.fit,200,30.0,15,-20.0,-20.0,2026-09-05T21:19:11.569201,181.0,6829,NGC 7000,2026-09-05 21:19:11.569201,C,29.140460233333332,False,0.0,False,129.75,137.86724853515625,132.0,0.0001678466796875,989.9300000000076,131.5,138.72584533691406,133.0,0.0001068115234375,899.0,131.60169491525423,138.619140625,133.0,0.0001220703125,882.510000000053,105.6699604743083,109.87129211425781,107.0,4.57763671875e-05,520.4650000000038,140.0033302307129,135.0,0.00026702880859375,1083.0,140.2346954345703,136.0,0.000240325927734375,999.4270000001998,140.2027244567871,135.0,0.00028228759765625,1000.8570000000182,111.49067306518555,108.0,0.000179290771484375,641.0,131.55084745762713,0.29664582764426706,False,,1.8413083827068002,0.030635866666666667,1.8839525455641337,0.030458533333333333,1.886498626487389,0.030449633333333333,1.1045044825707144,0.0306611,1.8852255860257614
Light_NGC 7000_120.0s_Bin1_20260905-232208_181deg_0004.fit,200,120.0,15,-20.0,-20.0,2026-09-05T21:20:07.553035,181.0,6829,NGC 7000,2026-09-05 21:20:07.553035,D,30.073524133333333,False,0.0,False,303.15945945945947,334.7165832519531,312.0,0.000946044921875,3915.8500000003405,311.88823529411764,337.60682678222656,318.0,0.000732421875,3440.6900000002497,316.01145038167937,337.5795593261719,318.0,0.000885009765625,3175.060000000318,212.09223300970874,228.46926879882812,217.0,0.000335693359375,2073.0,344.2469596862793,328.0,0.00107574462890625,4095.0,344.48815536499023,330.0,0.00093841552734375,3786.857000000018,344.1954345703125,330.0,0.000904083251953125,3692.285000000091,234.0234832763672,224.0,0.0005950927734375,2445.7120000002906,313.9498428378985,0.23385743746092563,False,,1.7884643653613848,0.007658966666666667,1.844578405802798,0.007614633333333333,1.875427015882424,0.007612408333333333,1.0918821057514703,0.007665275,1.8600027108426112
Light_NGC 7000_30.0s_Bin1_20260905-232316_181deg_0005.fit,50,30.0,15,-20.0,-20.0,2026-09-05T21:22:45.572570,181.0,6829,NGC 7000,2026-09-05 21:22:45.572570,A,32.70718305,False,0.0,False,75.39580550360674,76.84184265136719,76.0,0.0,241.39500000001135,75.67286022536562,76.96156311035156,76.0,1.52587890625e-05,223.25500000002648,75.6859410430839,76.99371337890625,76.0,3.0517578125e-05,209.46500000000378,71.17177709638715,71.98492431640625,71.0,1.52587890625e-05,156.0,77.39210510253906,76.0,4.57763671875e-05,252.0,77.32277297973633,76.0,6.103515625e-05,227.0,77.33489608764648,76.0,6.103515625e-05,233.0,72.3675537109375,72.0,3.814697265625e-05,172.85700000001816,75.67940063422476,0.3321491341678991,False,,1.902557125380661,0.18049426666666665,1.9425386314240816,0.17956753333333333,1.9407648998357694,0.17918689999999998,1.140751890751465,0.18059046666666667,1.9416517656299255
Light_NGC 7000_120.0s_Bin1_20260905-232546_181deg_0005.fit,50,120.0,15,-20.0,-20.0,2026-09-05T21:23:45.567737,181.0,6829,NGC 7000,2026-09-05 21:23:45.567737,B,33.7071025,False,0.0,False,106.34962406015038,112.33224487304688,107.0,0.0001373291015625,799.7650000000795,107.5256,112.73883056640625,108.0,0.0001068115234375,649.3250000000189,107.61954765751211,112.69619750976562,108.0,0.0001068115234375,698.3000000000757,90.09684684684684,93.198486328125,91.0,7.62939453125e-05,401.93000000000757,114.01790237426758,110.0,0.00020599365234375,778.2850000000908,114.00772476196289,110.0,0.00019073486328125,736.142000000109,114.07684707641602,110.0,0.000202178955078125,734.0,94.38275527954102,92.0,0.00011444091796875,477.42800000007264,107.57257382875605,0.28542250037993894,False,,1.8723859765692659,0.04512356666666666,1.9155641356659328,0.044891883333333334,1.915712218723664,0.044796724999999996,1.1396097671715497,0.04514761666666667,1.9156381771947983
Light_NGC 7000_30.0s_Bin1_20260905-232638_181deg_0005.fit,200,30.0,15,-20.0,-20.0,2026-09-05T21:26:07.578560,181.0,6829,NGC 7000,2026-09-05 21:26:07.578560,C,36.073949549999995,False,0.0,False,127.72388059701493,136.2017822265625,130.0,0.00018310546875,1127.370000000068,129.16486486486485,136.9986572265625,131.0,0.0001373291015625,950.7900000000227,129.61888111888112,136.8576202392578,131.0,0.0001678466796875,914.7900000000227,105.62075471698114,109.22053527832031,106.0,9.1552734375e-05,613.5800000000454,138.9085350036621,133.0,0.000286102294921875,1129.5710000000545,138.99384689331055,134.0,0.000247955322265625,1034.4280000000726,138.96025848388672,134.0,0.000286102294921875,1049.8570000000182,111.00774002075195,108.0,0.00019073486328125,674.2850000000908,129.391872991873,0.0,False,,1.7792364588262033,0.030635866666666667,1.812827754212782,0.030458533333333333,1.8261226734195535,0.030449633333333333,1.1029957799247305,0.0306611,1.8194752138161676
Light_NGC 7000_120.0s_Bin1_20260905-232920_181deg_0005.fit,200,120.0,15,-20.0,-20.0,2026-09-05T21:27:19.572408,181.0,6829,NGC 7000,2026-09-05 21:27:19.572408,D,37.273847016666664,False,0.0,False,298.86296296296297,329.94456481933594,306.0,0.001007080078125,4040.430000000386,308.7089552238806,333.1421813964844,312.0,0.0008392333984375,3517.325000000019,307.8829787234043,333.0198059082031,312.0,0.0008697509765625,3479.3150000003443,212.5948275862069,226.45516967773438,214.0,0.0003814697265625,2111.0,339.73150634765625,323.0,0.00113677978515625,4095.0,340.19922256469727,325.0,0.00098419189453125,3949.8560000001453,339.8792304992676,325.0,0.0009765625,4019.141000000236,232.19713592529297,222.0,0.00066375732421875,2547.857000000018,308.2959669736424,-0.008081992562943171,False,,1.7555576419112677,0.007658966666666667,1.8203693538039687,0.007614633333333333,1.8135497704937071,0.007612408333333333,1.0957346313938372,0.007665275,1.816959562148838
Light_NGC 7000_30.0s_Bin1_20260905-233024_181deg_0006.fit,50,30.0,15,-20.0,-20.0,2026-09-05T21:29:53.568395,181.0,6829,NGC 7000,2026-09-05 21:29:53.568395,A,39.8404468,False,0.0,False,74.85069252077562,76.38116455078125,75.0,1.52587890625e-05,238.32500000001892,75.09563511525258,76.49775695800781,75.0,3.0517578125e-05,225.86000000001513,75.10552438498058,76.45597839355469,75.0,0.0,219.39500000001135,70.98691758779907,71.7569580078125,71.0,0.0,153.46500000000378,77.0246810913086,76.0,7.2479248046875e-05,242.85700000001816,76.9732551574707,76.0,6.4849853515625e-05,237.0,77.01774597167969,76.0,6.866455078125e-05,231.57100000005448,72.25533294677734,71.0,4.9591064453125e-05,170.0,75.10057975011658,-0.0831363596775479,False,,1.80416735729408,0.18049426666666665,1.8388877422230197,0.17956753333333333,1.8367618381618762,0.17918689999999998,1.107368025827774,0.18059046666666667,1.8378247901924478
Light_NGC 7000_120.0s_Bin1_20260905-233302_181deg_0006.fit,50,120.0,15,-20.0,-20.0,2026-09-05T21:31:01.569668,181.0,6829,NGC 7000,2026-09-05 21:31:01.569668,B,40.97380135,False,0.0,False,104.46782178217822,110.79205322265625,105.0,0.0001220703125,800.8600000000151,105.90851735015772,111.25389099121094,107.0,0.0001373291015625,686.4400000000605,105.96785714285714,111.20135498046875,107.0,0.0001220703125,712.3000000000757,89.18508287292818,92.40341186523438,90.0,3.0517578125e-05,437.0,112.6950454711914,108.0,0.00020599365234375,816.2850000000908,112.60836029052734,109.0,0.00018310546875,723.5710000000545,112.60245513916016,109.0,0.00017547607421875,754.5710000000545,93.70285034179688,91.0,0.00014495849609375,501.85700000001816,105.93818724650743,-0.04383733116788082,False,,1.7874723460257043,0.04512356666666666,1.842970250008856,0.044891883333333334,1.8417218929535568,0.044796724999999996,1.098445796786593,0.04514761666666667,1.8423460714812063
Light_NGC 7000_30.0s_Bin1_20260905-233400_181deg_0006.fit,200,30.0,15,-20.0,-20.0,2026-09-05T21:33:29.576655,181.0,6829,NGC 7000,2026-09-05 21:33:29.576655,C,43.440584466666664,False,0.0,False,125.02215189873418,134.067138671875,127.0,0.0001983642578125,1011.8600000000151,127.58949416342412,134.66091918945312,129.0,0.00018310546875,892.2300000000832,127.8875,134.59732055664062,129.0,0.0001983642578125,1055.9750000000568,104.62145748987854,108.76748657226562,105.0,9.1552734375e-05,607.3950000000114,136.67942810058594,131.0,0.0002899169921875,1156.2850000000908,136.5893898010254,132.0,0.000286102294921875,1044.9980000002543,136.54170989990234,131.0,0.0002899169921875,1063.7140000000363,110.41679000854492,107.0,0.000186920166015625,702.8570000000182,127.73849708171207,-0.22717594536508606,False,,1.6964666586561674,0.030635866666666667,1.7648442731905927,0.030458533333333333,1.7734027531893668,0.030449633333333333,1.0723562277148149,0.0306611,1.7691235131899798
Light_NGC 7000_120.0s_Bin1_20260905-233636_181deg_0006.fit,200,120.0,15,-20.0,-20.0,2026-09-05T21:34:35.578208,181.0,6829,NGC 7000,2026-09-05 21:34:35.578208,D,44.540610349999994,False,0.0,False,300.3217821782178,327.6330261230469,302.0,0.00115966796875,4095.0,304.9780487804878,330.3129577636719,309.0,0.0009307861328125,3779.225000000246,309.0328947368421,330.0895690917969,308.0,0.0009613037109375,3877.835000000072,209.2171717171717,226.61398315429688,213.0,0.0004730224609375,2282.7200000000303,335.33194732666016,318.0,0.0010833740234375,4095.0,335.4518814086914,320.0,0.0009765625,4039.0,335.12137603759766,320.0,0.001026153564453125,4095.0,231.0308837890625,220.0,0.0006561279296875,2646.4270000001998,307.00547175866495,-0.06330458397745371,False,,1.7667306896535975,0.007658966666666667,1.791959869236562,0.007614633333333333,1.8223034007370345,0.007612408333333333,1.0698439703023184,0.007665275,1.8071316349867983
Light_NGC 7000_30.0s_Bin1_20260905-233728_181deg_0007.fit,50,30.0,15,-20.0,-20.0,2026-09-05T21:36:57.588614,181.0,6829,NGC 7000,2026-09-05 21:36:57.588614,A,46.907450450000006,False,0.0,False,74.18279301745636,75.74655151367188,74.0,1.52587890625e-05,237.93000000000757,74.48722860791827,75.830078125,75.0,3.0517578125e-05,223.93000000000757,74.47022512708787,75.80464172363281,75.0,0.0,212.39500000001135,70.56363331094694,71.3009033203125,71.0,0.0,148.0,76.51496124267578,75.0,6.4849853515625e-05,268.85700000001816,76.46897506713867,75.0,6.103515625e-05,243.85700000001816,76.47800064086914,75.0,6.4849853515625e-05,238.71400000003632,71.90830993652344,71.0,5.340576171875e-05,177.0,74.47872686750307,-0.5292959377882429,False,,1.683615326235439,0.18049426666666665,1.7296376864370493,0.17956753333333333,1.7229245335677805,0.17918689999999998,1.0309269207383853,0.18059046666666667,1.726281110002415
Light_NGC 7000_120.0s_Bin1_20260905-234010_181deg_0007.fit,50,120.0,15,-20.0,-20.0,2026-09-05T21:38:09.578184,181.0,6829,NGC 7000,2026-09-05 21:38:09.578184,B,48.10727661666667,False,0.0,False,103.98063781321184,110.45005798339844,105.0,0.0001678466796875,782.8600000000151,105.35037037037037,110.8408203125,106.0,0.0001068115234375,706.3250000000189,105.36559139784946,110.75927734375,106.0,0.0001068115234375,685.9300000000076,89.20338983050847,92.43710327148438,90.0,3.0517578125e-05,448.3250000000189,112.26521301269531,108.0,0.000213623046875,831.8570000000182,112.28609085083008,108.0,0.000179290771484375,759.9990000001271,112.26385498046875,108.0,0.00020599365234375,739.142000000109,93.74281311035156,91.0,0.00014495849609375,498.85700000001816,105.3579808841099,-0.16072439523270277,False,,1.7654888677231184,0.04512356666666666,1.8179139809093896,0.044891883333333334,1.8147423599975274,0.044796724999999996,1.099272312289761,0.04514761666666667,1.8163281704534584
Light_NGC 7000_30.0s_Bin1_20260905-234104_181deg_0007.fit,200,30.0,15,-20.0,-20.0,2026-09-05T21:40:33.584915,181.0,6829,NGC 7000,2026-09-05 21:40:33.584915,C,50.507388799999994,False,0.0,False,126.4342105263158,134.38453674316406,127.0,0.00018310546875,1179.4650000000038,127.51754385964912,135.52352905273438,129.0,0.0001983642578125,1024.2550000000265,128.13855421686748,135.25750732421875,129.0,0.000244140625,959.4650000000038,103.78323699421965,108.45765686035156,105.0,0.0001068115234375,618.8600000000151,137.06646728515625,131.0,0.00030517578125,1160.5710000000545,137.37923431396484,132.0,0.000263214111328125,1082.8560000001453,137.26882553100586,132.0,0.0002899169921875,1034.8570000000182,110.14685821533203,107.0,0.000186920166015625,701.8570000000182,127.8280490382583,-0.21487139304721475,False,,1.7397262984962742,0.030635866666666667,1.7626527724647183,0.030458533333333333,1.7810472620397688,0.030449633333333333,1.0466554652753683,0.0306611,1.7718500172522436
Light_NGC 7000_120.0s_Bin1_20260905-234336_181deg_0007.fit,200,120.0,15,-20.0,-20.0,2026-09-05T21:41:35.583417,181.0,6829,NGC 7000,2026-09-05 21:41:35.583417,D,51.54069716666667,False,0.0,False,300.1178861788618,328.3712921142578,303.0,0.001068115234375,4095.0,309.74,333.14312744140625,312.0,0.000885009765625,3560.9700000002194,307.9347826086956,332.8427276611328,311.0,0.00079345703125,3619.040000000212,211.8768115942029,227.0127716064453,214.0,0.000457763671875,2267.9300000000076,337.8517417907715,320.0,0.001087188720703125,4095.0,339.8442153930664,325.0,0.00098419189453125,4037.857000000018,339.51981353759766,324.0,0.001026153564453125,4095.0,232.4278335571289,222.0,0.000667572021484375,2705.857000000018,308.8373913043478,0.015086519996742747,False,,1.7651690569910632,0.007658966666666667,1.8282203817243667,0.007614633333333333,1.8139441228217978,0.007612408333333333,1.090230841360729,0.007665275,1.8210822522730823
Light_NGC 7000_30.0s_Bin1_20260905-234434_181deg_0008.fit,50,30.0,15,-20.0,-20.0,2026-09-05T21:44:03.588232,181.0,6829,NGC 7000,2026-09-05 21:44:03.588232,A,54.00744408333333,False,0.0,False,75.04096262160779,76.45999145507812,75.0,1.52587890625e-05,244.72000000003027,75.27475417333638,76.56985473632812,76.0,1.52587890625e-05,208.46500000000378,75.2872731449575,76.56929016113281,76.0,0.0,194.93000000000757,71.1068437770719,71.78938293457031,71.0,0.0,142.46500000000378,77.34582138061523,76.0,7.2479248046875e-05,252.57100000005448,77.31171417236328,76.0,6.866455078125e-05,232.0,77.33930969238281,76.0,6.866455078125e-05,227.0,72.39774322509766,72.0,3.814697265625e-05,171.85700000001816,75.28101365914694,0.04631920606898951,False,,1.8385100196123745,0.18049426666666665,1.8710517096561177,0.17956753333333333,1.869328835040983,0.17918689999999998,1.1290255523141097,0.18059046666666667,1.8701902723485504
Light_NGC 7000_120.0s_Bin1_20260905-234656_181deg_0008.fit,50,120.0,15,-20.0,-20.0,2026-09-05T21:44:55.590854,181.0,6829,NGC 7000,2026-09-05 21:44:55.590854,B,54.87415445,False,0.0,False,105.10520094562648,111.16525268554688,106.0,0.0001373291015625,741.185000000034,106.3147713950762,111.68208312988281,107.0,6.103515625e-05,641.9300000000076,106.65161290322581,111.69819641113281,107.0,7.62939453125e-05,619.1600000000908,89.6402789171452,92.67041015625,90.0,0.0,395.7900000000227,113.33136749267578,109.0,0.00020599365234375,829.4280000000726,113.52753448486328,110.0,0.00018310546875,750.9990000001271,113.50471115112305,110.0,0.00020599365234375,742.7130000001634,94.18959045410156,92.0,0.000141143798828125,491.7140000000363,106.48319214915101,0.06595812627540872,False,,1.8162331671995058,0.04512356666666666,1.8612077591970313,0.044891883333333334,1.8723519117179577,0.044796724999999996,1.1189968132990862,0.04514761666666667,1.8667798354574945
Light_NGC 7000_30.0s_Bin1_20260905-234746_181deg_0008.fit,200,30.0,15,-20.0,-20.0,2026-09-05T21:47:15.582678,181.0,6829,NGC 7000,2026-09-05 21:47:15.582678,C,57.20735151666667,False,0.0,False,127.0657894736842,135.31434631347656,129.0,0.0001373291015625,992.3250000000189,128.14705882352942,136.24887084960938,131.0,0.0001678466796875,917.3950000000114,128.76190476190476,136.36953735351562,131.0,0.000152587890625,931.5800000000454,104.12942779291554,109.21134948730469,106.0,4.57763671875e-05,562.8600000000151,138.0221824645996,132.0,0.0002899169921875,1184.0,138.48456192016602,133.0,0.000301361083984375,1060.8570000000182,138.47502517700195,133.0,0.000274658203125,1093.8570000000182,111.02569580078125,107.0,0.000194549560546875,701.8570000000182,128.4544817927171,-0.128798738711769,False,,1.7590752669173262,0.030635866666666667,1.7818268749758985,0.030458533333333333,1.8000280575742875,0.030449633333333333,1.0572700559732628,0.0306611,1.7909274662750931
Light_NGC 7000_120.0s_Bin1_20260905-235026_181deg_0008.fit,200,120.0,15,-20.0,-20.0,2026-09-05T21:48:25.586722,181.0,6829,NGC 7000,2026-09-05 21:48:25.586722,D,58.37408558333333,False,0.0,False,294.819587628866,325.99627685546875,300.0,0.000885009765625,3735.1150000000416,304.35526315789474,331.22447204589844,309.0,0.0008087158203125,3606.5800000000454,303.22857142857146,331.09886169433594,309.0,0.0007781982421875,3567.1150000000416,206.39655172413794,226.27166748046875,213.0,0.000396728515625,2119.860000000015,334.6795310974121,317.0,0.001148223876953125,4095.0,337.1943473815918,321.0,0.00104522705078125,4095.0,336.9085350036621,321.0,0.0009765625,4017.7140000000363,231.00921630859375,220.0,0.000682830810546875,2618.7130000001634,303.7919172932331,-0.20081830985044696,False,,1.7245895650065968,0.007658966666666667,1.7872175850752439,0.007614633333333333,1.7781185216157942,0.007612408333333333,1.0482231423852166,0.007665275,1.782668053345519
Light_NGC 7000_30.0s_Bin1_20260905-235126_181deg_0009.fit,50,30.0,15,-20.0,-20.0,2026-09-05T21:50:55.588736,181.0,6829,NGC 7000,2026-09-05 21:50:55.588736,A,60.87411915,False,0.0,False,74.19085545722714,75.79385375976562,74.0,1.52587890625e-05,237.0,74.60010240655402,75.98640441894531,75.0,0.0,221.7900000000227,74.6310861423221,76.02317810058594,75.0,1.52587890625e-05,215.93000000000757,70.771117357695,71.51017761230469,71.0,0.0,152.46500000000378,76.60188293457031,75.0,6.866455078125e-05,265.0,76.69187927246094,75.0,7.2479248046875e-05,247.85700000001816,76.71899032592773,75.0,7.2479248046875e-05,249.0,72.1370620727539,71.0,4.9591064453125e-05,182.0,74.61559427443805,-0.43109794555803077,False,,1.6850705503894103,0.18049426666666665,1.7499061560360338,0.17956753333333333,1.7517487202184554,0.17918689999999998,1.0683965615665068,0.18059046666666667,1.7508274381272446
Light_NGC 7000_120.0s_Bin1_20260905-235400_181deg_0009.fit,50,120.0,15,-20.0,-20.0,2026-09-05T21:51:59.600052,181.0,6829,NGC 7000,2026-09-05 21:51:59.600052,B,61.94097441666667,False,0.0,False,102.18567454798331,108.77729797363281,103.0,0.0001068115234375,796.9300000000076,103.83934426229509,109.39627075195312,105.0,7.62939453125e-05,681.4400000000605,103.86895674300254,109.44239807128906,105.0,7.62939453125e-05,702.9300000000076,88.40202939118265,91.57911682128906,89.0,1.52587890625e-05,409.2550000000265,110.973388671875,106.0,0.000240325927734375,868.7140000000363,111.23117065429688,107.0,0.000217437744140625,811.7140000000363,111.19170761108398,107.0,0.00022125244140625,820.8570000000182,93.16868209838867,90.0,0.00014495849609375,544.8570000000182,103.85415050264882,-0.46368266927526824,False,,1.6844937231603612,0.04512356666666666,1.7500811731520534,0.044891883333333334,1.7476980289388802,0.044796724999999996,1.0630927983632474,0.04514761666666667,1.7488896010454669
Light_NGC 7000_30.0s_Bin1_20260905-235506_181deg_0009.fit,200,30.0,15,-20.0,-20.0,2026-09-05T21:54:35.595692,181.0,6829,NGC 7000,2026-09-05 21:54:35.595692,C,64.54090175,False,0.0,False,125.11194029850746,132.96490478515625,126.0,0.0001983642578125,1194.7200000000303,126.9070351758794,133.79299926757812,127.0,0.00018310546875,1039.0,126.7125,133.6511688232422,127.0,0.000244140625,983.7200000000303,102.97883597883597,107.97177124023438,104.0,0.0001068115234375,630.0,135.57361602783203,130.0,0.000316619873046875,1157.4280000000726,135.6426773071289,130.0,0.000274658203125,1074.2850000000908,135.58026123046875,130.0,0.000293731689453125,1073.0,109.56831359863281,106.0,0.000194549560546875,720.8570000000182,126.8097675879397,-0.3547845547802556,False,,1.699217404099835,0.030635866666666667,1.744057573369829,0.030458533333333333,1.7376244340227003,0.030449633333333333,1.021991645302588,0.0306611,1.7408410036962647
Light_NGC 7000_120.0s_Bin1_20260905-235746_181deg_0009.fit,200,120.0,15,-20.0,-20.0,2026-09-05T21:55:45.593121,181.0,6829,NGC 7000,2026-09-05 21:55:45.593121,D,65.70752556666666,False,0.0,False,292.6868131868132,324.49009704589844,299.0,0.0010986328125,4095.0,299.1578947368421,327.80250549316406,306.0,0.0009002685546875,3830.510000000053,303.80075187969925,327.29150390625,305.0,0.0008392333984375,3326.20500000014,209.92105263157896,224.65806579589844,211.0,0.00048828125,2331.345000000125,334.2981414794922,317.0,0.001068115234375,4095.0,334.60403060913086,319.0,0.000972747802734375,4027.141000000236,334.1998596191406,319.0,0.00104522705078125,4095.0,229.93011856079102,219.0,0.000652313232421875,2643.7120000002906,301.47932330827064,-0.29977833020315153,False,,1.708254716647396,0.007658966666666667,1.7476415302506823,0.007614633333333333,1.78247419285013,0.007612408333333333,1.0752394110785015,0.007665275,1.7650578615504062
Light_NGC 7000_30.0s_Bin1_20260905-235840_181deg_0010.fit,50,30.0,15,-20.0,-20.0,2026-09-05T21:58:09.595540,181.0,6829,NGC 7000,2026-09-05 21:58:09.595540,A,68.10756588333334,False,0.0,False,74.53233629749394,76.1248779296875,75.0,3.0517578125e-05,252.0,74.77934044616877,76.22135925292969,75.0,3.0517578125e-05,223.72000000003027,74.86733790661651,76.21995544433594,75.0,1.52587890625e-05,214.93000000000757,70.88731501057083,71.667724609375,71.0,0.0,158.0,76.8846664428711,75.0,7.62939453125e-05,250.0,76.79787063598633,76.0,6.866455078125e-05,244.85700000001816,76.86693954467773,76.0,7.62939453125e-05,244.0,72.21639633178711,71.0,4.57763671875e-05,175.85700000001816,74.82333917639264,-0.2820476148412858,False,,1.746705884234083,0.18049426666666665,1.7820914886891583,0.17956753333333333,1.7940819414819014,0.17918689999999998,1.0893807499249235,0.18059046666666667,1.7880867150855297
Light_NGC 7000_120.0s_Bin1_20260906-000114_181deg_0010.fit,50,120.0,15,-20.0,-20.0,2026-09-05T21:59:13.598292,181.0,6829,NGC 7000,2026-09-05 21:59:13.598292,B,69.17427841666667,False,0.0,False,102.186295503212,108.85734558105469,103.0,0.000152587890625,768.4850000001097,103.36052631578947,109.12240600585938,104.0,9.1552734375e-05,746.3250000000189,103.36923076923077,109.2264404296875,104.0,0.0001220703125,683.2300000000832,88.0106082036775,91.42234802246094,89.0,6.103515625e-05,446.4850000001097,110.73318481445312,106.0,0.000217437744140625,843.0,110.60378646850586,107.0,0.000213623046875,780.142000000109,110.60885238647461,107.0,0.000186920166015625,759.8570000000182,92.67228317260742,90.0,0.0001373291015625,521.8570000000182,103.36487854251013,-0.5622502939278744,False,,1.6845217428750197,0.04512356666666666,1.7285861337596171,0.044891883333333334,1.7253119419164689,0.044796724999999996,1.0454210646345536,0.04514761666666667,1.726949037838043
Light_NGC 7000_30.0s_Bin1_20260906-000222_181deg_0010.fit,200,30.0,15,-20.0,-20.0,2026-09-05T22:01:51.599142,181.0,6829,NGC 7000,2026-09-05 22:01:51.599142,C,71.80762591666667,False,0.0,False,121.69852941176471,131.50543212890625,124.0,0.00018310546875,1093.5800000000454,124.98863636363636,131.911865234375,126.0,0.0001678466796875,1011.7200000000303,124.60843373493977,132.04727172851562,126.0,0.000213623046875,909.3250000000189,101.95559845559846,106.69877624511719,103.0,7.62939453125e-05,628.3950000000114,134.2502098083496,128.0,0.00032806396484375,1174.7140000000363,134.00360870361328,129.0,0.000278472900390625,1093.0,134.00082397460938,129.0,0.00029754638671875,1135.7140000000363,108.5228500366211,105.0,0.0001983642578125,703.7140000000363,124.79853504928806,-0.6311304544085738,False,,1.5946446032950354,0.030635866666666667,1.685625959200497,0.030458533333333333,1.6735563877425799,0.030449633333333333,0.9906180572788502,0.0306611,1.6795911734715383
Light_NGC 7000_120.0s_Bin1_20260906-000440_181deg_0010.fit,200,120.0,15,-20.0,-20.0,2026-09-05T22:02:39.597915,181.0,6829,NGC 7000,2026-09-05 22:02:39.597915,D,72.60760546666667,False,0.0,False,285.6219512195122,316.68650817871094,290.0,0.000946044921875,3919.4850000001097,293.63483146067415,319.46128845214844,297.0,0.0009002685546875,3655.550000000265,291.81052631578945,319.12318420410156,296.0,0.0009765625,3939.345000000125,204.0174418604651,219.66329956054688,206.0,0.0004425048828125,2316.2300000000832,326.4350051879883,308.0,0.001163482666015625,4095.0,325.80517196655273,310.0,0.001018524169921875,4095.0,325.4990539550781,309.0,0.001056671142578125,4095.0,224.80730819702148,214.0,0.000698089599609375,2811.5710000000545,292.7226788882318,-0.6744907594765952,False,,1.6541451743352367,0.007658966666666667,1.7055854285258647,0.007614633333333333,1.6911996998488765,0.007612408333333333,1.0299866110249516,0.007665275,1.6983925641873707
Light_NGC 7000_30.0s_Bin1_20260906-000548_181deg_0011.fit,50,30.0,15,-20.0,-20.0,2026-09-05T22:05:17.603460,181.0,6829,NGC 7000,2026-09-05 22:05:17.603460,A,75.24103121666667,False,0.0,False,74.25707384403037,75.88607788085938,74.0,3.0517578125e-05,250.93000000000757,74.48022727272728,75.95668029785156,75.0,3.0517578125e-05,220.46500000000378,74.5619575699132,75.95843505859375,75.0,1.52587890625e-05,217.46500000000378,70.69472764346052,71.42805480957031,71.0,0.0,160.46500000000378,76.58139419555664,75.0,7.2479248046875e-05,250.85700000001816,76.48419952392578,75.0,6.4849853515625e-05,238.0,76.53595733642578,75.0,6.103515625e-05,240.0,71.96018981933594,71.0,4.9591064453125e-05,175.0,74.52109242132025,-0.4989000062970876,False,,1.6970225895553088,0.18049426666666665,1.7283804739467632,0.17956753333333333,1.739361785627079,0.17918689999999998,1.0546013074243688,0.18059046666666667,1.7338711297869212
Light_NGC 7000_120.0s_Bin1_20260906-000814_181deg_0011.fit,50,120.0,15,-20.0,-20.0,2026-09-05T22:06:13.607004,181.0,6829,NGC 7000,2026-09-05 22:06:13.607004,B,76.17442361666667,False,0.0,False,102.59893048128342,109.23844909667969,104.0,0.0001068115234375,764.4650000000038,104.2234375,109.87469482421875,105.0,0.0001068115234375,659.0200000001059,104.25284738041002,109.83207702636719,105.0,0.0001220703125,691.3950000000114,88.14338983050847,91.47785949707031,89.0,4.57763671875e-05,429.72000000003027,111.24605560302734,107.0,0.00020599365234375,825.5710000000545,111.41571044921875,107.0,0.000202178955078125,786.0,111.40781784057617,107.0,0.000217437744140625,780.0,92.82723236083984,90.0,0.000148773193359375,529.8570000000182,104.23814244020501,-0.38632452032282005,False,,1.703141304817024,0.04512356666666666,1.7673238419682247,0.044891883333333334,1.7648950722528975,0.044796724999999996,1.0514158386230943,0.04514761666666667,1.766109457110561
Light_NGC 7000_30.0s_Bin1_20260906-000916_181deg_0011.fit,200,30.0,15,-20.0,-20.0,2026-09-05T22:08:45.609361,181.0,6829,NGC 7000,2026-09-05 22:08:45.609361,C,78.70779623333333,False,0.0,False,121.94761904761904,132.16595458984375,125.0,0.0001678466796875,1106.0,126.07142857142857,133.12591552734375,127.0,0.0001983642578125,1082.4150000001173,125.64649681528662,133.1395721435547,127.0,0.00018310546875,943.6250000000946,102.02941176470588,106.9849853515625,103.0,6.103515625e-05,551.6500000000378,134.95709991455078,129.0,0.00029754638671875,1185.5690000003087,135.12701416015625,130.0,0.000270843505859375,1098.5710000000545,135.03565216064453,130.0,0.00028228759765625,1025.8570000000182,108.66774368286133,105.0,0.000209808349609375,693.8570000000182,125.8589626933576,-0.48542635224264774,False,,1.6022756801671176,0.030635866666666667,1.7186062217546096,0.030458533333333333,1.7051650279160124,0.030449633333333333,0.9928812545307238,0.0306611,1.7118856248353111
Light_NGC 7000_120.0s_Bin1_20260906-001124_181deg_0011.fit,200,120.0,15,-20.0,-20.0,2026-09-05T22:09:23.601229,181.0,6829,NGC 7000,2026-09-05 22:09:23.601229,D,79.34099403333333,False,0.0,False,284.8333333333333,316.3327331542969,291.0,0.0009613037109375,3961.9950000001627,298.07608695652175,321.73468017578125,300.0,0.000885009765625,3672.7900000000227,297.23417721518985,321.6666259765625,299.0,0.0009307861328125,3725.3200000001816,200.0235602094241,217.59896850585938,204.0,0.0004119873046875,2093.2550000000265,326.6874580383301,309.0,0.0010528564453125,4095.0,328.77634048461914,313.0,0.000965118408203125,3981.9970000003814,328.49718856811523,313.0,0.0009765625,4036.7130000001634,223.19152069091797,213.0,0.000675201416015625,2574.857000000018,297.6551320858558,-0.46342229177340827,False,,1.6481051762322554,0.007658966666666667,1.7394039606663958,0.007614633333333333,1.732486745152563,0.007612408333333333,0.9993724098522683,0.007665275,1.7359453529094795
Light_NGC 7000_30.0s_Bin1_20260906-001236_181deg_0012.fit,50,30.0,15,-20.0,-20.0,2026-09-05T22:12:05.608171,181.0,6829,NGC 7000,2026-09-05 22:12:05.608171,A,82.04110973333333,False,0.0,False,73.59390444810543,75.25131225585938,74.0,3.0517578125e-05,244.0,73.93818595982606,75.36248779296875,74.0,3.0517578125e-05,218.93000000000757,73.95020705975153,75.37017822265625,74.0,0.0,224.46500000000378,70.08608354488807,70.90705871582031,70.0,0.0,150.46500000000378,75.92204284667969,74.0,7.62939453125e-05,253.0,75.9033203125,75.0,6.103515625e-05,245.85700000001816,75.93718338012695,75.0,6.4849853515625e-05,247.85700000001816,71.43486785888672,71.0,3.4332275390625e-05,177.85700000001816,73.9441965097888,-0.9128043938122087,False,,1.5773243157620604,0.18049426666666665,1.6310474524243297,0.17956753333333333,1.629744108137791,0.17918689999999998,0.9446859856292563,0.18059046666666667,1.6303957802810602
Light_NGC 7000_120.0s_Bin1_20260906-001514_181deg_0012.fit,50,120.0,15,-20.0,-20.0,2026-09-05T22:13:13.609725,181.0,6829,NGC 7000,2026-09-05 22:13:13.609725,B,83.17446896666667,False,0.0,False,101.17957746478874,107.413330078125,102.0,0.0001220703125,793.8100000001286,102.77896995708154,107.94940185546875,104.0,0.0001373291015625,671.0450000000492,102.83650416171224,108.08421325683594,103.0,0.0001220703125,654.3250000000189,86.952216066482,90.09129333496094,87.0,4.57763671875e-05,431.0450000000492,109.71421813964844,105.0,0.00022125244140625,822.5710000000545,109.7857894897461,106.0,0.000194549560546875,771.8560000001453,109.71775817871094,106.0,0.000213623046875,733.4280000000726,91.61213302612305,89.0,0.000156402587890625,470.85700000001816,102.80773705939689,-0.6744907594765953,False,,1.6390950343536919,0.04512356666666666,1.7024789735527426,0.044891883333333334,1.7014475345792783,0.044796724999999996,0.9976371821414367,0.04514761666666667,1.7019632540660106
Light_NGC 7000_30.0s_Bin1_20260906-001614_181deg_0012.fit,200,30.0,15,-20.0,-20.0,2026-09-05T22:15:43.619566,181.0,6829,NGC 7000,2026-09-05 22:15:43.619566,C,85.67463298333334,False,0.0,False,122.61111111111111,131.00262451171875,124.0,0.000213623046875,1038.2550000000265,124.8975155279503,132.142578125,126.0,0.000213623046875,942.9300000000076,124.23127753303964,131.81887817382812,126.0,0.000213623046875,1020.510000000053,100.42642140468227,105.91619873046875,102.0,7.62939453125e-05,568.510000000053,134.36214065551758,129.0,0.000286102294921875,1084.4280000000726,134.51774215698242,129.0,0.000286102294921875,1041.9970000003814,134.43607330322266,129.0,0.00026702880859375,1083.2850000000908,108.09501647949219,105.0,0.00019073486328125,683.5700000001816,124.56439653049497,-0.6633013836124619,False,,1.6226023345586522,0.030635866666666667,1.6828505521893922,0.030458533333333333,1.6620721196853288,0.030449633333333333,0.9437318068030038,0.0306611,1.6724613359373603
Light_NGC 7000_120.0s_Bin1_20260906-001856_181deg_0012.fit,200,120.0,15,-20.0,-20.0,2026-09-05T22:16:55.624416,181.0,6829,NGC 7000,2026-09-05 22:16:55.624416,D,86.87471381666666,False,0.0,False,288.13529411764705,316.39659118652344,291.0,0.0010986328125,4095.0,297.90983606557376,322.76068115234375,300.0,0.00091552734375,3752.7650000000795,294.3103448275862,322.71868896484375,300.0,0.00091552734375,3905.9300000000076,198.29296875,216.76942443847656,203.0,0.000457763671875,2191.9300000000076,327.00908279418945,309.0,0.001094818115234375,4095.0,329.74062728881836,314.0,0.001056671142578125,4095.0,329.48107147216797,314.0,0.00099945068359375,4087.9980000002543,222.47836685180664,212.0,0.00067138671875,2646.141000000236,296.11009044658,-0.5295373785818671,False,,1.6733947838139547,0.007658966666666667,1.7381380210904867,0.007614633333333333,1.710229339119899,0.007612408333333333,0.9861069504031312,0.007665275,1.7241836801051929
Light_NGC 7000_30.0s_Bin1_20260906-002004_181deg_0013.fit,50,30.0,15,-20.0,-20.0,2026-09-05T22:19:33.610569,181.0,6829,NGC 7000,2026-09-05 22:19:33.610569,A,89.50781636666667,False,0.0,False,73.98401400233372,75.58906555175781,74.0,0.0,234.46500000000378,74.54318335971061,75.85342407226562,75.0,1.52587890625e-05,210.86000000001513,74.41860976682798,75.90074157714844,75.0,1.52587890625e-05,226.7900000000227,70.39488409272582,71.23361206054688,71.0,0.0,151.86000000001513,76.4240493774414,75.0,7.62939453125e-05,249.85700000001816,76.51216125488281,75.0,6.866455078125e-05,236.85700000001816,76.5426025390625,75.0,6.866455078125e-05,243.0,71.82085800170898,71.0,4.1961669921875e-05,175.0,74.4808965632693,-0.527739250387165,False,,1.647736853672156,0.18049426666666665,1.7396853431946793,0.17956753333333333,1.7136757371704283,0.17918689999999998,1.0004524206701977,0.18059046666666667,1.7266805401825538
Light_NGC 7000_120.0s_Bin1_20260906-002240_181deg_0013.fit,50,120.0,15,-20.0,-20.0,2026-09-05T22:20:39.613897,181.0,6829,NGC 7000,2026-09-05 22:20:39.613897,B,90.60787183333333,False,0.0,False,101.19132653061224,107.78695678710938,102.0,0.0001373291015625,791.3000000000757,103.32451253481894,108.73670959472656,104.0,0.0001068115234375,746.3700000000681,103.19366715758468,108.65670776367188,104.0,0.0001068115234375,678.4650000000038,87.29537037037036,90.43092346191406,88.0,4.57763671875e-05,392.93000000000757,109.96374893188477,105.0,0.000225067138671875,850.0,110.41674041748047,106.0,0.000217437744140625,775.4280000000726,110.43171310424805,106.0,0.000217437744140625,746.2850000000908,91.90350723266602,89.0,0.0001678466796875,508.85700000001816,103.25908984620182,-0.5835622458886001,False,,1.63962519410865,0.04512356666666666,1.7269694073058954,0.044891883333333334,1.7174472670855525,0.044796724999999996,1.0131297811109057,0.04514761666666667,1.722208337195724
Light_NGC 7000_30.0s_Bin1_20260906-002348_181deg_0013.fit,200,30.0,15,-20.0,-20.0,2026-09-05T22:23:17.619361,181.0,6829,NGC 7000,2026-09-05 22:23:17.619361,C,93.24129623333333,False,0.0,False,119.82579185520362,129.22003173828125,122.0,0.000152587890625,1028.3950000000114,123.52898550724638,130.4816131591797,124.0,0.00018310546875,1015.3950000000114,122.41428571428571,130.5907745361328,124.0,0.00018310546875,947.3250000000189,100.82534246575342,105.03959655761719,101.0,9.1552734375e-05,584.4650000000038,132.05747604370117,126.0,0.000316619873046875,1154.8570000000182,132.50263214111328,127.0,0.000278472900390625,1083.8570000000182,132.5553741455078,127.0,0.00030517578125,1046.5710000000545,106.7705192565918,103.0,0.00022125244140625,727.0,122.97163561076604,-0.8821487524753404,False,,1.537271665210571,0.030635866666666667,1.6411671349361143,0.030458533333333333,1.6067453850346047,0.030449633333333333,0.9559631653486125,0.0306611,1.6239562599853596
Light_NGC 7000_120.0s_Bin1_20260906-002614_181deg_0013.fit,200,120.0,15,-20.0,-20.0,2026-09-05T22:24:13.627652,181.0,6829,NGC 7000,2026-09-05 22:24:13.627652,D,94.17476775,False,0.0,False,273.80434782608694,303.7380065917969,278.0,0.0009765625,3926.735000000299,281.32716049382714,310.4381866455078,288.0,0.00091552734375,3780.6650000003065,282.58045977011494,310.0820007324219,288.0,0.000823974609375,3626.9050000000643,195.0225806451613,209.3843231201172,196.0,0.000457763671875,1945.4850000001097,314.0149040222168,296.0,0.0011138916015625,4095.0,317.3451843261719,301.0,0.000995635986328125,4078.568000000436,316.99288177490234,301.0,0.0009765625,3991.5710000000545,214.95251846313477,204.0,0.0006561279296875,2552.0,281.95381013197107,-1.135309856224556,False,,1.5636345438651056,0.007658966666666667,1.6118670269260127,0.007614633333333333,1.6209366643593626,0.007612408333333333,0.9610385262228138,0.007665275,1.6164018456426876
Light_NGC 7000_30.0s_Bin1_20260906-002702_181deg_0014.fit,50,30.0,15,-20.0,-20.0,2026-09-05T22:26:31.623829,181.0,6829,NGC 7000,2026-09-05 22:26:31.623829,A,96.47470403333334,False,0.0,False,73.80008748906387,75.38914489746094,74.0,3.0517578125e-05,243.46500000000378,74.22958006460544,75.67399597167969,74.0,1.52587890625e-05,228.46500000000378,74.24655765920826,75.69941711425781,75.0,1.52587890625e-05,223.0,70.26831550802139,71.06068420410156,70.0,0.0,144.46500000000378,76.2291145324707,75.0,7.62939453125e-05,258.5710000000545,76.37490844726562,75.0,9.1552734375e-05,246.71400000003632,76.39372634887695,75.0,8.392333984375e-05,229.85700000001816,71.68278884887695,71.0,4.9591064453125e-05,176.85700000001816,74.23806886190685,-0.7019603689548384,False,,1.6145391725389568,0.18049426666666665,1.683372373047439,0.17956753333333333,1.682846253367584,0.17918689999999998,0.9775953408930852,0.18059046666666667,1.6831093132075114
Light_NGC 7000_120.0s_Bin1_20260906-002934_181deg_0014.fit,50,120.0,15,-20.0,-20.0,2026-09-05T22:27:33.627896,181.0,6829,NGC 7000,2026-09-05 22:27:33.627896,B,97.50810514999999,False,0.0,False,100.15413533834587,106.63670349121094,101.0,0.0001220703125,834.510000000053,102.28913738019169,108.01313781738281,103.0,9.1552734375e-05,712.8600000000151,102.54472271914132,108.0059814453125,103.0,0.0001068115234375,675.8600000000151,86.44407008086253,89.81509399414062,87.0,3.0517578125e-05,445.4650000000038,108.91388702392578,104.0,0.000225067138671875,856.0,109.66397476196289,106.0,0.000240325927734375,778.5710000000545,109.69670486450195,106.0,0.0002288818359375,764.4280000000726,91.27583694458008,88.0,0.000164031982421875,523.4280000000726,102.4169300496665,-0.7532218574855472,False,,1.5928234281983387,0.04512356666666666,1.6804894666581374,0.044891883333333334,1.6883766815363255,0.044796724999999996,0.9746956019719837,0.04514761666666667,1.6844330740972313
Light_NGC 7000_30.0s_Bin1_20260906-003026_181deg_0014.fit,200,30.0,15,-20.0,-20.0,2026-09-05T22:29:55.621886,181.0,6829,NGC 7000,2026-09-05 22:29:55.621886,C,99.87467165,False,0.0,False,118.43777777777778,129.07797241210938,122.0,0.0001983642578125,1050.510000000053,123.41503267973856,131.03538513183594,125.0,0.00018310546875,974.695000000087,123.4622641509434,130.9261932373047,125.0,0.0001678466796875,970.7200000000303,99.46363636363637,104.58982849121094,101.0,9.1552734375e-05,584.185000000034,132.0360870361328,126.0,0.000316619873046875,1178.0,133.28021240234375,128.0,0.00030517578125,1069.5680000004359,133.16754150390625,128.0,0.00029754638671875,1098.7130000001634,106.56990814208984,103.0,0.000213623046875,672.0,123.43864841534098,-0.8179806012854606,False,,1.4947486510030965,0.030635866666666667,1.6376962989410397,0.030458533333333333,1.6386559441720714,0.030449633333333333,0.9142117583809913,0.0306611,1.6381761215565556
Light_NGC 7000_120.0s_Bin1_20260906-003252_181deg_0014.fit,200,120.0,15,-20.0,-20.0,2026-09-05T22:30:51.633038,181.0,6829,NGC 7000,2026-09-05 22:30:51.633038,D,100.80819085,False,0.0,False,277.61538461538464,307.3139343261719,282.0,0.001129150390625,4095.0,289.164,316.0806121826172,294.0,0.0008392333984375,3580.20500000014,291.3545454545455,315.9180908203125,294.0,0.0009307861328125,3720.1150000000416,192.9731543624161,211.26438903808594,198.0,0.000457763671875,2181.465000000004,317.6029052734375,299.0,0.0010833740234375,4095.0,323.13853454589844,307.0,0.0009918212890625,4040.99300000089,322.8909339904785,307.0,0.0010223388671875,4095.0,217.0013198852539,206.0,0.0006561279296875,2619.4270000001998,290.25927272727273,-0.7799043017631575,False,,1.5928231475997772,0.007658966666666667,1.6715416862577,0.007614633333333333,1.6877285873409025,0.007612408333333333,0.9453291101733441,0.007665275,1.6796351367993012
Light_NGC 7000_30.0s_Bin1_20260906-003350_181deg_0015.fit,50,30.0,15,-20.0,-20.0,2026-09-05T22:33:19.637090,181.0,6829,NGC 7000,2026-09-05 22:33:19.637090,A,103.27492505000001,False,0.0,False,73.54129306276546,75.18797302246094,74.0,1.52587890625e-05,230.39500000001135,74.00323444122239,75.42997741699219,74.0,1.52587890625e-05,222.93000000000757,74.0056974459725,75.44651794433594,74.0,0.0,219.0,69.98044551322617,70.77706909179688,70.0,0.0,154.0,75.98357772827148,75.0,7.2479248046875e-05,256.0,76.11138153076172,75.0,7.62939453125e-05,242.0,76.11770629882812,75.0,8.392333984375e-05,232.57100000005448,71.36359405517578,70.0,4.57763671875e-05,175.0,74.00446594359744,-0.8695630003687587,False,,1.567828262346805,0.18049426666666665,1.6427280477757482,0.17956753333333333,1.6396872584245288,0.17918689999999998,0.9256087641936863,0.18059046666666667,1.6412076531001385
Light_NGC 7000_120.0s_Bin1_20260906-003606_181deg_0015.fit,50,120.0,15,-20.0,-20.0,2026-09-05T22:34:05.644112,181.0,6829,NGC 7000,2026-09-05 22:34:05.644112,B,104.04170875,False,0.0,False,101.60337078651685,107.9990234375,103.0,0.0001678466796875,732.9300000000076,103.58029197080292,108.97080993652344,104.0,9.1552734375e-05,708.3250000000189,103.80188679245283,109.01568603515625,104.0,0.0001220703125,681.0450000000492,86.92931596091205,90.10099792480469,87.0,4.57763671875e-05,405.97500000005675,110.33002471923828,106.0,0.00022125244140625,818.0,110.86882400512695,107.0,0.000209808349609375,755.8570000000182,110.88228225708008,107.0,0.000202178955078125,702.7140000000363,91.61514282226562,89.0,0.000156402587890625,478.85700000001816,103.69108938162788,-0.49653259463716637,False,,1.6582181005595786,0.04512356666666666,1.7384518279051544,0.044891883333333334,1.7446935148083411,0.044796724999999996,0.9966032969535387,0.04514761666666667,1.7415726713567476
Light_NGC 7000_30.0s_Bin1_20260906-003714_181deg_0015.fit,200,30.0,15,-20.0,-20.0,2026-09-05T22:36:43.629610,181.0,6829,NGC 7000,2026-09-05 22:36:43.629610,C,106.67480038333333,False,0.0,False,123.11184210526316,131.1891326904297,125.0,0.0001678466796875,975.3250000000189,125.79113924050633,132.70326232910156,127.0,0.0001373291015625,881.0900000000984,124.41823899371069,132.65318298339844,127.0,0.0001678466796875,909.9750000000568,101.172,105.28501892089844,102.0,4.57763671875e-05,517.8350000000719,134.74507522583008,129.0,0.00031280517578125,1175.5700000001816,135.58080673217773,130.0,0.000270843505859375,1078.4280000000726,135.49038696289062,130.0,0.000270843505859375,1017.7140000000363,107.75355911254883,104.0,0.0001983642578125,717.9990000001271,125.1046891171085,-0.5890644975036454,False,,1.6379426625313618,0.030635866666666667,1.710069019825737,0.030458533333333333,1.6677650276102263,0.030449633333333333,0.9665920666719001,0.0306611,1.6889170237179816
Light_NGC 7000_120.0s_Bin1_20260906-003958_181deg_0015.fit,200,120.0,15,-20.0,-20.0,2026-09-05T22:37:57.641151,181.0,6829,NGC 7000,2026-09-05 22:37:57.641151,D,107.90832606666666,False,0.0,False,298.0042016806723,326.6077575683594,305.0,0.000823974609375,3449.760000000242,306.12068965517244,333.06809997558594,314.0,0.0007781982421875,3168.7200000000303,310.34313725490193,333.0335235595703,314.0,0.0006561279296875,3314.250000000189,203.77272727272728,218.8931427001953,208.0,0.0003662109375,1769.0900000000984,338.38321685791016,322.0,0.001026153564453125,4095.0,342.14794540405273,327.0,0.00095367431640625,3978.2790000008536,341.69145584106445,327.0,0.00091552734375,3660.0,225.73170852661133,216.0,0.00060272216796875,2505.56600000069,308.2319134550372,-0.010822956842038205,False,,1.7489804178755795,0.007658966666666667,1.8006606605289646,0.007614633333333333,1.8322775018002007,0.007612408333333333,1.0281108064134297,0.007665275,1.8164690811645827
Light_NGC 7000_30.0s_Bin1_20260906-004110_181deg_0016.fit,50,30.0,15,-20.0,-20.0,2026-09-05T22:40:39.638845,181.0,6829,NGC 7000,2026-09-05 22:40:39.638845,A,110.60828763333333,False,0.0,False,74.82573921473582,76.16001892089844,75.0,0.0,223.39500000001135,75.23375959079284,76.37727355957031,75.0,1.52587890625e-05,195.46500000000378,75.23999542648068,76.39053344726562,75.0,0.0,191.93000000000757,70.78346562626126,71.38211059570312,71.0,0.0,144.46500000000378,77.12128448486328,76.0,6.4849853515625e-05,232.85700000001816,77.21378707885742,76.0,6.4849853515625e-05,223.0,77.24927139282227,76.0,8.0108642578125e-05,230.85700000001816,72.0601692199707,71.0,4.1961669921875e-05,169.0,75.23687750863675,0.014652928012524416,False,,1.7996634286195166,0.18049426666666665,1.8636904135887458,0.17956753333333333,1.860857287228049,0.17918689999999998,1.0706265411494125,0.18059046666666667,1.8622738504083975
Light_NGC 7000_120.0s_Bin1_20260906-004350_181deg_0016.fit,50,120.0,15,-20.0,-20.0,2026-09-05T22:41:49.639961,181.0,6829,NGC 7000,2026-09-05 22:41:49.639961,B,111.7749729,False,0.0,False,103.78159645232816,109.33790588378906,105.0,7.62939453125e-05,634.3250000000189,105.69521178637201,110.36476135253906,106.0,7.62939453125e-05,587.5800000000454,105.8111726685134,110.31346130371094,106.0,6.103515625e-05,634.3950000000114,87.89529220779221,90.66659545898438,88.0,1.52587890625e-05,356.2550000000265,111.94058609008789,108.0,0.000209808349609375,829.8570000000182,112.47411346435547,109.0,0.000202178955078125,768.5710000000545,112.52214431762695,109.0,0.00020599365234375,703.0,92.51190185546875,90.0,0.000141143798828125,502.0,105.7531922274427,-0.08110601011814189,False,,1.7565074116058597,0.04512356666666666,1.8333945615250369,0.044891883333333334,1.8347029416446103,0.044796724999999996,1.0402148222567893,0.04514761666666667,1.8340487515848236
Light_NGC 7000_30.0s_Bin1_20260906-004446_181deg_0016.fit,200,30.0,15,-20.0,-20.0,2026-09-05T22:44:15.640439,181.0,6829,NGC 7000,2026-09-05 22:44:15.640439,C,114.20831419999999,False,0.0,False,126.03435114503817,132.8801727294922,127.0,0.0001678466796875,869.6500000000378,127.1797153024911,134.5727081298828,129.0,0.0001678466796875,851.3250000000189,128.80324909747293,134.56544494628906,129.0,0.0001373291015625,878.0,102.22727272727273,106.47344970703125,103.0,4.57763671875e-05,502.39500000001135,137.09482955932617,131.0,0.000293731689453125,1145.7140000000363,137.9869384765625,133.0,0.000286102294921875,1085.0,137.9079246520996,133.0,0.000278472900390625,1074.7140000000363,109.08525085449219,106.0,0.000202178955078125,655.8570000000182,127.99148219998202,-0.19241546950894525,False,,1.727476259806037,0.030635866666666667,1.752363010095569,0.030458533333333333,1.8012869774327485,0.030449633333333333,0.9989478892900823,0.0306611,1.7768249937641587
Light_NGC 7000_120.0s_Bin1_20260906-004728_181deg_0016.fit,200,120.0,15,-20.0,-20.0,2026-09-05T22:45:27.647492,181.0,6829,NGC 7000,2026-09-05 22:45:27.647492,D,115.40843175,False,0.0,False,297.4259259259259,324.2755584716797,301.0,0.000946044921875,3939.465000000004,305.3086956521739,331.44676208496094,312.0,0.00079345703125,3407.3400000002875,305.98623853211006,331.25965881347656,312.0,0.000701904296875,3053.555000000102,202.94,219.2794952392578,207.0,0.0003814697265625,1966.020000000106,336.73052978515625,319.0,0.0009613037109375,3996.5710000000545,340.96680068969727,326.0,0.00098419189453125,3970.1390000004903,340.64098739624023,325.0,0.000995635986328125,4009.5710000000545,226.44549179077148,216.0,0.000640869140625,2705.7140000000363,305.647467092142,-0.12141602520407319,False,,1.7445514231458357,0.007658966666666667,1.7944776239272653,0.007614633333333333,1.7991110096553307,0.007612408333333333,1.0217277228679749,0.007665275,1.7967943167912979
Light_NGC 7000_30.0s_Bin1_20260906-004826_181deg_0017.fit,50,30.0,15,-20.0,-20.0,2026-09-05T22:47:55.650550,181.0,6829,NGC 7000,2026-09-05 22:47:55.650550,A,117.87514938333334,False,0.0,False,74.36752866552818,75.92019653320312,75.0,0.0,240.0,74.86313617606602,76.22547912597656,75.0,1.52587890625e-05,235.0,74.91564216583835,76.28834533691406,75.0,0.0,230.46500000000378,70.62228011032792,71.3681640625,71.0,0.0,152.46500000000378,76.85358047485352,75.0,9.1552734375e-05,254.71400000003632,76.9873275756836,76.0,8.392333984375e-05,241.85700000001816,77.01200103759766,76.0,7.2479248046875e-05,228.85700000001816,72.00517654418945,71.0,3.814697265625e-05,175.85700000001816,74.88938917095219,-0.23465885371976286,False,,1.7169590515613538,0.18049426666666665,1.7971384812106732,0.17956753333333333,1.8027374319486584,0.17918689999999998,1.041517973607103,0.18059046666666667,1.7999379565796658
Light_NGC 7000_120.0s_Bin1_20260906-005054_181deg_0017.fit,50,120.0,15,-20.0,-20.0,2026-09-05T22:48:53.637106,181.0,6829,NGC 7000,2026-09-05 22:48:53.637106,B,118.84159198333333,False,0.0,False,103.15919282511211,109.13307189941406,104.0,9.1552734375e-05,697.0,105.11481481481482,110.43911743164062,106.0,0.000152587890625,645.4650000000038,105.4856938483548,110.45892333984375,106.0,0.0001068115234375,631.185000000034,88.0368484122229,90.91415405273438,88.0,3.0517578125e-05,399.4650000000038,111.8959846496582,107.0,0.000232696533203125,844.142000000109,112.66727066040039,109.0,0.00020599365234375,759.142000000109,112.64151382446289,109.0,0.000213623046875,731.8570000000182,92.67879486083984,90.0,0.000164031982421875,511.7140000000363,105.30025433158481,-0.17235385619786767,False,,1.7284223400396013,0.04512356666666666,1.8073394483908714,0.044891883333333334,1.8201225564446413,0.044796724999999996,1.0466057475112143,0.04514761666666667,1.8137310024177564
Light_NGC 7000_30.0s_Bin1_20260906-005406_181deg_0017.fit,200,30.0,15,-20.0,-19.5,2026-09-05T22:53:35.514747,181.0,6752,NGC 7000,2026-09-05 22:53:35.514747,C,123.53955266666667,False,0.5,False,121.0,129.87576293945312,123.0,0.000152587890625,1068.325000000019,125.94029850746269,132.2820281982422,127.0,0.0001068115234375,1013.510000000053,126.6390977443609,132.2446746826172,127.0,0.0001373291015625,884.8600000000151,100.1843853820598,104.87110900878906,101.0,0.0001068115234375,551.185000000034,133.82991409301758,128.0,0.000255584716796875,1076.8570000000182,135.40608978271484,131.0,0.000255584716796875,1014.5700000001816,135.26021194458008,130.0,0.000225067138671875,969.4280000000726,107.25410842895508,104.0,0.000171661376953125,622.0,126.2896981259118,-0.42624275794241623,False,,1.5732445493734668,0.030635866666666667,1.7146121923303028,0.030458533333333333,1.73538936225265,0.030449633333333333,0.936310716109774,0.0306611,1.7250007772914764
Light_NGC 7000_120.0s_Bin1_20260906-005646_181deg_0017.fit,200,120.0,15,-20.0,-20.0,2026-09-05T22:54:45.636608,181.0,6752,NGC 7000,2026-09-05 22:54:45.636608,D,124.70825035,False,0.0,False,279.7169811320755,307.91883850097656,284.0,0.0011444091796875,4095.0,294.56542056074767,318.40882873535156,298.0,0.0009002685546875,3375.74500000073,294.81617647058823,318.2461395263672,297.0,0.0008087158203125,3527.550000000265,194.5,210.11402893066406,198.0,0.000396728515625,2114.2550000000265,321.1538314819336,304.0,0.001010894775390625,4095.0,328.4873695373535,313.0,0.000911712646484375,3743.7120000002906,328.18946838378906,313.0,0.000926971435546875,3798.9960000005085,217.33172988891602,207.0,0.000591278076171875,2367.7130000001634,294.69079851566795,-0.590271411136987,False,,1.6089192052678951,0.007658966666666667,1.7126715233069212,0.007614633333333333,1.7140799361343513,0.007612408333333333,0.957032801867975,0.007665275,1.7133757297206362
Light_NGC 7000_30.0s_Bin1_20260906-005750_181deg_0018.fit,50,30.0,15,-20.0,-20.0,2026-09-05T22:57:19.646595,181.0,6752,NGC 7000,2026-09-05 22:57:19.646595,A,127.27508346666667,False,0.0,False,73.6974808816914,75.2935791015625,74.0,3.0517578125e-05,251.39500000001135,74.30144251166737,75.75070190429688,75.0,3.0517578125e-05,230.0,74.27046153846153,75.77713012695312,75.0,1.52587890625e-05,227.93000000000757,70.21622870724944,71.02464294433594,70.0,0.0,157.93000000000757,76.05728912353516,75.0,6.4849853515625e-05,244.0,76.33251953125,75.0,5.7220458984375e-05,233.71400000003632,76.33346176147461,75.0,6.4849853515625e-05,223.85700000001816,71.52688217163086,71.0,4.57763671875e-05,164.85700000001816,74.28595202506446,-0.667605729022613,False,,1.5960192681861092,0.18049426666666665,1.6962765354056473,0.17956753333333333,1.6871295153889514,0.17918689999999998,0.9681889612345057,0.18059046666666667,1.6917030253972993
Light_NGC 7000_120.0s_Bin1_20260906-010014_181deg_0018.fit,50,120.0,15,-20.0,-20.0,2026-09-05T22:58:13.660753,181.0,6752,NGC 7000,2026-09-05 22:58:13.660753,B,128.17531943333333,False,0.0,False,100.1844512195122,106.58381652832031,101.0,9.1552734375e-05,785.6500000000378,102.93823845327604,108.39697265625,104.0,0.0001220703125,714.9300000000076,102.82027257240205,108.35932922363281,104.0,0.0001068115234375,716.8350000000719,86.5674486803519,89.79241943359375,87.0,3.0517578125e-05,449.93000000000757,109.14924621582031,105.0,0.0001983642578125,806.8560000001453,110.27124404907227,106.0,0.000179290771484375,724.142000000109,110.36412811279297,106.0,0.00018310546875,727.142000000109,91.40524291992188,89.0,0.0001373291015625,483.5710000000545,102.87925551283905,-0.6600828132852294,False,,1.5941913888832064,0.04512356666666666,1.7096288363025816,0.044891883333333334,1.7007204125366366,0.044796724999999996,0.9802658516866,0.04514761666666667,1.705174624419609
Light_NGC 7000_30.0s_Bin1_20260906-010118_181deg_0018.fit,200,30.0,15,-20.0,-20.0,2026-09-05T23:00:47.652852,181.0,6752,NGC 7000,2026-09-05 23:00:47.652852,C,130.74185441666665,False,0.0,False,120.01768488745981,129.76217651367188,122.0,0.0002288818359375,1240.9300000000076,123.76174496644295,132.47177124023438,126.0,0.0001373291015625,992.7900000000227,126.16956521739131,132.4669647216797,126.0,0.0001373291015625,1039.4400000000605,100.65189873417721,105.6881103515625,102.0,7.62939453125e-05,650.185000000034,133.1366310119629,127.0,0.0002899169921875,1207.2850000000908,135.01162338256836,130.0,0.000247955322265625,1023.8570000000182,134.9890899658203,130.0,0.00026702880859375,1065.8570000000182,107.81007766723633,104.0,0.000156402587890625,667.8570000000182,124.96565509191713,-0.6081679487615572,False,,1.543150474561034,0.030635866666666667,1.6482566466827016,0.030458533333333333,1.7210922689683525,0.030449633333333333,0.950645189750381,0.0306611,1.684674457825527
Light_NGC 7000_120.0s_Bin1_20260906-010352_181deg_0018.fit,200,120.0,15,-20.0,-20.0,2026-09-05T23:01:51.664899,181.0,6752,NGC 7000,2026-09-05 23:01:51.664899,D,131.80872186666667,False,0.0,False,278.7244897959184,309.80194091796875,284.0,0.0010986328125,4095.0,293.9140625,322.57460021972656,301.0,0.0009002685546875,3842.3950000000114,299.14444444444445,322.4173889160156,300.0,0.0008392333984375,3910.740000000136,195.74418604651163,214.91989135742188,202.0,0.00048828125,2082.835000000072,321.8061714172363,304.0,0.001110076904296875,4095.0,331.03016662597656,315.0,0.000957489013671875,3882.568000000436,330.6314125061035,315.0,0.0009918212890625,4083.7140000000363,221.39452362060547,211.0,0.0006103515625,2525.5710000000545,296.5292534722222,-0.5116006452778897,False,,1.6013177472073121,0.007658966666666667,1.7077116705056166,0.007614633333333333,1.7470284793274342,0.007612408333333333,0.9665698300656496,0.007665275,1.7273700749165255
Light_NGC 7000_30.0s_Bin1_20260906-010452_181deg_0019.fit,50,30.0,15,-20.0,-20.0,2026-09-05T23:04:21.652369,181.0,6752,NGC 7000,2026-09-05 23:04:21.652369,A,134.30851303333333,False,0.0,False,73.57630922693266,75.1683349609375,74.0,3.0517578125e-05,235.93000000000757,74.21529578128683,75.60540771484375,74.0,1.52587890625e-05,227.46500000000378,74.21151465125877,75.63020324707031,74.0,3.0517578125e-05,221.0,70.24614340367765,71.07762145996094,70.0,1.52587890625e-05,158.0,75.96895980834961,75.0,6.103515625e-05,258.0,76.24567031860352,75.0,5.7220458984375e-05,235.0,76.25472259521484,75.0,5.7220458984375e-05,237.0,71.60100173950195,71.0,3.814697265625e-05,169.0,74.2134052162728,-0.7196557468141678,False,,1.5741484792196438,0.18049426666666665,1.6808073795264804,0.17956753333333333,1.6765670054064385,0.17918689999999998,0.9735912702226674,0.18059046666666667,1.6786871924664595
Light_NGC 7000_120.0s_Bin1_20260906-010730_181deg_0019.fit,50,120.0,15,-20.0,-20.0,2026-09-05T23:05:29.655664,181.0,6752,NGC 7000,2026-09-05 23:05:29.655664,B,135.44190128333332,False,0.0,False,99.3389544688027,105.85667419433594,100.0,0.0001068115234375,790.4650000000038,102.51295641931684,107.72059631347656,103.0,9.1552734375e-05,745.7900000000227,102.30333333333333,107.78398132324219,103.0,9.1552734375e-05,669.7900000000227,86.42190739460953,89.72039794921875,87.0,9.1552734375e-05,428.39500000001135,108.46261978149414,104.0,0.000217437744140625,814.7140000000363,109.71316528320312,106.0,0.000217437744140625,757.8570000000182,109.75360488891602,106.0,0.000194549560546875,744.0,91.25273132324219,88.0,0.00014495849609375,488.85700000001816,102.40814487632508,-0.7549916986760784,False,,1.556039559886116,0.04512356666666666,1.6905371248503223,0.044891883333333334,1.677563227602366,0.044796724999999996,0.9736950095087297,0.04514761666666667,1.6840501762263442
Light_NGC 7000_30.0s_Bin1_20260906-010824_181deg_0019.fit,200,30.0,15,-20.0,-20.0,2026-09-05T23:07:53.665606,181.0,6752,NGC 7000,2026-09-05 23:07:53.665606,C,137.84206698333335,False,0.0,False,118.44166666666666,127.11289978027344,120.0,0.0002288818359375,1023.2550000000265,121.2511961722488,130.02134704589844,124.0,0.00018310546875,976.8600000000151,121.81515151515151,129.927734375,124.0,0.0001678466796875,925.8600000000151,99.15648854961832,103.96499633789062,100.0,4.57763671875e-05,584.0,130.77583694458008,125.0,0.000301361083984375,1159.2850000000908,132.706787109375,127.0,0.000263214111328125,1063.2850000000908,132.63957595825195,127.0,0.0002593994140625,1063.5710000000545,106.14736938476562,103.0,0.00018310546875,670.9990000001271,121.53317384370015,-1.0797952222203366,False,,1.4948677904845777,0.030635866666666667,1.5717890125497793,0.030458533333333333,1.5885019683535082,0.030449633333333333,0.9047942685406024,0.0306611,1.5801454904516437
Light_NGC 7000_120.0s_Bin1_20260906-011102_181deg_0019.fit,200,120.0,15,-20.0,-20.0,2026-09-05T23:09:01.665040,181.0,6752,NGC 7000,2026-09-05 23:09:01.665040,D,138.97539088333332,False,0.0,False,271.1488888888889,303.60606384277344,278.0,0.00103759765625,4095.0,291.8076923076923,317.5686340332031,295.0,0.0009765625,3772.6900000002497,288.0570469798658,317.5683898925781,295.0,0.0009307861328125,3961.650000000038,194.43506493506493,211.3805389404297,198.0,0.0005035400390625,2226.5800000000454,318.0104293823242,299.0,0.001117706298828125,4095.0,327.9221992492676,312.0,0.001003265380859375,4094.4280000000726,327.7110023498535,311.0,0.001026153564453125,4095.0,219.04355239868164,208.0,0.00064849853515625,2509.284000000218,289.93236964377905,-0.7938930676279191,False,,1.543296472380404,0.007658966666666667,1.6916724338269309,0.007614633333333333,1.6626266824730966,0.007612408333333333,0.9565350567381049,0.007665275,1.6771495581500138
Light_NGC 7000_30.0s_Bin1_20260906-011148_181deg_0020.fit,50,30.0,15,-20.0,-20.0,2026-09-05T23:11:17.658421,181.0,6752,NGC 7000,2026-09-05 23:11:17.658421,A,141.24194723333332,False,0.0,False,73.66966580976863,75.33735656738281,74.0,3.0517578125e-05,252.86000000001513,74.35146579804561,75.86662292480469,75.0,1.52587890625e-05,221.46500000000378,74.37470948658357,75.83499145507812,75.0,3.0517578125e-05,234.46500000000378,70.29667657389895,71.12150573730469,70.0,0.0,163.39500000001135,76.16344451904297,75.0,7.62939453125e-05,252.0,76.52124404907227,75.0,6.4849853515625e-05,245.85700000001816,76.55192565917969,75.0,6.4849853515625e-05,240.0,71.7173843383789,71.0,4.1961669921875e-05,175.85700000001816,74.36308764231458,-0.6122633877521432,False,,1.5909988071771275,0.18049426666666665,1.7052590935498138,0.17956753333333333,1.7058093820443,0.17918689999999998,0.9827170790150781,0.18059046666666667,1.7055342377970568
Light_NGC 7000_120.0s_Bin1_20260906-011418_181deg_0020.fit,50,120.0,15,-20.0,-20.0,2026-09-05T23:12:17.665071,181.0,6752,NGC 7000,2026-09-05 23:12:17.665071,B,142.24205806666666,False,0.0,False,99.83212121212121,106.11506652832031,101.0,9.1552734375e-05,872.8600000000151,102.65981198589894,108.02127075195312,103.0,9.1552734375e-05,723.3950000000114,102.67800289435601,108.11079406738281,103.0,0.0001068115234375,697.510000000053,86.65257352941177,89.89595031738281,87.0,7.62939453125e-05,437.86000000001513,108.81371688842773,104.0,0.0001983642578125,839.8570000000182,110.15782165527344,106.0,0.000194549560546875,764.7140000000363,110.17097854614258,106.0,0.0001983642578125,746.8570000000182,91.51136016845703,89.0,0.000133514404296875,495.85700000001816,102.66890744012747,-0.7024590611935645,False,,1.578293002306032,0.04512356666666666,1.6971297478121765,0.044891883333333334,1.69434719689337,0.044796724999999996,0.9841090357407627,0.04514761666666667,1.6957384723527733
Light_NGC 7000_30.0s_Bin1_20260906-011542_181deg_0020.fit,200,30.0,15,-20.0,-19.5,2026-09-05T23:15:11.681338,181.0,6752,NGC 7000,2026-09-05 23:15:11.681338,C,145.14232918333335,False,0.5,False,120.9620253164557,129.16644287109375,122.0,0.0001983642578125,1072.3950000000114,124.61336032388664,131.890625,126.0,0.0001983642578125,1004.8600000000151,123.36567164179104,131.9164581298828,126.0,0.0001220703125,980.1150000000416,100.41749174917491,105.52143859863281,102.0,7.62939453125e-05,605.3950000000114,132.57990264892578,127.0,0.000274658203125,1110.0,134.49200057983398,129.0,0.00026702880859375,1066.7140000000363,134.43165588378906,129.0,0.00025177001953125,1015.0,107.6002311706543,104.0,0.000186920166015625,673.7140000000363,123.98951598283884,-0.7422906994015557,False,,1.5720811620316946,0.030635866666666667,1.674195601434579,0.030458533333333333,1.6357147376856354,0.030449633333333333,0.9434580137425271,0.0306611,1.654955169560107
Light_NGC 7000_120.0s_Bin1_20260906-011810_181deg_0020.fit,200,120.0,15,-20.0,-20.0,2026-09-05T23:16:09.667390,181.0,6752,NGC 7000,2026-09-05 23:16:09.667390,D,146.10876338333335,False,0.0,False,274.72058823529414,307.2642364501953,282.0,0.001068115234375,4095.0,292.68367346938777,319.0360412597656,297.0,0.000823974609375,3523.41000000028,294.82530120481925,318.87452697753906,297.0,0.0009765625,3958.555000000859,198.1818181818182,213.7772979736328,201.0,0.0004425048828125,2232.1300000003102,320.2274627685547,302.0,0.001033782958984375,4095.0,328.384464263916,313.0,0.001007080078125,4095.0,328.2076835632324,312.0,0.00095367431640625,3838.0,220.8052101135254,210.0,0.000637054443359375,2489.857000000018,293.7544873371035,-0.6303378360648827,False,,1.5706519986178766,0.007658966666666667,1.698342709180149,0.007614633333333333,1.714149397337251,0.007612408333333333,0.9852549507316114,0.007665275,1.7062460532587
Light_NGC 7000_30.0s_Bin1_20260906-011930_181deg_0021.fit,50,30.0,15,-20.0,-20.0,2026-09-05T23:18:59.705094,181.0,6752,NGC 7000,2026-09-05 23:18:59.705094,A,148.94272511666668,False,0.0,False,73.81938633193863,75.47795104980469,74.0,3.0517578125e-05,277.7900000000227,74.45410225921522,75.92347717285156,75.0,4.57763671875e-05,237.86000000001513,74.51879505664263,75.98121643066406,75.0,1.52587890625e-05,229.93000000000757,70.38669138854553,71.25326538085938,71.0,0.0,158.0,76.23043823242188,75.0,6.866455078125e-05,246.85700000001816,76.51948928833008,75.0,6.4849853515625e-05,236.85700000001816,76.56116104125977,75.0,5.7220458984375e-05,236.0,71.76487731933594,71.0,4.57763671875e-05,172.0,74.48644865792892,-0.5237557998312135,False,,1.6180225030311521,0.18049426666666665,1.723689269712103,0.17956753333333333,1.7316276286779162,0.17918689999999998,0.9989728963990173,0.18059046666666667,1.7276584491950095
Light_NGC 7000_120.0s_Bin1_20260906-012206_181deg_0021.fit,50,120.0,15,-20.0,-20.0,2026-09-05T23:20:05.664287,181.0,6752,NGC 7000,2026-09-05 23:20:05.664287,B,150.042045,False,0.0,False,101.58602150537635,108.09614562988281,102.0,0.000152587890625,849.9300000000076,104.52127659574468,109.99290466308594,105.0,0.0001220703125,740.9300000000076,104.1421052631579,109.83111572265625,105.0,0.0001068115234375,773.695000000087,87.61944444444444,90.93284606933594,88.0,4.57763671875e-05,446.18500000003405,110.17105102539062,106.0,0.00020599365234375,812.7140000000363,111.50552749633789,108.0,0.000194549560546875,743.8570000000182,111.5212287902832,108.0,0.00019073486328125,727.7140000000363,92.3050651550293,90.0,0.000133514404296875,499.0,104.3316909294513,-0.36747845284690617,False,,1.6574352391154163,0.04512356666666666,1.7806943999065004,0.044891883333333334,1.7599341880804367,0.044796724999999996,1.027760953178807,0.04514761666666667,1.7703142939934686
Light_NGC 7000_30.0s_Bin1_20260906-012258_181deg_0021.fit,200,30.0,15,-20.0,-20.0,2026-09-05T23:22:27.666262,181.0,6752,NGC 7000,2026-09-05 23:22:27.666262,C,152.40874458333334,False,0.0,False,121.95070422535211,130.24887084960938,123.0,0.000244140625,1188.4650000000038,125.63186813186813,133.05874633789062,127.0,0.0002288818359375,1065.7900000000227,125.3409090909091,133.0530548095703,127.0,0.0001983642578125,1104.4400000000605,102.00625,105.82417297363281,102.0,7.62939453125e-05,639.4650000000038,133.11074829101562,127.0,0.00025177001953125,1190.4280000000726,135.2533416748047,130.0,0.00028228759765625,1057.284000000218,135.1480484008789,130.0,0.0002593994140625,1012.7140000000363,107.72175979614258,104.0,0.000186920166015625,671.7140000000363,125.4863886113886,-0.5366185032650955,False,,1.6023701972607907,0.030635866666666667,1.7052178554542434,0.030458533333333333,1.6958599937575487,0.030449633333333333,0.9921710893469,0.0306611,1.7005389246058962
Light_NGC 7000_120.0s_Bin1_20260906-012514_181deg_0021.fit,200,120.0,15,-20.0,-20.0,2026-09-05T23:23:13.683464,181.0,6752,NGC 7000,2026-09-05 23:23:13.683464,D,153.17569795,False,0.0,False,283.1292134831461,313.29652404785156,288.0,0.0011138916015625,4095.0,303.0593220338983,327.8947448730469,306.0,0.0009765625,3945.330000000613,299.5,327.9634552001953,306.0,0.0009918212890625,4076.160000000091,199.426267281106,217.13662719726562,204.0,0.000579833984375,2262.370000000068,325.4986038208008,308.0,0.0010833740234375,4095.0,336.7170639038086,321.0,0.000942230224609375,3896.710000000545,336.30310440063477,321.0,0.0009765625,3916.142000000109,223.36590194702148,213.0,0.0005950927734375,2421.285000000091,301.27966101694915,-0.3083222356795652,False,,1.6350533791036663,0.007658966666666667,1.777349468594423,0.007614633333333333,1.7497351134015084,0.007612408333333333,0.9947939953011548,0.007665275,1.7635422909979659
Light_NGC 7000_30.0s_Bin1_20260906-012622_181deg_0022.fit,50,30.0,15,-20.0,-20.0,2026-09-05T23:25:51.681559,181.0,6752,NGC 7000,2026-09-05 23:25:51.681559,A,155.80899953333335,False,0.0,False,73.88021605592036,75.5928955078125,74.0,3.0517578125e-05,263.39500000001135,74.7007392007392,76.08660888671875,75.0,3.0517578125e-05,234.0,74.7503937007874,76.22152709960938,75.0,1.52587890625e-05,227.46500000000378,70.46641355140187,71.31758117675781,71.0,1.52587890625e-05,156.0,76.38138961791992,75.0,5.340576171875e-05,252.0,76.78124618530273,76.0,6.103515625e-05,231.85700000001816,76.81377792358398,76.0,6.103515625e-05,237.85700000001816,71.82742309570312,71.0,3.4332275390625e-05,168.71400000003632,74.7255664507633,-0.3521964221189569,False,,1.6290019194527694,0.18049426666666665,1.767977256930443,0.17956753333333333,1.7731270717664205,0.17918689999999998,1.0133699589929202,0.18059046666666667,1.7705521643484317
Light_NGC 7000_120.0s_Bin1_20260906-012900_181deg_0022.fit,50,120.0,15,-20.0,-20.0,2026-09-05T23:26:59.684070,181.0,6752,NGC 7000,2026-09-05 23:26:59.684070,B,156.94237471666665,False,0.0,False,100.5230352303523,107.07986450195312,101.0,0.0001373291015625,863.4650000000038,103.57196562835661,109.31784057617188,104.0,0.00018310546875,746.9300000000076,103.38995726495726,109.23541259765625,104.0,7.62939453125e-05,753.695000000087,87.04890921885996,90.41596984863281,88.0,0.0001068115234375,483.2550000000265,109.42401885986328,105.0,0.000186920166015625,824.8570000000182,111.05204010009766,107.0,0.00019073486328125,752.7140000000363,111.022705078125,107.0,0.00018310546875,725.7140000000363,91.91551971435547,89.0,0.0001220703125,493.0,103.48096144665693,-0.5388644940931904,False,,1.6094695070686174,0.04512356666666666,1.738078042711461,0.044891883333333334,1.726240421045742,0.044796724999999996,1.0020026475192887,0.04514761666666667,1.7321592318786014
Light_NGC 7000_30.0s_Bin1_20260906-012956_181deg_0022.fit,200,30.0,15,-20.0,-20.0,2026-09-05T23:29:25.684785,181.0,6752,NGC 7000,2026-09-05 23:29:25.684785,C,159.37571996666665,False,0.0,False,121.90878378378379,130.57333374023438,123.0,0.0001983642578125,1174.530000000159,126.91346153846153,133.63763427734375,127.0,0.000213623046875,1070.20500000014,126.61009174311927,133.69580078125,127.0,0.0002288818359375,1031.325000000019,102.116,106.60076904296875,103.0,7.62939453125e-05,640.0450000000492,134.09373474121094,128.0,0.000255584716796875,1157.8570000000182,136.34659576416016,131.0,0.0002593994140625,1051.8570000000182,136.32794952392578,131.0,0.00026702880859375,1039.5710000000545,108.65024948120117,105.0,0.00018310546875,668.0,126.7617766407904,-0.3613785717370815,False,,1.6010859282022958,0.030635866666666667,1.7442533109487488,0.030458533333333333,1.734506140150376,0.030449633333333333,0.9955361450719002,0.0306611,1.7393797255495624
Light_NGC 7000_120.0s_Bin1_20260906-013224_181deg_0022.fit,200,120.0,15,-20.0,-20.0,2026-09-05T23:30:23.708808,181.0,6752,NGC 7000,2026-09-05 23:30:23.708808,D,160.34278701666665,False,0.0,False,281.2090909090909,315.48280334472656,290.0,0.00103759765625,4095.0,303.6309523809524,328.4862823486328,307.0,0.000885009765625,3743.045000000049,302.2931034482759,328.45420837402344,307.0,0.0009765625,3839.1800000001967,203.95833333333334,219.12547302246094,206.0,0.000457763671875,2034.4650000000038,329.76713943481445,312.0,0.001068115234375,4095.0,339.06207275390625,324.0,0.001003265380859375,4094.7140000000363,338.8217010498047,323.0,0.000942230224609375,3887.284000000218,226.68749237060547,216.0,0.0006256103515625,2411.7140000000363,302.96202791461417,-0.2363307561910681,False,,1.6203472243130634,0.007658966666666667,1.7817022240894462,0.007614633333333333,1.7709973573670257,0.007612408333333333,1.0295335279096418,0.007665275,1.776349790728236
Light_NGC 7000_30.0s_Bin1_20260906-013328_181deg_0023.fit,50,30.0,15,-20.0,-20.0,2026-09-05T23:32:57.680815,181.0,6752,NGC 7000,2026-09-05 23:32:57.680815,A,162.90898713333334,False,0.0,False,74.12491582491583,75.84257507324219,74.0,3.0517578125e-05,263.0,74.89180478821363,76.37689208984375,75.0,1.52587890625e-05,211.0,74.93106457242583,76.29774475097656,75.0,3.0517578125e-05,235.18500000003405,70.6660119307435,71.41261291503906,71.0,0.0,156.0,76.65615463256836,75.0,6.866455078125e-05,247.0,77.01243591308594,76.0,6.4849853515625e-05,245.0,77.03837966918945,76.0,5.7220458984375e-05,239.0,72.00577163696289,71.0,4.1961669921875e-05,173.85700000001816,74.91143468031973,-0.21884190499497597,False,,1.6731688248111103,0.18049426666666665,1.80228643317811,0.17956753333333333,1.8055009251756078,0.17918689999999998,1.0494155234641342,0.18059046666666667,1.803893679176859
Light_NGC 7000_120.0s_Bin1_20260906-013540_181deg_0023.fit,50,120.0,15,-20.0,-20.0,2026-09-05T23:33:39.694115,181.0,6752,NGC 7000,2026-09-05 23:33:39.694115,B,163.6092088,False,0.0,False,102.72569444444444,109.18058776855469,104.0,0.0001220703125,850.7900000000227,106.18515205724508,111.63558959960938,107.0,0.0001068115234375,843.0450000000492,106.12642369020502,111.67279052734375,107.0,0.0001678466796875,704.3950000000114,88.58825729244577,91.76722717285156,89.0,6.103515625e-05,422.39500000001135,111.75825500488281,107.0,0.00019073486328125,825.7140000000363,113.58988189697266,110.0,0.000186920166015625,747.0,113.6837387084961,110.0,0.00018310546875,739.0,93.32461166381836,91.0,0.000133514404296875,487.85700000001816,106.15578787372505,0.0,False,,1.7088613469596514,0.04512356666666666,1.8553889030053723,0.044891883333333334,1.848825154969299,0.044796724999999996,1.0715005442621128,0.04514761666666667,1.8521070289873356
Light_NGC 7000_30.0s_Bin1_20260906-013644_181deg_0023.fit,200,30.0,15,-20.0,-20.0,2026-09-05T23:36:13.700062,181.0,6752,NGC 7000,2026-09-05 23:36:13.700062,C,166.17597458333333,False,0.0,False,125.32352941176471,135.22047424316406,128.0,0.0002288818359375,1105.6450000002005,129.40277777777777,138.400390625,132.0,0.0001678466796875,1056.020000000106,129.92567567567568,138.49171447753906,132.0,0.0001983642578125,1077.4850000001097,104.97945205479452,108.84567260742188,105.0,7.62939453125e-05,634.9300000000076,138.54230499267578,133.0,0.000278472900390625,1158.5700000001816,141.1435890197754,136.0,0.00026702880859375,1015.8570000000182,141.0688018798828,136.0,0.000270843505859375,1033.4280000000726,110.91375732421875,108.0,0.0001678466796875,668.0,129.66422672672672,0.03742174832043369,False,,1.7056996199617023,0.030635866666666667,1.8200742326011705,0.030458533333333333,1.83546445518261,0.030449633333333333,1.0833327348691604,0.0306611,1.8277693438918903
Light_NGC 7000_120.0s_Bin1_20260906-013900_181deg_0023.fit,200,120.0,15,-20.0,-20.0,2026-09-05T23:36:59.680339,181.0,6752,NGC 7000,2026-09-05 23:36:59.680339,D,166.94231253333334,False,0.0,False,294.9791666666667,325.4072723388672,300.0,0.001129150390625,4095.0,311.94444444444446,339.42694091796875,317.0,0.000946044921875,3919.945000000276,313.44444444444446,339.2469940185547,317.0,0.0010528564453125,4095.0,207.171875,225.14405822753906,212.0,0.0004730224609375,2321.5800000000454,338.7567596435547,321.0,0.001079559326171875,4095.0,349.2156105041504,334.0,0.0009307861328125,3892.5700000001816,348.90856552124023,334.0,0.000980377197265625,3889.857000000018,231.99367141723633,222.0,0.000621795654296875,2485.142000000109,312.69444444444446,0.1801367016228193,False,,1.725811775537811,0.007658966666666667,1.845006417872515,0.007614633333333333,1.8558859184941008,0.007612408333333333,1.0541662085085999,0.007665275,1.850446168183308
Light_NGC 7000_30.0s_Bin1_20260906-013954_181deg_0024.fit,50,30.0,15,-20.0,-20.0,2026-09-05T23:39:23.699563,181.0,6752,NGC 7000,2026-09-05 23:39:23.699563,A,169.34263293333333,False,0.0,False,74.49149816176471,76.18403625488281,75.0,4.57763671875e-05,264.4650000000038,75.18935988011133,76.61715698242188,75.0,3.0517578125e-05,242.46500000000378,75.20270270270271,76.69290161132812,75.0,0.0,227.0,70.85519498227434,71.67335510253906,71.0,1.52587890625e-05,151.93000000000757,76.94689559936523,76.0,6.103515625e-05,254.85700000001816,77.2830696105957,76.0,5.340576171875e-05,236.0,77.31290817260742,76.0,6.103515625e-05,223.0,72.1685905456543,71.0,3.814697265625e-05,164.0,75.19603129140702,-0.014652928012524416,False,,1.7393348348736017,0.18049426666666665,1.8557176670609519,0.17956753333333333,1.8541749196617188,0.17918689999999998,1.083580179025514,0.18059046666666667,1.8549462933613352
Light_NGC 7000_120.0s_Bin1_20260906-014230_181deg_0024.fit,50,120.0,15,-20.0,-20.0,2026-09-05T23:40:29.697986,181.0,6752,NGC 7000,2026-09-05 23:40:29.697986,B,170.44260665,False,0.0,False,103.11702127659575,109.42874145507812,104.0,9.1552734375e-05,869.9300000000076,105.89366515837104,111.40924072265625,107.0,0.0001220703125,786.7900000000227,106.14493996569469,111.57125854492188,107.0,0.0001068115234375,743.2550000000265,88.36916426512968,91.81419372558594,89.0,9.1552734375e-05,469.4650000000038,111.97085189819336,108.0,0.00019073486328125,835.8570000000182,113.48948669433594,110.0,0.00019073486328125,762.8570000000182,113.49380493164062,110.0,0.000194549560546875,725.8570000000182,93.33528137207031,91.0,0.000110626220703125,482.85700000001816,106.01930256203286,-0.027496022804281612,False,,1.7265194093586866,0.04512356666666666,1.8423035071479237,0.044891883333333334,1.849654623470434,0.044796724999999996,1.0616090162505063,0.04514761666666667,1.8459790653091788
Light_NGC 7000_30.0s_Bin1_20260906-014326_181deg_0024.fit,200,30.0,15,-20.0,-20.0,2026-09-05T23:42:55.690190,181.0,6752,NGC 7000,2026-09-05 23:42:55.690190,C,172.87581004999998,False,0.0,False,124.63065326633166,132.76419067382812,125.0,0.000244140625,1203.0,128.80172413793105,135.79107666015625,130.0,0.0001983642578125,1062.2550000000265,126.9390243902439,135.826904296875,130.0,0.000152587890625,1033.5800000000454,102.8891891891892,107.95442199707031,104.0,0.0001068115234375,588.0,136.4047622680664,131.0,0.000293731689453125,1157.8570000000182,138.66381454467773,134.0,0.000255584716796875,1069.7140000000363,138.5865135192871,134.0,0.000247955322265625,1087.4280000000726,110.15657424926758,107.0,0.00017547607421875,682.7140000000363,127.87037426408747,-0.20905585337989402,False,,1.6844727587537016,0.030635866666666667,1.8017670202767775,0.030458533333333333,1.7445220186466839,0.030449633333333333,1.019242976120549,0.0306611,1.7731445194617308
Light_NGC 7000_120.0s_Bin1_20260906-014554_181deg_0024.fit,200,120.0,15,-20.0,-20.0,2026-09-05T23:43:53.693882,181.0,6752,NGC 7000,2026-09-05 23:43:53.693882,D,173.84253825,False,0.0,False,290.9384615384615,320.4451599121094,294.0,0.00115966796875,4095.0,308.251677852349,334.1161804199219,312.0,0.0009613037109375,3679.5450000011842,304.06410256410254,333.91680908203125,312.0,0.0009918212890625,3976.5850000006394,208.0257731958763,223.1243133544922,210.0,0.0005035400390625,2127.3950000000114,333.38652420043945,315.0,0.001068115234375,4095.0,343.63089752197266,328.0,0.0009765625,4039.8560000001453,343.37188720703125,328.0,0.000957489013671875,3903.5690000003087,230.00622177124023,219.0,0.000644683837890625,2569.5690000003087,306.1578902082258,-0.09957410989831966,False,,1.6948641496510588,0.007658966666666667,1.8168873542881252,0.007614633333333333,1.7844789257946705,0.007612408333333333,1.0607115730019956,0.007665275,1.8006831400413978
Light_NGC 7000_30.0s_Bin1_20260906-014652_181deg_0025.fit,50,30.0,15,-20.0,-20.0,2026-09-05T23:46:21.700682,181.0,6752,NGC 7000,2026-09-05 23:46:21.700682,A,176.30931825000002,False,0.0,False,74.27107638124588,75.92079162597656,75.0,1.52587890625e-05,253.39500000001135,75.052978515625,76.47308349609375,75.0,1.52587890625e-05,226.46500000000378,75.09514925373135,76.544189453125,75.0,3.0517578125e-05,247.93000000000757,70.80394615283093,71.59207153320312,71.0,1.52587890625e-05,163.46500000000378,76.74870681762695,75.0,7.62939453125e-05,250.0,77.16305541992188,76.0,5.7220458984375e-05,232.0,77.17684936523438,76.0,5.7220458984375e-05,239.85700000001816,72.11729049682617,71.0,3.4332275390625e-05,168.85700000001816,75.07406388467817,-0.10216064607712498,False,,1.699549967241494,0.18049426666666665,1.831228001847508,0.17956753333333333,1.8349027505562328,0.17918689999999998,1.0743251290002083,0.18059046666666667,1.8330653762018705
Light_NGC 7000_120.0s_Bin1_20260906-014928_181deg_0025.fit,50,120.0,15,-20.0,-20.0,2026-09-05T23:47:27.697007,181.0,6752,NGC 7000,2026-09-05 23:47:27.697007,B,177.409257,False,0.0,False,102.42630597014926,109.11949157714844,104.0,0.0001220703125,785.4650000000038,106.15535956580733,111.65061950683594,107.0,0.0001068115234375,789.0,106.11598746081505,111.76898193359375,107.0,0.0001373291015625,670.4650000000038,88.58870967741936,91.88255310058594,89.0,6.103515625e-05,405.39500000001135,111.85747146606445,107.0,0.000194549560546875,828.0,113.86730575561523,110.0,0.00018310546875,789.4280000000726,113.87804412841797,110.0,0.000186920166015625,751.7140000000363,93.50593948364258,91.0,0.000125885009765625,498.42800000007264,106.13567351331119,-0.004052193644692474,False,,1.6953518711805613,0.04512356666666666,1.8540514619555395,0.044891883333333334,1.8483576460712796,0.044796724999999996,1.071520968365486,0.04514761666666667,1.8512045540134094
Light_NGC 7000_30.0s_Bin1_20260906-015052_181deg_0025.fit,200,30.0,15,-20.0,-19.5,2026-09-05T23:50:21.704900,181.0,6752,NGC 7000,2026-09-05 23:50:21.704900,C,180.30938855000002,False,0.5,False,124.84615384615384,133.6781768798828,126.0,0.0002288818359375,1103.8600000000151,130.85,137.52316284179688,131.0,0.0001678466796875,1021.2550000000265,130.07894736842104,137.38987731933594,131.0,0.0001678466796875,1008.9300000000076,104.55246913580247,108.24748229980469,105.0,9.1552734375e-05,587.7900000000227,137.38019180297852,132.0,0.00026702880859375,1170.0,140.39245986938477,135.0,0.000263214111328125,1067.5710000000545,140.3581314086914,135.0,0.000286102294921875,1068.7140000000363,110.62746047973633,107.0,0.000179290771484375,673.2850000000908,130.46447368421053,0.1473766944247495,False,,1.6910748057837233,0.030635866666666667,1.8641544988974668,0.030458533333333333,1.8401315220270857,0.030449633333333333,1.0702409688916532,0.0306611,1.8521430104622763
Light_NGC 7000_120.0s_Bin1_20260906-015334_181deg_0025.fit,200,120.0,15,-20.0,-20.0,2026-09-05T23:51:33.704852,181.0,6752,NGC 7000,2026-09-05 23:51:33.704852,D,181.50938775,False,0.0,False,287.97899159663865,322.2857360839844,296.0,0.0011444091796875,4095.0,307.8918918918919,336.7576446533203,314.0,0.0008697509765625,3885.325000000019,309.0777777777778,336.50318908691406,314.0,0.0009307861328125,3676.4000000006054,207.8846153846154,223.40687561035156,210.0,0.000396728515625,2393.650000000038,335.3764457702637,318.0,0.0010833740234375,4095.0,346.5615119934082,331.0,0.000957489013671875,3897.8560000001453,346.1742134094238,331.0,0.000934600830078125,3894.142000000109,230.08537673950195,220.0,0.00063323974609375,2523.4270000001998,308.4848348348348,0.0,False,,1.6721976680156354,0.007658966666666667,1.814147716120763,0.007614633333333333,1.8226450687718787,0.007612408333333333,1.059629559560283,0.007665275,1.818396392446321
Light_NGC 7000_30.0s_Bin1_20260906-015506_181deg_0026.fit,50,30.0,15,-20.0,-19.5,2026-09-05T23:54:35.714413,181.0,6752,NGC 7000,2026-09-05 23:54:35.714413,A,184.54288043333332,False,0.5,False,74.5538105046344,76.17335510253906,75.0,3.0517578125e-05,249.46500000000378,75.33813580556252,76.71925354003906,76.0,3.0517578125e-05,226.0,75.39684039967594,76.790283203125,76.0,1.52587890625e-05,236.46500000000378,70.84788398934596,71.63751220703125,71.0,1.52587890625e-05,155.0,76.95429611206055,76.0,6.4849853515625e-05,244.85700000001816,77.3814582824707,76.0,5.7220458984375e-05,242.0,77.41375732421875,76.0,6.866455078125e-05,231.85700000001816,72.16598510742188,71.0,5.340576171875e-05,171.0,75.36748810261923,0.10836185682395347,False,,1.750581855504148,0.18049426666666665,1.882432993013606,0.17956753333333333,1.888961851755491,0.17918689999999998,1.0822598834007808,0.18059046666666667,1.8856974223845484
Light_NGC 7000_120.0s_Bin1_20260906-015726_181deg_0026.fit,50,120.0,15,-20.0,-20.0,2026-09-05T23:55:25.705797,181.0,6752,NGC 7000,2026-09-05 23:55:25.705797,B,185.37607016666666,False,0.0,False,104.30869565217391,110.52655029296875,105.0,0.000152587890625,740.9300000000076,107.37231182795699,112.82257080078125,108.0,0.0001068115234375,687.8600000000151,107.33238958097395,112.82669067382812,108.0,0.0001068115234375,706.7900000000227,89.15020161290323,92.19737243652344,90.0,4.57763671875e-05,406.86000000001513,113.09743118286133,109.0,0.0001983642578125,794.0,114.98049545288086,111.0,0.00017547607421875,731.0,115.0271224975586,111.0,0.000202178955078125,747.8570000000182,93.86149978637695,91.0,0.00012969970703125,467.85700000001816,107.35235070446547,0.24105684687151954,False,,1.7802920074900461,0.04512356666666666,1.9086827409301983,0.044891883333333334,1.902848477337455,0.044796724999999996,1.0968709910301366,0.04514761666666667,1.9057656091338266
Light_NGC 7000_30.0s_Bin1_20260906-015822_181deg_0026.fit,200,30.0,15,-20.0,-20.0,2026-09-05T23:57:51.714309,181.0,6752,NGC 7000,2026-09-05 23:57:51.714309,C,187.80954536666667,False,0.0,False,129.63333333333333,137.84031677246094,131.0,0.0002288818359375,1027.9050000000643,135.7941176470588,141.55487060546875,136.0,0.000152587890625,887.3250000000189,135.81277533039648,141.56588745117188,136.0,0.0001373291015625,922.185000000034,105.8475935828877,109.75761413574219,106.0,9.1552734375e-05,554.695000000087,142.0282859802246,137.0,0.000263214111328125,1104.0,145.1862678527832,140.0,0.0002288818359375,1035.7140000000363,145.09791564941406,140.0,0.00025177001953125,1001.8570000000182,112.32125473022461,109.0,0.00017547607421875,656.7140000000363,135.80344648872764,0.8809583237994109,False,,1.8377341982623556,0.030635866666666667,2.0147450710543295,0.030458533333333333,2.0147244810656515,0.030449633333333333,1.1099509090761783,0.0306611,2.0147347760599903
Light_NGC 7000_120.0s_Bin1_20260906-020124_181deg_0026.fit,200,120.0,15,-20.0,-20.0,2026-09-05T23:59:23.713280,181.0,6752,NGC 7000,2026-09-05 23:59:23.713280,D,189.34286155,False,0.0,False,316.9096385542169,344.52166748046875,322.0,0.0008544921875,3794.7850000001854,333.359649122807,360.0075988769531,341.0,0.000732421875,3184.650000000038,336.77710843373495,359.97850036621094,340.0,0.000762939453125,3270.3000000000757,215.51639344262296,232.4077606201172,221.0,0.0003509521484375,1973.510000000053,360.73070526123047,344.0,0.00099945068359375,4091.9980000002543,372.91511154174805,358.0,0.000881195068359375,3646.0,372.6249771118164,358.0,0.000926971435546875,3753.7130000001634,241.2895965576172,231.0,0.000614166259765625,2301.857000000018,335.068378778271,1.1375572481791092,False,,1.8937765287088284,0.007658966666666667,2.00807534925653,0.007614633333333333,2.0335036842850425,0.007612408333333333,1.118129237113877,0.007665275,2.0207895167707863
Light_NGC 7000_30.0s_Bin1_20260906-020236_181deg_0027.fit,50,30.0,15,-20.0,-20.0,2026-09-06T00:02:05.723188,181.0,6752,NGC 7000,2026-09-06 00:02:05.723188,A,192.04302668333332,False,0.0,False,75.40748779164406,76.79997253417969,76.0,1.52587890625e-05,222.93000000000757,76.13344355219651,77.37841796875,76.0,1.52587890625e-05,207.93000000000757,76.19885515181683,77.41567993164062,76.0,3.0517578125e-05,206.46500000000378,71.16528336143172,71.91679382324219,71.0,1.52587890625e-05,142.0,77.84051895141602,77.0,6.4849853515625e-05,249.85700000001816,78.26236724853516,77.0,4.9591064453125e-05,230.0,78.30102157592773,77.0,5.7220458984375e-05,213.85700000001816,72.55405044555664,72.0,3.4332275390625e-05,161.0,76.16614935200667,0.6813757899305776,False,,1.9046657113929462,0.18049426666666665,2.0252444433175643,0.17956753333333333,2.032672388945886,0.17918689999999998,1.1395791841254552,0.18059046666666667,2.028958416131725
Light_NGC 7000_120.0s_Bin1_20260906-020514_181deg_0027.fit,50,120.0,15,-20.0,-20.0,2026-09-06T00:03:13.714466,181.0,6752,NGC 7000,2026-09-06 00:03:13.714466,B,193.17621465,False,0.0,False,106.52225130890052,112.20187377929688,107.0,9.1552734375e-05,691.6500000000378,109.49252801992527,114.61698913574219,110.0,9.1552734375e-05,678.185000000034,109.66059957173448,114.72564697265625,110.0,0.0001068115234375,648.3950000000114,90.11561561561561,92.99201965332031,91.0,6.103515625e-05,427.1150000000416,115.08078002929688,111.0,0.000202178955078125,771.8570000000182,117.0407485961914,113.0,0.00018310546875,715.7140000000363,117.08148956298828,113.0,0.00019073486328125,709.0,94.76139450073242,92.0,0.00012969970703125,450.85700000001816,109.57656379582988,0.6891417955264023,False,,1.8801755337367263,0.04512356666666666,2.0038632388614825,0.044891883333333334,2.0071446600358067,0.044796724999999996,1.1404571323492272,0.04514761666666667,2.0055039494486446
Light_NGC 7000_30.0s_Bin1_20260906-020612_181deg_0027.fit,200,30.0,15,-20.0,-20.0,2026-09-06T00:05:41.709663,181.0,6752,NGC 7000,2026-09-06 00:05:41.709663,C,195.64280126666665,False,0.0,False,129.04651162790697,137.69915771484375,131.0,0.000213623046875,1000.9300000000076,133.9047619047619,141.46038818359375,136.0,0.000152587890625,946.9750000000568,134.6968085106383,141.35275268554688,136.0,0.000152587890625,927.6500000000378,105.184350132626,109.77877807617188,106.0,6.103515625e-05,567.8600000000151,141.40647506713867,136.0,0.0002288818359375,1004.9990000001271,144.41849899291992,140.0,0.0001983642578125,904.8570000000182,144.36804580688477,140.0,0.000213623046875,872.8570000000182,111.88596725463867,109.0,0.000133514404296875,585.9990000001271,134.3007852077001,0.6744907594765952,False,,1.8197564067378076,0.030635866666666667,1.957198066199054,0.030458533333333333,1.9807437005918493,0.030449633333333333,1.0896151353233592,0.0306611,1.9689708833954516
Light_NGC 7000_120.0s_Bin1_20260906-020854_181deg_0027.fit,200,120.0,15,-20.0,-20.0,2026-09-06T00:06:53.710704,181.0,6752,NGC 7000,2026-09-06 00:06:53.710704,D,196.84281861666665,False,0.0,False,319.599173553719,342.93670654296875,320.0,0.00103759765625,4095.0,336.9674556213018,359.0517272949219,340.0,0.0008697509765625,3469.8050000002913,335.0778894472362,358.6133728027344,340.0,0.000732421875,3215.2550000000265,216.06666666666666,231.17454528808594,220.0,0.0004119873046875,1834.2550000000265,360.0651741027832,344.0,0.0009765625,4007.4280000000726,373.09362411499023,359.0,0.000888824462890625,3620.142000000109,372.72595596313477,359.0,0.0008697509765625,3593.709000000672,240.46328735351562,231.0,0.000560760498046875,2308.0,336.02267253426896,1.1783931796612852,False,,1.9143755876188489,0.007658966666666667,2.035547472880185,0.007614633333333333,2.0205685355120613,0.007612408333333333,1.1223472327013082,0.007665275,2.028058004196123
Light_NGC 7000_30.0s_Bin1_20260906-020940_181deg_0028.fit,50,30.0,15,-20.0,-20.0,2026-09-06T00:09:09.738810,181.0,6752,NGC 7000,2026-09-06 00:09:09.738810,A,199.10995371666667,False,0.0,False,75.63664596273291,77.08935546875,76.0,1.52587890625e-05,220.93000000000757,76.46583590030804,77.717529296875,77.0,1.52587890625e-05,212.46500000000378,76.44776704100288,77.71914672851562,77.0,3.0517578125e-05,199.46500000000378,71.3448709880428,72.025146484375,71.0,0.0,141.93000000000757,78.00429153442383,77.0,4.9591064453125e-05,246.85700000001816,78.48916625976562,77.0,5.340576171875e-05,226.85700000001816,78.52444076538086,77.0,5.340576171875e-05,228.85700000001816,72.64215850830078,72.0,4.57763671875e-05,166.0,76.45680147065545,0.8899094001444828,False,,1.9460274474343036,0.18049426666666665,2.0849313173668254,0.17956753333333333,2.0772741387422773,0.17918689999999998,1.1720109974227093,0.18059046666666667,2.0811027280545513
Light_NGC 7000_120.0s_Bin1_20260906-021220_181deg_0028.fit,50,120.0,15,-20.0,-20.0,2026-09-06T00:10:19.728217,181.0,6752,NGC 7000,2026-09-06 00:10:19.728217,B,200.27644383333333,False,0.0,False,108.78342245989305,114.29977416992188,110.0,0.0001373291015625,741.7200000000303,112.51865671641791,116.8995361328125,113.0,7.62939453125e-05,653.1150000000416,112.15373961218836,116.97509765625,113.0,6.103515625e-05,623.8600000000151,91.24942263279446,93.90908813476562,92.0,4.57763671875e-05,376.4650000000038,117.5355453491211,113.0,0.00019073486328125,724.7140000000363,119.7042121887207,116.0,0.00019073486328125,652.4280000000726,119.69145202636719,116.0,0.00017547607421875,679.8570000000182,95.86737823486328,93.0,0.000133514404296875,430.85700000001816,112.33619816430314,1.2450915060575283,False,,1.982207640913281,0.04512356666666666,2.139711855256082,0.044891883333333334,2.1188291688145084,0.044796724999999996,1.191645816934795,0.04514761666666667,2.129270512035295
Light_NGC 7000_30.0s_Bin1_20260906-021334_181deg_0028.fit,200,30.0,15,-20.0,-20.0,2026-09-06T00:13:03.726555,181.0,6752,NGC 7000,2026-09-06 00:13:03.726555,C,203.00974946666665,False,0.0,False,134.39795918367346,141.59814453125,136.0,0.0001373291015625,940.510000000053,138.8957219251337,145.53427124023438,141.0,0.0001068115234375,833.3950000000114,139.03937007874015,145.53590393066406,140.0,0.0001678466796875,884.6500000000378,107.6958041958042,111.41241455078125,108.0,6.103515625e-05,496.0,146.38821029663086,141.0,0.000278472900390625,994.0,149.5608367919922,145.0,0.000244140625,921.0,149.50463485717773,145.0,0.000232696533203125,979.2850000000908,114.15709686279297,111.0,0.000156402587890625,629.4280000000726,138.9675460019369,1.3157096067502823,False,,1.9837026405299294,0.030635866666666667,2.1092153883448828,0.030458533333333333,2.1129731080679752,0.030449633333333333,1.1666190794998725,0.0306611,2.111094248206429
Light_NGC 7000_120.0s_Bin1_20260906-021600_181deg_0028.fit,200,120.0,15,-20.0,-20.0,2026-09-06T00:13:59.729079,181.0,6752,NGC 7000,2026-09-06 00:13:59.729079,D,203.94312486666666,False,0.0,False,333.1829268292683,357.44732666015625,335.0,0.0010528564453125,4095.0,349.0983606557377,373.71136474609375,355.0,0.0008544921875,3757.085000000261,346.3014184397163,373.4292449951172,355.0,0.000823974609375,3462.1300000003102,223.8493670886076,237.8509521484375,226.0,0.0003509521484375,2090.2750000001324,373.10548400878906,357.0,0.00098419189453125,4018.9890000013984,386.547119140625,373.0,0.00092315673828125,3729.141000000236,386.17076110839844,373.0,0.000888824462890625,3700.285000000091,245.98200225830078,237.0,0.000568389892578125,2182.4280000000726,347.699889547727,1.6780821180693453,False,,2.0184131011645046,0.007658966666666667,2.127919866718902,0.007614633333333333,2.106006621143825,0.007612408333333333,1.1820037716781016,0.007665275,2.1169632439313633
Light_NGC 7000_30.0s_Bin1_20260906-021702_181deg_0029.fit,50,30.0,15,-20.0,-20.0,2026-09-06T00:16:31.721970,181.0,6752,NGC 7000,2026-09-06 00:16:31.721970,A,206.47633971666667,False,0.0,False,76.0225,77.40830993652344,76.0,3.0517578125e-05,219.86000000001513,76.92164276401564,78.05827331542969,77.0,3.0517578125e-05,201.46500000000378,76.89513590844064,78.13433837890625,77.0,1.52587890625e-05,204.46500000000378,71.33174700644766,72.00411987304688,71.0,0.0,144.93000000000757,78.35528945922852,77.0,6.4849853515625e-05,240.85700000001816,78.90222549438477,78.0,5.340576171875e-05,218.85700000001816,78.9393539428711,78.0,6.4849853515625e-05,212.85700000001816,72.6427116394043,72.0,4.9591064453125e-05,158.0,76.90838933622814,1.2139092676646657,False,,2.0156718889311978,0.18049426666666665,2.1667794315592035,0.17956753333333333,2.1574367792549602,0.17918689999999998,1.1696409314619176,0.18059046666666667,2.162108105407082
Light_NGC 7000_120.0s_Bin1_20260906-021924_181deg_0029.fit,50,120.0,15,-20.0,-20.0,2026-09-06T00:17:23.723034,181.0,6752,NGC 7000,2026-09-06 00:17:23.723034,B,207.34302411666667,False,0.0,False,112.00121654501217,117.52774047851562,113.0,0.0001220703125,700.3700000000681,115.28542094455852,120.08932495117188,116.0,0.0001068115234375,594.185000000034,115.37321063394683,120.10432434082031,116.0,7.62939453125e-05,631.7200000000303,92.707456404089,95.01087951660156,93.0,3.0517578125e-05,345.7900000000227,120.72334671020508,117.0,0.0001678466796875,711.4280000000726,122.97426223754883,120.0,0.00017547607421875,664.5710000000545,122.95263671875,120.0,0.000156402587890625,682.5710000000545,97.0441665649414,95.0,0.000102996826171875,439.85700000001816,115.32931578925268,1.8480782263950164,False,,2.1274059868327595,0.04512356666666666,2.2639171121966104,0.044891883333333334,2.263050926821691,0.044796724999999996,1.257472566728255,0.04514761666666667,2.263484019509151
Light_NGC 7000_30.0s_Bin1_20260906-022004_181deg_0029.fit,200,30.0,15,-20.0,-20.0,2026-09-06T00:19:33.722941,181.0,6752,NGC 7000,2026-09-06 00:19:33.722941,C,209.50968923333332,False,0.0,False,138.83333333333334,145.89418029785156,140.0,0.0001220703125,1040.3200000001816,142.8125,149.5457763671875,145.0,7.62939453125e-05,866.9300000000076,143.72277227722773,149.7132568359375,145.0,0.0001678466796875,877.7900000000227,108.94444444444444,112.87777709960938,110.0,9.1552734375e-05,536.8600000000151,150.5247573852539,146.0,0.0002288818359375,1015.0,153.74847030639648,149.0,0.00023651123046875,916.2850000000908,153.69182586669922,149.0,0.00025177001953125,898.142000000109,115.52214813232422,113.0,0.000164031982421875,569.9990000001271,143.26763613861385,1.906547440996694,False,,2.1195841715956893,0.030635866666666667,2.228514703897467,0.030458533333333333,2.2555809877644495,0.030449633333333333,1.2049037630274557,0.0306611,2.2420478458309585
Light_NGC 7000_120.0s_Bin1_20260906-022240_181deg_0029.fit,200,120.0,15,-20.0,-20.0,2026-09-06T00:20:39.733464,181.0,6752,NGC 7000,2026-09-06 00:20:39.733464,D,210.60986461666667,False,0.0,False,365.1271186440678,387.8226623535156,368.0,0.000823974609375,3496.695000000087,380.04761904761904,403.1155090332031,387.0,0.000732421875,3029.1800000001967,379.9535519125683,402.9573974609375,387.0,0.0006866455078125,3131.3200000001816,237.24257425742573,249.33457946777344,239.0,0.000274658203125,1698.085000000261,405.0486640930176,391.0,0.00090789794921875,3780.8540000003995,418.0141372680664,406.0,0.000827789306640625,3393.5700000001816,417.64661026000977,405.0,0.000797271728515625,3383.4270000001998,258.8165283203125,250.0,0.0005035400390625,2118.282000000472,380.00058548009366,3.060286494478899,False,,2.2630726014676608,0.007658966666666667,2.363587121311668,0.007614633333333333,2.362180402427009,0.007612408333333333,1.284666387759064,0.007665275,2.3628837618693384
Light_NGC 7000_30.0s_Bin1_20260906-022336_181deg_0030.fit,50,30.0,15,-20.0,-20.0,2026-09-06T00:23:05.726944,181.0,6752,NGC 7000,2026-09-06 00:23:05.726944,A,213.04308928333333,False,0.0,False,77.0719892077508,78.36447143554688,77.0,1.52587890625e-05,203.93000000000757,77.92017037647706,78.99942016601562,78.0,0.0,192.46500000000378,77.92298153761367,79.06645202636719,78.0,1.52587890625e-05,209.93000000000757,71.93653752634138,72.55078125,72.0,0.0,139.46500000000378,79.36555862426758,78.0,5.7220458984375e-05,227.85700000001816,79.86450958251953,79.0,4.9591064453125e-05,213.85700000001816,79.91355895996094,79.0,5.7220458984375e-05,216.0,73.21175384521484,72.0,4.1961669921875e-05,151.85700000001816,77.92157595704536,1.9408383017335866,False,,2.2050986738587612,0.18049426666666665,2.3460825718941223,0.17956753333333333,2.341613251225025,0.17918689999999998,1.2788603336851017,0.18059046666666667,2.343847911559574
Light_NGC 7000_120.0s_Bin1_20260906-022554_181deg_0030.fit,50,120.0,15,-20.0,-20.0,2026-09-06T00:23:53.738509,181.0,6752,NGC 7000,2026-09-06 00:23:53.738509,B,213.84328203333334,False,0.0,False,113.47257769652651,118.71051025390625,114.0,0.0001068115234375,685.9950000001627,116.8345588235294,121.36843872070312,118.0,9.1552734375e-05,600.8600000000151,116.54575163398692,121.34553527832031,118.0,4.57763671875e-05,604.0,93.4826530612245,95.90065002441406,94.0,3.0517578125e-05,352.39500000001135,122.11481475830078,118.0,0.000186920166015625,710.8570000000182,124.29587173461914,121.0,0.0001678466796875,643.7140000000363,124.3061637878418,121.0,0.000156402587890625,681.7140000000363,97.99841690063477,96.0,0.000118255615234375,421.85700000001816,116.69015522875816,2.1222298680456353,False,,2.1937990498438604,0.04512356666666666,2.333460829126619,0.044891883333333334,2.3155769235517125,0.044796724999999996,1.29247084824589,0.04514761666666667,2.324518876339166
Light_NGC 7000_30.0s_Bin1_20260906-022646_181deg_0030.fit,200,30.0,15,-20.0,-20.0,2026-09-06T00:26:15.734850,181.0,6752,NGC 7000,2026-09-06 00:26:15.734850,C,216.20988771666669,False,0.0,False,139.00462962962962,145.44825744628906,140.0,0.000152587890625,990.1150000000416,141.26363636363635,149.30372619628906,144.0,0.0001373291015625,856.2300000000832,142.904181184669,149.29046630859375,144.0,0.0001220703125,855.8600000000151,109.25,113.40986633300781,111.0,6.103515625e-05,548.8600000000151,149.56632614135742,145.0,0.00026702880859375,1046.4280000000726,152.84814834594727,148.0,0.000240325927734375,940.142000000109,152.79332733154297,148.0,0.000232696533203125,1006.0,116.04286575317383,113.0,0.000152587890625,605.7140000000363,142.0839087741527,1.74390180099229,False,,2.124831982089516,0.030635866666666667,2.181338589200497,0.030458533333333333,2.2306551891461037,0.030449633333333333,1.2142724324719003,0.0306611,2.2059968891733
Light_NGC 7000_120.0s_Bin1_20260906-022930_181deg_0030.fit,200,120.0,15,-20.0,-20.0,2026-09-06T00:27:29.741016,181.0,6752,NGC 7000,2026-09-06 00:27:29.741016,D,217.44332381666666,False,0.0,False,334.2168674698795,363.18446350097656,341.0,0.0009918212890625,3946.780000000348,357.27894736842103,380.03057861328125,362.0,0.0008087158203125,3137.2550000000265,357.7758620689655,379.71400451660156,361.0,0.0006866455078125,3227.7850000001854,224.97222222222223,241.40223693847656,231.0,0.000396728515625,1787.4650000000038,379.13660049438477,363.0,0.00098419189453125,4022.4280000000726,393.5737113952637,380.0,0.00086212158203125,3626.7140000000363,393.2130317687988,379.0,0.0008544921875,3566.4280000000726,250.16460037231445,241.0,0.00057220458984375,2275.8560000001453,357.5274047186933,2.0986190163139886,False,,2.026332018066258,0.007658966666666667,2.1902120349875243,0.007614633333333333,2.1933547714474857,0.007612408333333333,1.1906107650624196,0.007665275,2.1917834032175048
Light_NGC 7000_30.0s_Bin1_20260906-023030_181deg_0031.fit,50,30.0,15,-20.0,-20.0,2026-09-06T00:29:59.731320,181.0,6752,NGC 7000,2026-09-06 00:29:59.731320,A,219.94316221666668,False,0.0,False,76.11659791312788,77.47798156738281,76.0,3.0517578125e-05,213.93000000000757,77.01543450064851,78.15971374511719,77.0,1.52587890625e-05,198.0,77.02853333333333,78.17385864257812,77.0,3.0517578125e-05,200.0,71.60974456007568,72.21377563476562,72.0,0.0,141.93000000000757,78.45660018920898,77.0,6.4849853515625e-05,240.85700000001816,79.0396728515625,78.0,5.7220458984375e-05,216.85700000001816,79.04743576049805,78.0,5.340576171875e-05,218.0,72.8704833984375,72.0,4.1961669921875e-05,159.0,77.02198391699092,1.2954097505695297,False,,2.0326560227560786,0.18049426666666665,2.1836213823534165,0.17956753333333333,2.1813398502894645,0.17918689999999998,1.2198446394037947,0.18059046666666667,2.1824806163214405
Light_NGC 7000_120.0s_Bin1_20260906-023316_181deg_0031.fit,50,120.0,15,-20.0,-20.0,2026-09-06T00:31:15.745862,181.0,6752,NGC 7000,2026-09-06 00:31:15.745862,B,221.21007125,False,0.0,False,109.43650793650794,115.02926635742188,110.0,0.0001068115234375,787.7900000000227,113.13776223776223,117.93731689453125,114.0,7.62939453125e-05,702.4650000000038,113.17542706964521,118.09251403808594,114.0,0.0001068115234375,649.8600000000151,91.83955857385399,94.60195922851562,92.0,6.103515625e-05,391.18500000003405,118.32119750976562,114.0,0.00019073486328125,787.0,120.86279296875,117.0,0.000164031982421875,700.7140000000363,120.8985710144043,117.0,0.000179290771484375,674.7140000000363,96.53804016113281,94.0,0.00011444091796875,453.14200000010896,113.15659465370372,1.4103667309255736,False,,2.011677186956345,0.04512356666666666,2.167504668091294,0.044891883333333334,2.164597420882152,0.044796724999999996,1.2182890481829733,0.04514761666666667,2.166051044486723
Light_NGC 7000_30.0s_Bin1_20260906-023404_181deg_0031.fit,200,30.0,15,-20.0,-20.0,2026-09-06T00:33:33.754831,181.0,6752,NGC 7000,2026-09-06 00:33:33.754831,C,223.51022073333334,False,0.0,False,132.0205479452055,140.90560913085938,135.0,0.0001983642578125,1078.4650000000038,138.34426229508196,145.66888427734375,140.0,0.000152587890625,977.3250000000189,139.58602150537635,145.70901489257812,140.0,0.00018310546875,898.6000000001513,107.86065573770492,111.91015625,109.0,0.0001068115234375,538.510000000053,145.2811737060547,140.0,0.00026702880859375,1108.7140000000363,149.38252639770508,145.0,0.000263214111328125,977.7140000000363,149.37163925170898,145.0,0.0002288818359375,1064.5710000000545,114.46496200561523,111.0,0.000164031982421875,634.5710000000545,138.96514190022916,1.3153792801289395,False,,1.9108685868163895,0.030635866666666667,2.092418736820964,0.030458533333333333,2.1296184435701915,0.030449633333333333,1.1716736091112445,0.0306611,2.111018590195578
Light_NGC 7000_120.0s_Bin1_20260906-023616_181deg_0031.fit,200,120.0,15,-20.0,-20.0,2026-09-06T00:34:15.736650,181.0,6752,NGC 7000,2026-09-06 00:34:15.736650,D,224.20991771666667,False,0.0,False,329.356,353.4774932861328,330.0,0.0009307861328125,3966.7650000000795,347.94144144144144,373.7670440673828,355.0,0.0008392333984375,3493.065000000155,345.3333333333333,373.4434814453125,354.0,0.0007781982421875,3293.9500000001135,226.15882352941176,239.57354736328125,228.0,0.0004119873046875,1893.185000000034,370.1690254211426,353.0,0.001033782958984375,4095.0,387.7293930053711,373.0,0.00096893310546875,3939.4280000000726,387.2886276245117,373.0,0.00090789794921875,3758.857000000018,248.49570846557617,239.0,0.000591278076171875,2351.7140000000363,346.6373873873874,1.6326157560119732,False,,1.9891027961433667,0.007658966666666667,2.119110351105748,0.007614633333333333,2.0986371620126194,0.007612408333333333,1.199706390397387,0.007665275,2.1088737565591837
Light_NGC 7000_30.0s_Bin1_20260906-023724_181deg_0032.fit,50,30.0,15,-20.0,-20.0,2026-09-06T00:36:53.748786,181.0,6752,NGC 7000,2026-09-06 00:36:53.748786,A,226.84345331666665,False,0.0,False,75.88228999464954,77.33354187011719,76.0,3.0517578125e-05,235.25500000002648,76.77375201288245,78.07048034667969,77.0,1.52587890625e-05,213.93000000000757,76.81604172540175,78.17034912109375,77.0,3.0517578125e-05,218.46500000000378,71.46849401386264,72.25315856933594,72.0,0.0,152.46500000000378,78.20303344726562,77.0,5.7220458984375e-05,242.0,78.81251907348633,78.0,4.9591064453125e-05,226.0,78.86469268798828,78.0,6.103515625e-05,235.0,72.83115768432617,72.0,4.9591064453125e-05,161.85700000001816,76.7948968691421,1.1324820480608233,False,,1.9903647868361383,0.18049426666666665,2.1402230541754026,0.17956753333333333,2.1432641377881887,0.17918689999999998,1.1943361373462593,0.18059046666666667,2.1417435959817954
Light_NGC 7000_120.0s_Bin1_20260906-023942_181deg_0032.fit,50,120.0,15,-20.0,-20.0,2026-09-06T00:37:41.746588,181.0,6752,NGC 7000,2026-09-06 00:37:41.746588,B,227.64341668333333,False,0.0,False,110.35614849187935,116.08804321289062,111.0,0.0001220703125,786.7900000000227,114.2525354969574,119.07997131347656,115.0,7.62939453125e-05,664.8350000000719,114.50257069408741,119.08515930175781,115.0,0.0001068115234375,669.9300000000076,92.21134020618557,95.080322265625,93.0,3.0517578125e-05,434.0,119.12095260620117,115.0,0.00018310546875,778.8570000000182,121.78518295288086,118.0,0.000179290771484375,689.142000000109,121.79624938964844,118.0,0.000179290771484375,696.7140000000363,97.00736236572266,95.0,0.0001220703125,475.8560000001453,114.37755309552242,1.6563382625365433,False,,2.053174648866017,0.04512356666666666,2.2175489391862033,0.044891883333333334,2.2240491088617924,0.044796724999999996,1.2350741028031866,0.04514761666666667,2.220799024023998
Light_NGC 7000_30.0s_Bin1_20260906-024028_181deg_0032.fit,200,30.0,15,-20.0,-20.0,2026-09-06T00:39:57.741615,181.0,6752,NGC 7000,2026-09-06 00:39:57.741615,C,229.91000046666667,False,0.0,False,134.0440414507772,141.69424438476562,135.0,0.0001983642578125,1137.510000000053,140.0,146.236328125,140.0,0.0002288818359375,992.4650000000038,137.90833333333333,146.18133544921875,140.0,0.000152587890625,1054.325000000019,107.94615384615385,112.40933227539062,109.0,7.62939453125e-05,567.4650000000038,145.5854034423828,140.0,0.000278472900390625,1096.8570000000182,149.4707908630371,145.0,0.0002593994140625,962.2850000000908,149.39085006713867,145.0,0.00023651123046875,1014.5700000001816,114.84619522094727,112.0,0.00016021728515625,637.8570000000182,138.95416666666665,1.313871269128633,False,,1.9728600640539504,0.030635866666666667,2.142850078897467,0.030458533333333333,2.078533453883811,0.030449633333333333,1.1742950751642078,0.0306611,2.110691766390639
Light_NGC 7000_120.0s_Bin1_20260906-024308_181deg_0032.fit,200,120.0,15,-20.0,-20.0,2026-09-06T00:41:07.757277,181.0,6752,NGC 7000,2026-09-06 00:41:07.757277,D,231.07692816666668,False,0.0,False,329.43939393939394,361.5691680908203,338.0,0.0010986328125,4095.0,358.98571428571427,380.3098907470703,360.0,0.0009002685546875,3778.8800000008778,354.9478260869565,380.3848876953125,360.0,0.0010223388671875,4095.0,228.12275449101796,244.04547119140625,232.0,0.00042724609375,2155.0,377.0275230407715,361.0,0.000995635986328125,4088.4280000000726,392.91613006591797,379.0,0.0009307861328125,3777.4280000000726,392.7161674499512,379.0,0.000934600830078125,3776.426000000327,252.37977981567383,243.0,0.00060272216796875,2415.7140000000363,356.9667701863354,2.0746284649706386,False,,1.9897415075453868,0.007658966666666667,2.203208439248176,0.007614633333333333,2.171826606771073,0.007612408333333333,1.214760461299113,0.007665275,2.1875175230096247
Light_NGC 7000_30.0s_Bin1_20260906-024404_181deg_0033.fit,50,30.0,15,-20.0,-20.0,2026-09-06T00:43:33.756419,181.0,6752,NGC 7000,2026-09-06 00:43:33.756419,A,233.51024719999998,False,0.0,False,76.0980198019802,77.66488647460938,76.0,1.52587890625e-05,239.0,77.06851311953353,78.35293579101562,77.0,0.0,210.46500000000378,77.1002688172043,78.41566467285156,77.0,3.0517578125e-05,223.93000000000757,71.6973203410475,72.42219543457031,72.0,0.0,149.0,78.53836441040039,77.0,6.4849853515625e-05,242.0,79.16510009765625,78.0,4.9591064453125e-05,228.85700000001816,79.18477249145508,78.0,5.7220458984375e-05,234.0,73.04923629760742,72.0,3.814697265625e-05,163.85700000001816,77.08439096836892,1.3401848163325476,False,,2.029302780208427,0.18049426666666665,2.193152579019341,0.17956753333333333,2.194193909264303,0.17918689999999998,1.235659990558193,0.18059046666666667,2.193673244141822
Light_NGC 7000_120.0s_Bin1_20260906-024624_181deg_0033.fit,50,120.0,15,-20.0,-20.0,2026-09-06T00:44:23.750264,181.0,6752,NGC 7000,2026-09-06 00:44:23.750264,B,234.34347795,False,0.0,False,111.14444444444445,117.03724670410156,112.0,9.1552734375e-05,697.6500000000378,115.1310861423221,119.93659973144531,116.0,0.0001068115234375,637.8600000000151,115.0210449927431,120.03179931640625,116.0,9.1552734375e-05,705.2300000000832,92.76703296703296,95.53306579589844,93.0,6.103515625e-05,416.2550000000265,120.068603515625,116.0,0.000179290771484375,780.5710000000545,122.69573211669922,119.0,0.000179290771484375,701.7140000000363,122.68370819091797,119.0,0.0001678466796875,711.8570000000182,97.52229690551758,95.0,0.00011444091796875,446.0,115.0760655675326,1.7970590083907432,False,,2.0887453738346515,0.04512356666666666,2.25698873226034,0.044891883333333334,2.247275059438239,0.044796724999999996,1.2601623065543666,0.04514761666666667,2.2521318958492893
Light_NGC 7000_30.0s_Bin1_20260906-024710_181deg_0033.fit,200,30.0,15,-20.0,-20.0,2026-09-06T00:46:39.753704,181.0,6752,NGC 7000,2026-09-06 00:46:39.753704,C,236.61020195,False,0.0,False,137.18253968253967,144.06878662109375,138.0,0.0002288818359375,1081.4400000000605,141.84375,148.4626922607422,143.0,0.0001678466796875,964.8350000000719,142.45,148.5214080810547,143.0,0.0001678466796875,904.390000000174,109.34042553191489,113.67338562011719,110.0,7.62939453125e-05,523.4650000000038,148.1965675354004,143.0,0.000286102294921875,1062.2850000000908,151.96289443969727,147.0,0.00026702880859375,976.4280000000726,151.92276000976562,147.0,0.000240325927734375,1019.8570000000182,116.29464340209961,113.0,0.000152587890625,604.0,142.146875,1.7525534402202625,False,,2.0690106774157946,0.030635866666666667,2.1990079997308003,0.030458533333333333,2.216825538606033,0.030449633333333333,1.2170449787484958,0.0306611,2.207916769168417
Light_NGC 7000_120.0s_Bin1_20260906-024952_181deg_0033.fit,200,120.0,15,-20.0,-20.0,2026-09-06T00:47:51.763479,181.0,6752,NGC 7000,2026-09-06 00:47:51.763479,D,237.81036486666665,False,0.0,False,332.89864864864865,360.2363739013672,336.0,0.001129150390625,4095.0,351.34090909090907,379.6593933105469,359.0,0.0009765625,3786.1450000013356,356.97169811320754,379.29290771484375,359.0,0.0008544921875,3698.020000000106,226.79464285714286,244.30221557617188,232.0,0.0004425048828125,2007.510000000053,375.63314056396484,359.0,0.0010223388671875,4095.0,392.1616401672363,378.0,0.000965118408203125,3905.9970000003814,391.70227432250977,377.0,0.00087738037109375,3715.4270000001998,252.81711959838867,243.0,0.0005950927734375,2404.8560000001453,354.1563036020583,1.9543635883043733,False,,2.0162358240550784,0.007658966666666667,2.1449960507849726,0.007614633333333333,2.187233147049307,0.007612408333333333,1.204580120394761,0.007665275,2.1661145989171398
Light_NGC 7000_30.0s_Bin1_20260906-025108_181deg_0034.fit,50,30.0,15,-20.0,-20.0,2026-09-06T00:50:37.763924,181.0,6752,NGC 7000,2026-09-06 00:50:37.763924,A,240.57703895,False,0.0,False,75.82367273659912,77.3773193359375,76.0,3.0517578125e-05,234.25500000002648,76.82849972113776,78.21028137207031,77.0,1.52587890625e-05,238.0,76.8363329583802,78.1492919921875,77.0,3.0517578125e-05,222.0,71.47464642980339,72.23287963867188,72.0,0.0,151.93000000000757,78.30369567871094,77.0,5.7220458984375e-05,243.85700000001816,78.97417068481445,78.0,6.4849853515625e-05,231.85700000001816,78.97602462768555,78.0,5.340576171875e-05,227.71400000003632,72.84688949584961,72.0,3.814697265625e-05,163.85700000001816,76.83241633975898,1.1594010696644752,False,,1.979784707830317,0.18049426666666665,2.150053965102461,0.17956753333333333,2.1469000609227753,0.17918689999999998,1.1954472050121263,0.18059046666666667,2.1484770130126183
Light_NGC 7000_120.0s_Bin1_20260906-025324_181deg_0034.fit,50,120.0,15,-20.0,-20.0,2026-09-06T00:51:23.766992,181.0,6752,NGC 7000,2026-09-06 00:51:23.766992,B,241.34375675,False,0.0,False,110.29353233830845,116.23849487304688,111.0,0.0001220703125,757.1150000000416,114.5821325648415,119.55601501464844,115.0,9.1552734375e-05,732.3950000000114,114.57872696817421,119.54705810546875,115.0,0.0001068115234375,717.3950000000114,92.64270386266094,95.623291015625,93.0,6.103515625e-05,399.3250000000189,119.25320053100586,115.0,0.000179290771484375,756.7130000001634,122.0172119140625,118.0,0.0001678466796875,717.5710000000545,122.08805847167969,118.0,0.000194549560546875,688.0,97.48094177246094,95.0,0.000118255615234375,460.42800000007264,114.58042976650785,1.6972093387183744,False,,2.0503491846859503,0.04512356666666666,2.232345172304665,0.044891883333333334,2.227460660529083,0.044796724999999996,1.2545491438096685,0.04514761666666667,2.229902916416874
Light_NGC 7000_30.0s_Bin1_20260906-025622_181deg_0034.fit,200,30.0,15,-20.0,-20.0,2026-09-06T00:55:51.624461,181.0,6728,NGC 7000,2026-09-06 00:55:51.624461,C,245.8080479,False,0.0,False,131.6317365269461,139.80154418945312,132.0,0.000213623046875,1163.9050000000643,137.7875,144.84588623046875,139.0,0.000213623046875,1029.4150000001173,136.9453781512605,144.85426330566406,139.0,0.0001983642578125,1056.8600000000151,108.73563218390805,111.85955810546875,108.0,9.1552734375e-05,631.3950000000114,143.14540481567383,138.0,0.0002899169921875,1090.5710000000545,147.83439254760742,143.0,0.000263214111328125,985.4280000000726,147.73995208740234,143.0,0.00022125244140625,1020.8570000000182,114.03498840332031,111.0,0.000152587890625,655.7140000000363,137.36643907563024,1.0957154860068004,False,,1.8989570120481174,0.030635866666666667,2.075460573897467,0.030458533333333333,2.0492118216732607,0.030449633333333333,1.1985013494259236,0.0306611,2.062336197785364
Light_NGC 7000_120.0s_Bin1_20260906-025844_181deg_0034.fit,200,120.0,15,-20.0,-20.0,2026-09-06T00:56:43.755695,181.0,6728,NGC 7000,2026-09-06 00:56:43.755695,D,246.6769018,False,0.0,False,319.12307692307695,347.4600372314453,322.0,0.0012664794921875,4095.0,340.0741935483871,369.4271545410156,348.0,0.0009765625,3874.9300000000076,342.9959349593496,369.1705627441406,348.0,0.001007080078125,4077.880000000121,223.0212765957447,240.03970336914062,227.0,0.0005340576171875,2249.4400000000605,361.1717834472656,344.0,0.001110076904296875,4095.0,380.4336166381836,366.0,0.00096893310546875,3943.282000000472,380.2171287536621,365.0,0.000942230224609375,3858.140000000363,247.44278717041016,237.0,0.000591278076171875,2490.857000000018,341.5350642538683,1.4142782508457483,False,,1.910729179394649,0.007658966666666667,2.0592041430576997,0.007614633333333333,2.080843931152186,0.007612408333333333,1.175656230325422,0.007665275,2.0700240371049428
Light_NGC 7000_30.0s_Bin1_20260906-025948_181deg_0035.fit,50,30.0,15,-20.0,-20.0,2026-09-06T00:59:17.775495,181.0,6728,NGC 7000,2026-09-06 00:59:17.775495,A,249.24389846666665,False,0.0,False,75.45533769063181,77.09788513183594,76.0,1.52587890625e-05,263.39500000001135,76.45825954970908,77.96485900878906,77.0,3.0517578125e-05,249.0,76.5654347167525,77.99510192871094,77.0,0.0,220.46500000000378,71.46630310923001,72.32710266113281,72.0,0.0,159.46500000000378,77.96612167358398,77.0,6.103515625e-05,247.42800000007264,78.72212600708008,78.0,6.103515625e-05,228.0,78.75391006469727,78.0,6.4849853515625e-05,224.0,72.89860153198242,72.0,5.340576171875e-05,163.85700000001816,76.51184713323079,0.9294029046020323,False,,1.9133023438208139,0.18049426666666665,2.083570850778103,0.17956753333333333,2.0983586447900584,0.17918689999999998,1.193940480856231,0.18059046666666667,2.0909647477840805
Light_NGC 7000_120.0s_Bin1_20260906-030206_181deg_0035.fit,50,120.0,15,-20.0,-20.0,2026-09-06T01:00:05.768668,181.0,6728,NGC 7000,2026-09-06 01:00:05.768668,B,250.04378468333334,False,0.0,False,110.40981432360742,116.45118713378906,111.0,0.0001220703125,800.9300000000076,115.05575221238938,120.31631469726562,116.0,0.0001373291015625,732.1600000000908,114.83723196881091,120.21853637695312,116.0,9.1552734375e-05,741.9300000000076,92.95236309077269,95.97286987304688,93.0,4.57763671875e-05,422.4650000000038,119.53675079345703,115.0,0.00020599365234375,747.8570000000182,122.92252731323242,119.0,0.000171661376953125,666.8570000000182,122.9255142211914,119.0,0.000171661376953125,706.7140000000363,97.80673599243164,95.0,0.0001220703125,477.7140000000363,114.94649209060015,1.7709554282150257,False,,2.055596242601721,0.04512356666666666,2.2536068502667588,0.044891883333333334,2.2390408379537305,0.044796724999999996,1.2685295199377538,0.04514761666666667,2.2463238441102447
Light_NGC 7000_30.0s_Bin1_20260906-030314_181deg_0035.fit,200,30.0,15,-20.0,-20.0,2026-09-06T01:02:43.766782,181.0,6728,NGC 7000,2026-09-06 01:02:43.766782,C,252.67708658333333,False,0.0,False,132.78571428571428,140.4141082763672,133.0,0.000213623046875,1210.0450000000492,139.77169811320755,145.70803833007812,140.0,0.000213623046875,1047.1600000000908,137.84782608695653,145.73680114746094,140.0,0.0001983642578125,1010.9750000000568,107.24642857142857,112.72689819335938,109.0,9.1552734375e-05,599.9050000000643,144.19496154785156,139.0,0.000278472900390625,1110.7140000000363,148.96529388427734,144.0,0.000244140625,1042.7130000001634,148.88288497924805,144.0,0.00026702880859375,1025.5710000000545,115.1696548461914,112.0,0.00018310546875,650.8570000000182,138.80976210008203,1.2940298986772483,False,,1.9343101208020381,0.030635866666666667,2.135896338268536,0.030458533333333333,2.0766910304176283,0.030449633333333333,1.1528407285433286,0.0306611,2.106293684343082
Light_NGC 7000_120.0s_Bin1_20260906-030534_181deg_0035.fit,200,120.0,15,-20.0,-20.0,2026-09-06T01:03:33.766611,181.0,6728,NGC 7000,2026-09-06 01:03:33.766611,D,253.5104170666667,False,0.0,False,318.78776978417267,350.6100311279297,326.0,0.0010986328125,4095.0,345.86538461538464,372.32733154296875,351.0,0.0008544921875,3590.0900000000984,348.3125,372.3880920410156,351.0,0.001007080078125,4082.160000000091,227.87704918032787,242.4054412841797,230.0,0.000457763671875,2106.040000000212,366.6599884033203,350.0,0.00101470947265625,4095.0,385.73200607299805,371.0,0.000942230224609375,3882.4270000001998,385.5545234680176,371.0,0.000988006591796875,4050.8560000001453,251.3200798034668,241.0,0.00063323974609375,2391.56600000069,347.0889423076923,1.651938596248655,False,,1.9081610731946854,0.007658966666666667,2.103301939596162,0.007614633333333333,2.1213157951723414,0.007612408333333333,1.2128770625237129,0.007665275,2.1123088673842516
Light_NGC 7000_30.0s_Bin1_20260906-030640_181deg_0036.fit,50,30.0,15,-20.0,-20.0,2026-09-06T01:06:09.768440,181.0,6728,NGC 7000,2026-09-06 01:06:09.768440,A,256.11044755,False,0.0,False,75.36646469354463,77.09255981445312,76.0,3.0517578125e-05,256.0,76.61700082394947,77.99163818359375,77.0,1.52587890625e-05,233.93000000000757,76.52117213869285,77.93923950195312,77.0,3.0517578125e-05,232.46500000000378,71.3237487451599,72.23619079589844,72.0,1.52587890625e-05,159.0,78.07202529907227,77.0,6.103515625e-05,251.0,78.8447494506836,78.0,6.4849853515625e-05,226.0,78.85390853881836,78.0,6.103515625e-05,236.0,72.85963821411133,72.0,4.1961669921875e-05,169.0,76.56908648132116,0.9704703083390767,False,,1.8972612773850948,0.18049426666666665,2.1120756298316388,0.17956753333333333,2.09042737064154,0.17918689999999998,1.1681965217234405,0.18059046666666667,2.1012515002365895
Light_NGC 7000_120.0s_Bin1_20260906-030918_181deg_0036.fit,50,120.0,15,-20.0,-20.0,2026-09-06T01:07:17.778181,181.0,6728,NGC 7000,2026-09-06 01:07:17.778181,B,257.2439432333333,False,0.0,False,110.22992700729927,116.12721252441406,111.0,0.0001068115234375,811.3250000000189,114.52027027027027,119.79763793945312,115.0,9.1552734375e-05,718.3250000000189,114.63722126929675,119.95866394042969,115.0,0.0001220703125,710.3250000000189,93.13358778625954,96.24092102050781,94.0,7.62939453125e-05,419.93000000000757,119.04433822631836,115.0,0.0001678466796875,803.8570000000182,122.39279556274414,119.0,0.000171661376953125,720.8570000000182,122.44876480102539,119.0,0.000164031982421875,691.2850000000908,97.95939254760742,95.0,0.0001373291015625,462.0,114.57874576978351,1.6968700845395863,False,,2.047479085291802,0.04512356666666666,2.229568057394041,0.044891883333333334,2.2300810136505365,0.044796724999999996,1.2767113830201275,0.04514761666666667,2.2298245355222885
Light_NGC 7000_30.0s_Bin1_20260906-031024_181deg_0036.fit,200,30.0,15,-20.0,-20.0,2026-09-06T01:09:53.778267,181.0,6728,NGC 7000,2026-09-06 01:09:53.778267,C,259.8439446666667,False,0.0,False,133.3080808080808,143.273681640625,136.0,0.000152587890625,1100.4650000000038,142.99603174603175,148.90960693359375,143.0,0.0001373291015625,1074.1150000000416,141.89455782312925,148.896728515625,143.0,0.0001678466796875,961.390000000174,110.33870967741936,114.56636047363281,111.0,0.0001068115234375,571.4650000000038,146.73561477661133,141.0,0.00026702880859375,1086.8570000000182,151.88845443725586,147.0,0.000232696533203125,1037.5710000000545,151.86423110961914,147.0,0.000255584716796875,997.4280000000726,116.53821182250977,113.0,0.00016021728515625,651.5710000000545,142.44529478458048,1.793556696806431,False,,1.9503132719323895,0.030635866666666667,2.2341048117016995,0.030458533333333333,2.1999125279824505,0.030449633333333333,1.247653468762223,0.0306611,2.217008669842075
Light_NGC 7000_120.0s_Bin1_20260906-031320_181deg_0036.fit,200,120.0,15,-20.0,-20.0,2026-09-06T01:11:19.775956,181.0,6728,NGC 7000,2026-09-06 01:11:19.775956,D,261.27723948333335,False,0.0,False,337.8,366.5999450683594,343.0,0.001007080078125,4039.3600000003935,360.8524590163934,389.7747039794922,370.0,0.0009613037109375,3905.345000000125,366.325,389.30662536621094,369.0,0.0007781982421875,3406.550000000265,233.2563025210084,249.29360961914062,237.0,0.0004730224609375,1969.835000000072,382.906192779541,367.0,0.0010223388671875,4095.0,403.654541015625,390.0,0.000911712646484375,3878.8530000005267,403.33283615112305,389.0,0.000865936279296875,3675.0,258.1857147216797,249.0,0.000560760498046875,2253.0,363.5887295081967,2.3579939123977685,False,,2.0537751106767,0.007658966666666667,2.2174230158992296,0.007614633333333333,2.258434300276508,0.007612408333333333,1.2541105186746977,0.007665275,2.237928658087869
Light_NGC 7000_30.0s_Bin1_20260906-031438_181deg_0037.fit,50,30.0,15,-20.0,-20.0,2026-09-06T01:14:07.792462,181.0,6728,NGC 7000,2026-09-06 01:14:07.792462,A,264.0775145833333,False,0.0,False,76.1134703196347,77.76078796386719,76.0,3.0517578125e-05,248.93000000000757,77.24193548387096,78.65628051757812,77.0,1.52587890625e-05,225.46500000000378,77.26643356643356,78.7188720703125,78.0,3.0517578125e-05,240.0,71.8627419866709,72.64540100097656,72.0,1.52587890625e-05,158.93000000000757,78.5765609741211,77.0,6.866455078125e-05,246.0,79.39305877685547,78.0,5.340576171875e-05,232.0,79.4422378540039,78.0,6.866455078125e-05,240.85700000001816,73.19448852539062,72.0,4.1961669921875e-05,165.85700000001816,77.25418452515225,1.4620062692491675,False,,2.0320915100620964,0.18049426666666665,2.224293605208247,0.17956753333333333,2.223968455567973,0.17918689999999998,1.2655335627380901,0.18059046666666667,2.2241310303881097
Light_NGC 7000_120.0s_Bin1_20260906-031726_181deg_0037.fit,50,120.0,15,-20.0,-20.0,2026-09-06T01:15:25.786146,181.0,6728,NGC 7000,2026-09-06 01:15:25.786146,B,265.3774093166667,False,0.0,False,109.7986301369863,115.86167907714844,111.0,0.0001373291015625,739.4650000000038,114.34431977559608,119.79803466796875,115.0,0.0001068115234375,737.3700000000681,114.43818984547461,119.71199035644531,115.0,7.62939453125e-05,717.695000000087,92.914265129683,96.04200744628906,93.0,3.0517578125e-05,454.86000000001513,118.78196716308594,115.0,0.000186920166015625,804.2850000000908,122.32387924194336,119.0,0.000194549560546875,728.7140000000363,122.3268051147461,119.0,0.0001678466796875,757.7140000000363,97.89617538452148,95.0,0.0001220703125,468.85700000001816,114.39125481053534,1.659098579114073,False,,2.02801743221111,0.04512356666666666,2.2216693083146852,0.044891883333333334,2.221165057691218,0.044796724999999996,1.266809487794695,0.04514761666666667,2.2214171830029517
Light_NGC 7000_30.0s_Bin1_20260906-031818_181deg_0037.fit,200,30.0,15,-20.0,-20.0,2026-09-06T01:17:47.784360,181.0,6728,NGC 7000,2026-09-06 01:17:47.784360,C,267.7440462166667,False,0.0,False,134.64563106796118,143.03514099121094,136.0,0.0002288818359375,1178.7900000000227,140.73711340206185,148.54595947265625,142.0,0.0001983642578125,1005.7900000000227,141.8,148.60903930664062,142.0,0.000152587890625,1070.9750000000568,110.32113821138212,114.10995483398438,111.0,6.103515625e-05,589.9300000000076,146.6922607421875,141.0,0.000286102294921875,1110.8570000000182,151.74048614501953,147.0,0.000255584716796875,997.0,151.71604537963867,147.0,0.0002593994140625,1034.8570000000182,116.43134307861328,113.0,0.000179290771484375,624.0,141.26855670103095,1.6318713928567394,False,,1.9912902833540498,0.030635866666666667,2.1653014720246144,0.030458533333333333,2.1970332769393672,0.030449633333333333,1.2471147082849086,0.0306611,2.1811673744819906
Light_NGC 7000_120.0s_Bin1_20260906-032050_181deg_0037.fit,200,120.0,15,-20.0,-20.0,2026-09-06T01:18:49.791985,181.0,6728,NGC 7000,2026-09-06 01:18:49.791985,D,268.7775066333333,False,0.0,False,338.14039408866995,362.2052764892578,337.0,0.0010833740234375,4095.0,363.96875,385.1985778808594,364.0,0.0009765625,3871.880000000121,358.843949044586,385.00746154785156,364.0,0.000946044921875,3710.9300000000076,230.01552795031057,249.4539794921875,237.0,0.00042724609375,2173.835000000072,377.7837944030762,361.0,0.0010528564453125,4095.0,398.08576583862305,384.0,0.000946044921875,3850.424000000581,397.93286895751953,383.0,0.00096893310546875,4017.56600000069,257.89013290405273,248.0,0.0006103515625,2364.7140000000363,361.406349522293,2.2646059812578057,False,,2.0563821776553532,0.007658966666666667,2.2411524290993667,0.007614633333333333,2.2014854856414234,0.007612408333333333,1.2292690903772916,0.007665275,2.221318957370395
Light_NGC 7000_30.0s_Bin1_20260906-032148_181deg_0038.fit,50,30.0,15,-20.0,-20.0,2026-09-06T01:21:17.792646,181.0,6728,NGC 7000,2026-09-06 01:21:17.792646,A,271.2441843166667,False,0.0,False,76.27513089005235,77.9283447265625,77.0,3.0517578125e-05,252.93000000000757,77.44143438772315,78.83613586425781,78.0,3.0517578125e-05,240.93000000000757,77.40284090909091,78.80526733398438,78.0,3.0517578125e-05,226.93000000000757,72.04520252579701,72.80389404296875,72.0,0.0,156.46500000000378,78.79539489746094,78.0,6.4849853515625e-05,246.0,79.57198715209961,78.0,6.103515625e-05,235.85700000001816,79.5854606628418,78.0,6.103515625e-05,218.0,73.42087936401367,73.0,4.57763671875e-05,163.0,77.42213764840703,1.5825072699019165,False,,2.0612703161685455,0.18049426666666665,2.260117131275688,0.17956753333333333,2.2484108644359813,0.17918689999999998,1.2984841966471263,0.18059046666666667,2.2542639978558343
Light_NGC 7000_120.0s_Bin1_20260906-032416_181deg_0038.fit,50,120.0,15,-20.0,-20.0,2026-09-06T01:22:15.796432,181.0,6728,NGC 7000,2026-09-06 01:22:15.796432,B,272.2109140833333,False,0.0,False,111.33333333333333,117.22079467773438,112.0,0.0001220703125,811.185000000034,115.53363914373088,120.83436584472656,116.0,0.0001068115234375,726.9050000000643,115.95216049382717,120.93017578125,116.0,0.0001373291015625,703.3250000000189,93.78869047619048,96.96757507324219,94.0,7.62939453125e-05,427.39500000001135,120.14284896850586,116.0,0.000202178955078125,757.142000000109,123.44331359863281,120.0,0.00017547607421875,721.7130000001634,123.45797348022461,120.0,0.00017547607421875,711.8570000000182,98.74984359741211,96.0,0.00011444091796875,475.85700000001816,115.74289981877902,1.9313979313973415,False,,2.0972687142050215,0.04512356666666666,2.2750600946350663,0.044891883333333334,2.2889859844835394,0.044796724999999996,1.3062877081424318,0.04514761666666667,2.282023039559303
Light_NGC 7000_30.0s_Bin1_20260906-032514_181deg_0038.fit,200,30.0,15,-20.0,-20.0,2026-09-06T01:24:43.780840,181.0,6728,NGC 7000,2026-09-06 01:24:43.780840,C,274.6773208833334,False,0.0,False,138.59803921568627,145.61154174804688,139.0,0.000244140625,1029.9300000000076,143.02311435523114,150.9434051513672,145.0,0.0001983642578125,944.7650000000795,143.05263157894737,150.72523498535156,145.0,0.0001373291015625,1035.3950000000114,112.01363636363637,116.10408020019531,113.0,4.57763671875e-05,585.3000000000757,149.9577178955078,145.0,0.000270843505859375,1101.7140000000363,154.58869552612305,150.0,0.0002288818359375,988.5710000000545,154.57605361938477,150.0,0.000247955322265625,1021.8570000000182,118.8303451538086,116.0,0.000171661376953125,619.5710000000545,143.03787296708924,1.8749776900523345,False,,2.112375732380003,0.030635866666666667,2.234929708256753,0.030458533333333333,2.2351754492200686,0.030449633333333333,1.2990085633809911,0.0306611,2.2350525787384106
Light_NGC 7000_120.0s_Bin1_20260906-032750_181deg_0038.fit,200,120.0,15,-20.0,-20.0,2026-09-06T01:25:49.803174,181.0,6728,NGC 7000,2026-09-06 01:25:49.803174,D,275.7776931166666,False,0.0,False,348.7037037037037,374.42413330078125,350.0,0.0010833740234375,4095.0,371.3,395.9112548828125,376.0,0.00091552734375,3752.2000000003027,370.0546218487395,395.6624298095703,375.0,0.0008544921875,3510.510000000053,242.98101265822785,257.8990783691406,246.0,0.00048828125,1893.6500000000378,388.3077163696289,372.0,0.001010894775390625,4095.0,408.0004005432129,394.0,0.00096893310546875,3955.284000000218,407.7129249572754,394.0,0.00093841552734375,3897.13200000138,265.71642684936523,256.0,0.000576019287109375,2302.285000000091,370.67731092436975,2.6613269513045847,False,,2.1372862138865765,0.007658966666666667,2.296977209724367,0.007614633333333333,2.286825704718035,0.007612408333333333,1.3286530961717729,0.007665275,2.2919014572212006
Light_NGC 7000_30.0s_Bin1_20260906-032858_181deg_0039.fit,50,30.0,15,-20.0,-20.0,2026-09-06T01:28:27.793725,181.0,6728,NGC 7000,2026-09-06 01:28:27.793725,A,278.41086896666667,False,0.0,False,76.55906432748537,78.20088195800781,77.0,1.52587890625e-05,249.0,77.71305732484076,79.10389709472656,78.0,3.0517578125e-05,225.46500000000378,77.65591210324381,79.11585998535156,78.0,1.52587890625e-05,231.46500000000378,72.24029748674987,73.04144287109375,72.0,0.0,154.0,79.02967071533203,78.0,7.2479248046875e-05,241.85700000001816,79.82250595092773,79.0,6.103515625e-05,228.85700000001816,79.87073135375977,79.0,5.7220458984375e-05,228.0,73.63587951660156,73.0,3.4332275390625e-05,161.0,77.68448471404228,1.7707329087869115,False,,2.1125186737401647,0.18049426666666665,2.308891792090653,0.17956753333333333,2.2937579071955363,0.17918689999999998,1.333716486689918,0.18059046666666667,2.3013248496430947
Light_NGC 7000_120.0s_Bin1_20260906-033148_181deg_0039.fit,50,120.0,15,-20.0,-20.0,2026-09-06T01:29:47.801481,181.0,6728,NGC 7000,2026-09-06 01:29:47.801481,B,279.7443315666667,False,0.0,False,112.06172839506173,118.128662109375,113.0,9.1552734375e-05,789.4400000000605,116.35167464114832,121.75657653808594,117.0,9.1552734375e-05,758.0450000000492,116.83243967828419,121.84930419921875,117.0,0.0001373291015625,710.185000000034,94.6241890639481,97.84634399414062,95.0,7.62939453125e-05,431.2550000000265,120.92899703979492,117.0,0.00017547607421875,820.8570000000182,124.30963516235352,121.0,0.00018310546875,724.4280000000726,124.37464141845703,121.0,0.000179290771484375,717.7140000000363,99.54188919067383,97.0,0.00012969970703125,494.85700000001816,116.59205715971626,2.102467252493896,False,,2.1301364973325945,0.04512356666666666,2.311783248747655,0.044891883333333334,2.328419609032885,0.044796724999999996,1.344008478108054,0.04514761666666667,2.32010142889027
Light_NGC 7000_30.0s_Bin1_20260906-033240_181deg_0039.fit,200,30.0,15,-20.0,-20.0,2026-09-06T01:32:09.795569,181.0,6728,NGC 7000,2026-09-06 01:32:09.795569,C,282.1108997,False,0.0,False,138.0366568914956,145.69793701171875,139.0,0.0001983642578125,1061.4650000000038,143.0759493670886,151.0017852783203,145.0,0.000152587890625,975.7650000000795,143.6764705882353,151.1488800048828,145.0,0.000152587890625,952.4400000000605,113.05737704918033,116.50732421875,113.0,9.1552734375e-05,590.4650000000038,150.06400299072266,145.0,0.000255584716796875,1121.2850000000908,154.90993118286133,150.0,0.000232696533203125,1040.5710000000545,154.81750869750977,150.0,0.000255584716796875,1016.8570000000182,119.11837768554688,116.0,0.0001678466796875,632.8570000000182,143.37620997766197,1.9214656240765917,False,,2.095177298347074,0.030635866666666667,2.236538985226581,0.030458533333333333,2.254171118311916,0.030449633333333333,1.3310108009145232,0.0306611,2.2453550517692484
Light_NGC 7000_120.0s_Bin1_20260906-033518_181deg_0039.fit,200,120.0,15,-20.0,-20.0,2026-09-06T01:33:17.795842,181.0,6728,NGC 7000,2026-09-06 01:33:17.795842,D,283.24423758333336,False,0.0,False,351.18027210884355,378.73463439941406,354.0,0.001068115234375,4095.0,373.7307692307692,402.74713134765625,382.0,0.00091552734375,3751.9050000000643,380.640127388535,402.4747619628906,382.0,0.0009002685546875,3798.6450000002005,247.4469696969697,262.1651611328125,250.0,0.0004119873046875,2208.5800000000454,394.5155715942383,378.0,0.001010894775390625,4095.0,415.8692855834961,401.0,0.00095367431640625,3876.142000000109,415.68981552124023,401.0,0.0009918212890625,4066.4280000000726,270.8254623413086,261.0,0.000637054443359375,2379.9960000005085,377.1854483096521,2.9398217551022308,False,,2.1562541687492627,0.007658966666666667,2.3154866261346227,0.007614633333333333,2.36740689530172,0.007612408333333333,1.362885885011914,0.007665275,2.3414467607181715
Light_NGC 7000_30.0s_Bin1_20260906-033612_181deg_0040.fit,50,30.0,15,-20.0,-20.0,2026-09-06T01:35:41.809991,181.0,6728,NGC 7000,2026-09-06 01:35:41.809991,A,285.6444734,False,0.0,False,76.91224169500393,78.51113891601562,77.0,3.0517578125e-05,259.4650000000038,78.07763631331304,79.45773315429688,78.0,3.0517578125e-05,231.86000000001513,78.0234375,79.48797607421875,78.0,0.0,223.46500000000378,72.4641016527457,73.33145141601562,73.0,0.0,155.93000000000757,79.43319702148438,78.0,5.7220458984375e-05,250.85700000001816,80.27024459838867,79.0,6.4849853515625e-05,225.85700000001816,80.28122329711914,79.0,5.340576171875e-05,232.85700000001816,73.92664337158203,73.0,4.57763671875e-05,171.0,78.05053690665652,2.033363663406675,False,,2.17626516369369,0.18049426666666665,2.374358341755781,0.17956753333333333,2.359613643711549,0.17918689999999998,1.374133385469049,0.18059046666666667,2.3669859927336647
Light_NGC 7000_120.0s_Bin1_20260906-033838_181deg_0040.fit,50,120.0,15,-20.0,-20.0,2026-09-06T01:36:37.806289,181.0,6728,NGC 7000,2026-09-06 01:36:37.806289,B,286.5777450333333,False,0.0,False,113.04237288135593,119.28492736816406,114.0,9.1552734375e-05,841.3250000000189,117.57536764705883,122.88676452636719,118.0,7.62939453125e-05,726.7900000000227,117.4651376146789,122.90882873535156,118.0,0.0001220703125,708.5550000001022,95.73396880415945,98.62161254882812,96.0,3.0517578125e-05,455.72000000003027,122.22138214111328,118.0,0.00019073486328125,781.5710000000545,125.39941787719727,122.0,0.000186920166015625,695.0,125.41275405883789,122.0,0.00018310546875,759.2850000000908,100.45055389404297,98.0,0.000118255615234375,463.7140000000363,117.52025263086887,2.289459416890327,False,,2.1743866741861892,0.04512356666666666,2.3667171324048057,0.044891883333333334,2.356762404497626,0.044796724999999996,1.394112388403549,0.04514761666666667,2.3617397684512156
Light_NGC 7000_30.0s_Bin1_20260906-033938_181deg_0040.fit,200,30.0,15,-20.0,-20.0,2026-09-06T01:39:07.807121,181.0,6728,NGC 7000,2026-09-06 01:39:07.807121,C,289.0777589,False,0.0,False,141.77272727272728,149.5118408203125,142.0,0.0002593994140625,1213.185000000034,147.32417582417582,154.83151245117188,149.0,0.0002288818359375,1037.4650000000038,149.0503875968992,154.79164123535156,149.0,0.0001983642578125,1066.0650000001551,114.5603448275862,118.70744323730469,115.0,9.1552734375e-05,597.3250000000189,153.2456932067871,148.0,0.000270843505859375,1149.142000000109,158.1782112121582,153.0,0.00025177001953125,1023.0,158.10022354125977,153.0,0.000263214111328125,1005.142000000109,121.14288711547852,118.0,0.000179290771484375,638.142000000109,148.18728171053752,2.5825129772032445,False,,2.2096350524037702,0.030635866666666667,2.3659337323773206,0.030458533333333333,2.4178049207894956,0.030449633333333333,1.3770934462650037,0.0306611,2.391869326583408
Light_NGC 7000_120.0s_Bin1_20260906-034206_181deg_0040.fit,200,120.0,15,-20.0,-20.0,2026-09-06T01:40:05.806605,181.0,6728,NGC 7000,2026-09-06 01:40:05.806605,D,290.0444169666667,False,0.0,False,351.1780487804878,384.01715087890625,359.0,0.0011138916015625,4095.0,383.421568627451,405.60227966308594,384.0,0.001007080078125,4069.855000000178,374.9942965779468,404.90040588378906,384.0,0.0009002685546875,3710.595000000314,250.8108108108108,264.45819091796875,252.0,0.0004730224609375,2106.715000000193,397.74926376342773,381.0,0.0010833740234375,4095.0,417.27562713623047,403.0,0.001018524169921875,4095.0,416.9865188598633,402.0,0.00095367431640625,3927.140000000363,272.358097076416,262.0,0.000591278076171875,2407.282000000472,379.20793260269886,3.0263674644244762,False,,2.156237140351497,0.007658966666666667,2.3892785102472427,0.007614633333333333,2.3244285257906085,0.007612408333333333,1.388670652205813,0.007665275,2.3568535180189256
